{
"type": "FeatureCollection",
"name": "predictions_with_tenure",
"crs": { "type": "name", "properties": { "name": "urn:ogc:def:crs:OGC:1.3:CRS84" } },
"features": [
{ "type": "Feature", "properties": { "patch_id": 0, "year": 2019, "predicted_prob": 3.187444e-12, "predicted_class": "not_clearcut", "longitude": 146.3853413367878, "latitude": -42.615095548252015, "in_ptpz": true, "in_reserve": false, "flagged": false }, "geometry": { "type": "Point", "coordinates": [ 146.385341336787803, -42.615095548252015 ] } },
{ "type": "Feature", "properties": { "patch_id": 1, "year": 2019, "predicted_prob": 3.2123526e-07, "predicted_class": "not_clearcut", "longitude": 146.41318911059551, "latitude": -42.649231529048564, "in_ptpz": true, "in_reserve": false, "flagged": false }, "geometry": { "type": "Point", "coordinates": [ 146.413189110595511, -42.649231529048564 ] } },
{ "type": "Feature", "properties": { "patch_id": 3, "year": 2019, "predicted_prob": 7.4278517e-13, "predicted_class": "not_clearcut", "longitude": 146.47337623463147, "latitude": -43.085812757130654, "in_ptpz": true, "in_reserve": false, "flagged": false }, "geometry": { "type": "Point", "coordinates": [ 146.473376234631473, -43.085812757130654 ] } },
{ "type": "Feature", "properties": { "patch_id": 7, "year": 2019, "predicted_prob": 2.3443953e-12, "predicted_class": "not_clearcut", "longitude": 146.39881606604956, "latitude": -42.680672563992744, "in_ptpz": true, "in_reserve": false, "flagged": false }, "geometry": { "type": "Point", "coordinates": [ 146.398816066049562, -42.680672563992744 ] } },
{ "type": "Feature", "properties": { "patch_id": 15, "year": 2019, "predicted_prob": 6.8157768e-13, "predicted_class": "not_clearcut", "longitude": 146.35569693241183, "latitude": -42.656418051321509, "in_ptpz": true, "in_reserve": false, "flagged": false }, "geometry": { "type": "Point", "coordinates": [ 146.355696932411831, -42.656418051321509 ] } },
{ "type": "Feature", "properties": { "patch_id": 19, "year": 2019, "predicted_prob": 1.1153834e-06, "predicted_class": "not_clearcut", "longitude": 146.37905312979893, "latitude": -42.92142106013678, "in_ptpz": true, "in_reserve": false, "flagged": false }, "geometry": { "type": "Point", "coordinates": [ 146.379053129798933, -42.92142106013678 ] } },
{ "type": "Feature", "properties": { "patch_id": 21, "year": 2019, "predicted_prob": 2.7074728e-11, "predicted_class": "not_clearcut", "longitude": 146.3314424197406, "latitude": -43.137915043609581, "in_ptpz": true, "in_reserve": false, "flagged": false }, "geometry": { "type": "Point", "coordinates": [ 146.331442419740597, -43.137915043609581 ] } },
{ "type": "Feature", "properties": { "patch_id": 23, "year": 2019, "predicted_prob": 3.0659697e-10, "predicted_class": "not_clearcut", "longitude": 145.62446829113856, "latitude": -42.951963779796841, "in_ptpz": true, "in_reserve": true, "flagged": false }, "geometry": { "type": "Point", "coordinates": [ 145.624468291138555, -42.951963779796841 ] } },
{ "type": "Feature", "properties": { "patch_id": 27, "year": 2019, "predicted_prob": 8.5226964e-11, "predicted_class": "not_clearcut", "longitude": 146.27844181797758, "latitude": -42.962743563206274, "in_ptpz": true, "in_reserve": false, "flagged": false }, "geometry": { "type": "Point", "coordinates": [ 146.27844181797758, -42.962743563206274 ] } },
{ "type": "Feature", "properties": { "patch_id": 29, "year": 2019, "predicted_prob": 2.9929832e-13, "predicted_class": "not_clearcut", "longitude": 146.30000138479642, "latitude": -42.633960169218525, "in_ptpz": true, "in_reserve": false, "flagged": false }, "geometry": { "type": "Point", "coordinates": [ 146.300001384796417, -42.633960169218525 ] } },
{ "type": "Feature", "properties": { "patch_id": 30, "year": 2019, "predicted_prob": 2.1324518e-12, "predicted_class": "not_clearcut", "longitude": 145.75472400733588, "latitude": -42.915132853147938, "in_ptpz": true, "in_reserve": false, "flagged": false }, "geometry": { "type": "Point", "coordinates": [ 145.754724007335881, -42.915132853147938 ] } },
{ "type": "Feature", "properties": { "patch_id": 31, "year": 2019, "predicted_prob": 2.8192596e-07, "predicted_class": "not_clearcut", "longitude": 146.36557840053715, "latitude": -43.121745368495425, "in_ptpz": true, "in_reserve": false, "flagged": false }, "geometry": { "type": "Point", "coordinates": [ 146.365578400537146, -43.121745368495425 ] } },
{ "type": "Feature", "properties": { "patch_id": 32, "year": 2019, "predicted_prob": 3.0732556e-06, "predicted_class": "not_clearcut", "longitude": 145.69004530687926, "latitude": -42.379736943812702, "in_ptpz": true, "in_reserve": false, "flagged": false }, "geometry": { "type": "Point", "coordinates": [ 145.690045306879256, -42.379736943812702 ] } },
{ "type": "Feature", "properties": { "patch_id": 33, "year": 2019, "predicted_prob": 4.4181846e-12, "predicted_class": "not_clearcut", "longitude": 146.40779921889077, "latitude": -42.670791095867429, "in_ptpz": true, "in_reserve": false, "flagged": false }, "geometry": { "type": "Point", "coordinates": [ 146.407799218890773, -42.670791095867429 ] } },
{ "type": "Feature", "properties": { "patch_id": 43, "year": 2019, "predicted_prob": 0.00037900751, "predicted_class": "not_clearcut", "longitude": 145.96852304495633, "latitude": -42.896268232181427, "in_ptpz": true, "in_reserve": false, "flagged": false }, "geometry": { "type": "Point", "coordinates": [ 145.968523044956328, -42.896268232181427 ] } },
{ "type": "Feature", "properties": { "patch_id": 46, "year": 2019, "predicted_prob": 4.1000704e-13, "predicted_class": "not_clearcut", "longitude": 146.32245926689939, "latitude": -42.577366306318993, "in_ptpz": true, "in_reserve": false, "flagged": false }, "geometry": { "type": "Point", "coordinates": [ 146.322459266899386, -42.577366306318993 ] } },
{ "type": "Feature", "properties": { "patch_id": 47, "year": 2019, "predicted_prob": 2.1773765e-10, "predicted_class": "not_clearcut", "longitude": 145.57595926579609, "latitude": -42.646536583196195, "in_ptpz": true, "in_reserve": true, "flagged": false }, "geometry": { "type": "Point", "coordinates": [ 145.575959265796087, -42.646536583196195 ] } },
{ "type": "Feature", "properties": { "patch_id": 51, "year": 2019, "predicted_prob": 3.3019681e-12, "predicted_class": "not_clearcut", "longitude": 146.29730643894408, "latitude": -42.621383755240856, "in_ptpz": true, "in_reserve": false, "flagged": false }, "geometry": { "type": "Point", "coordinates": [ 146.297306438944076, -42.621383755240856 ] } },
{ "type": "Feature", "properties": { "patch_id": 52, "year": 2019, "predicted_prob": 0.00010826553, "predicted_class": "not_clearcut", "longitude": 146.33503568087707, "latitude": -42.455195427678746, "in_ptpz": true, "in_reserve": false, "flagged": false }, "geometry": { "type": "Point", "coordinates": [ 146.33503568087707, -42.455195427678746 ] } },
{ "type": "Feature", "properties": { "patch_id": 55, "year": 2019, "predicted_prob": 1.0447326e-06, "predicted_class": "not_clearcut", "longitude": 145.58763736448964, "latitude": -42.608807341263187, "in_ptpz": true, "in_reserve": true, "flagged": false }, "geometry": { "type": "Point", "coordinates": [ 145.587637364489638, -42.608807341263187 ] } },
{ "type": "Feature", "properties": { "patch_id": 56, "year": 2019, "predicted_prob": 1.0835677e-08, "predicted_class": "not_clearcut", "longitude": 145.52206034874894, "latitude": -42.327634657333775, "in_ptpz": false, "in_reserve": true, "flagged": false }, "geometry": { "type": "Point", "coordinates": [ 145.522060348748937, -42.327634657333775 ] } },
{ "type": "Feature", "properties": { "patch_id": 57, "year": 2019, "predicted_prob": 9.329061e-13, "predicted_class": "not_clearcut", "longitude": 146.25867888172695, "latitude": -42.618688809388502, "in_ptpz": true, "in_reserve": false, "flagged": false }, "geometry": { "type": "Point", "coordinates": [ 146.258678881726951, -42.618688809388502 ] } },
{ "type": "Feature", "properties": { "patch_id": 64, "year": 2019, "predicted_prob": 3.9148434e-10, "predicted_class": "not_clearcut", "longitude": 145.62985818284324, "latitude": -42.782182191098237, "in_ptpz": true, "in_reserve": true, "flagged": false }, "geometry": { "type": "Point", "coordinates": [ 145.629858182843236, -42.782182191098237 ] } },
{ "type": "Feature", "properties": { "patch_id": 67, "year": 2019, "predicted_prob": 1.1641776e-09, "predicted_class": "not_clearcut", "longitude": 146.40779921889077, "latitude": -42.6968422391069, "in_ptpz": true, "in_reserve": false, "flagged": false }, "geometry": { "type": "Point", "coordinates": [ 146.407799218890773, -42.6968422391069 ] } },
{ "type": "Feature", "properties": { "patch_id": 68, "year": 2019, "predicted_prob": 1.4444145e-12, "predicted_class": "not_clearcut", "longitude": 145.7187913959711, "latitude": -42.820809748315384, "in_ptpz": true, "in_reserve": false, "flagged": false }, "geometry": { "type": "Point", "coordinates": [ 145.718791395971095, -42.820809748315384 ] } },
{ "type": "Feature", "properties": { "patch_id": 72, "year": 2019, "predicted_prob": 1.2301278e-13, "predicted_class": "not_clearcut", "longitude": 146.29281486252347, "latitude": -42.640248376207367, "in_ptpz": true, "in_reserve": false, "flagged": false }, "geometry": { "type": "Point", "coordinates": [ 146.292814862523471, -42.640248376207367 ] } },
{ "type": "Feature", "properties": { "patch_id": 75, "year": 2019, "predicted_prob": 4.194268e-09, "predicted_class": "not_clearcut", "longitude": 145.5211620334648, "latitude": -42.726486643482843, "in_ptpz": true, "in_reserve": true, "flagged": false }, "geometry": { "type": "Point", "coordinates": [ 145.521162033464805, -42.726486643482843 ] } },
{ "type": "Feature", "properties": { "patch_id": 77, "year": 2019, "predicted_prob": 3.7718075e-12, "predicted_class": "not_clearcut", "longitude": 145.7232829723917, "latitude": -42.920522744852661, "in_ptpz": true, "in_reserve": false, "flagged": false }, "geometry": { "type": "Point", "coordinates": [ 145.723282972391701, -42.920522744852661 ] } },
{ "type": "Feature", "properties": { "patch_id": 80, "year": 2019, "predicted_prob": 1.3938353e-09, "predicted_class": "not_clearcut", "longitude": 145.5615862212502, "latitude": -42.613298917683778, "in_ptpz": true, "in_reserve": false, "flagged": false }, "geometry": { "type": "Point", "coordinates": [ 145.561586221250195, -42.613298917683778 ] } },
{ "type": "Feature", "properties": { "patch_id": 90, "year": 2019, "predicted_prob": 1.3837698e-12, "predicted_class": "not_clearcut", "longitude": 146.32515421275178, "latitude": -42.943878942239763, "in_ptpz": true, "in_reserve": false, "flagged": false }, "geometry": { "type": "Point", "coordinates": [ 146.325154212751784, -42.943878942239763 ] } },
{ "type": "Feature", "properties": { "patch_id": 92, "year": 2019, "predicted_prob": 2.4448096e-10, "predicted_class": "not_clearcut", "longitude": 146.18232208257675, "latitude": -43.065151505595892, "in_ptpz": true, "in_reserve": false, "flagged": false }, "geometry": { "type": "Point", "coordinates": [ 146.182322082576746, -43.065151505595892 ] } },
{ "type": "Feature", "properties": { "patch_id": 93, "year": 2019, "predicted_prob": 2.022796e-12, "predicted_class": "not_clearcut", "longitude": 145.64423122738918, "latitude": -42.793860289791809, "in_ptpz": true, "in_reserve": true, "flagged": false }, "geometry": { "type": "Point", "coordinates": [ 145.644231227389184, -42.793860289791809 ] } },
{ "type": "Feature", "properties": { "patch_id": 97, "year": 2019, "predicted_prob": 1.26339e-12, "predicted_class": "not_clearcut", "longitude": 146.3808497603672, "latitude": -42.691452347402176, "in_ptpz": true, "in_reserve": false, "flagged": false }, "geometry": { "type": "Point", "coordinates": [ 146.380849760367198, -42.691452347402176 ] } },
{ "type": "Feature", "properties": { "patch_id": 98, "year": 2019, "predicted_prob": 5.9013294e-10, "predicted_class": "not_clearcut", "longitude": 145.53284013215836, "latitude": -42.586349459160189, "in_ptpz": true, "in_reserve": false, "flagged": false }, "geometry": { "type": "Point", "coordinates": [ 145.532840132158356, -42.586349459160189 ] } },
{ "type": "Feature", "properties": { "patch_id": 100, "year": 2019, "predicted_prob": 8.9840548e-12, "predicted_class": "not_clearcut", "longitude": 146.33773062672947, "latitude": -42.624977016377329, "in_ptpz": true, "in_reserve": false, "flagged": false }, "geometry": { "type": "Point", "coordinates": [ 146.337730626729467, -42.624977016377329 ] } },
{ "type": "Feature", "properties": { "patch_id": 102, "year": 2019, "predicted_prob": 1.4887189e-07, "predicted_class": "not_clearcut", "longitude": 146.469782973495, "latitude": -43.051676776334105, "in_ptpz": true, "in_reserve": false, "flagged": false }, "geometry": { "type": "Point", "coordinates": [ 146.469782973495001, -43.051676776334105 ] } },
{ "type": "Feature", "properties": { "patch_id": 103, "year": 2019, "predicted_prob": 1.9442098e-12, "predicted_class": "not_clearcut", "longitude": 145.76101221432469, "latitude": -42.92142106013678, "in_ptpz": true, "in_reserve": false, "flagged": false }, "geometry": { "type": "Point", "coordinates": [ 145.761012214324694, -42.92142106013678 ] } },
{ "type": "Feature", "properties": { "patch_id": 105, "year": 2019, "predicted_prob": 7.7822471e-12, "predicted_class": "not_clearcut", "longitude": 146.43385036213022, "latitude": -43.168457763269643, "in_ptpz": true, "in_reserve": false, "flagged": false }, "geometry": { "type": "Point", "coordinates": [ 146.433850362130215, -43.168457763269643 ] } },
{ "type": "Feature", "properties": { "patch_id": 106, "year": 2019, "predicted_prob": 4.4847081e-11, "predicted_class": "not_clearcut", "longitude": 145.61638345358148, "latitude": -42.820809748315384, "in_ptpz": true, "in_reserve": true, "flagged": false }, "geometry": { "type": "Point", "coordinates": [ 145.616383453581477, -42.820809748315384 ] } },
{ "type": "Feature", "properties": { "patch_id": 107, "year": 2019, "predicted_prob": 7.5879346e-12, "predicted_class": "not_clearcut", "longitude": 145.62536660642269, "latitude": -42.827996270588343, "in_ptpz": true, "in_reserve": true, "flagged": false }, "geometry": { "type": "Point", "coordinates": [ 145.625366606422688, -42.827996270588343 ] } },
{ "type": "Feature", "properties": { "patch_id": 109, "year": 2019, "predicted_prob": 3.1655706e-13, "predicted_class": "not_clearcut", "longitude": 146.48595264860916, "latitude": -43.19630553707735, "in_ptpz": true, "in_reserve": false, "flagged": false }, "geometry": { "type": "Point", "coordinates": [ 146.485952648609157, -43.19630553707735 ] } },
{ "type": "Feature", "properties": { "patch_id": 111, "year": 2019, "predicted_prob": 8.7157746e-11, "predicted_class": "not_clearcut", "longitude": 145.55170475312485, "latitude": -42.656418051321509, "in_ptpz": true, "in_reserve": false, "flagged": false }, "geometry": { "type": "Point", "coordinates": [ 145.551704753124852, -42.656418051321509 ] } },
{ "type": "Feature", "properties": { "patch_id": 112, "year": 2019, "predicted_prob": 1.2827772e-11, "predicted_class": "not_clearcut", "longitude": 145.70711329727754, "latitude": -42.800148496780643, "in_ptpz": true, "in_reserve": false, "flagged": false }, "geometry": { "type": "Point", "coordinates": [ 145.707113297277544, -42.800148496780643 ] } },
{ "type": "Feature", "properties": { "patch_id": 116, "year": 2019, "predicted_prob": 2.4373414e-10, "predicted_class": "not_clearcut", "longitude": 145.51487382647599, "latitude": -42.697740554391018, "in_ptpz": true, "in_reserve": true, "flagged": false }, "geometry": { "type": "Point", "coordinates": [ 145.514873826475991, -42.697740554391018 ] } },
{ "type": "Feature", "properties": { "patch_id": 122, "year": 2019, "predicted_prob": 3.1139207e-09, "predicted_class": "not_clearcut", "longitude": 145.612790192445, "latitude": -42.790267028655322, "in_ptpz": true, "in_reserve": true, "flagged": false }, "geometry": { "type": "Point", "coordinates": [ 145.612790192445004, -42.790267028655322 ] } },
{ "type": "Feature", "properties": { "patch_id": 123, "year": 2019, "predicted_prob": 1.2743535e-08, "predicted_class": "not_clearcut", "longitude": 145.56967105880727, "latitude": -42.6052140801267, "in_ptpz": true, "in_reserve": false, "flagged": false }, "geometry": { "type": "Point", "coordinates": [ 145.569671058807273, -42.6052140801267 ] } },
{ "type": "Feature", "properties": { "patch_id": 126, "year": 2019, "predicted_prob": 5.6840622e-13, "predicted_class": "not_clearcut", "longitude": 146.07811750961889, "latitude": -42.924116005989134, "in_ptpz": true, "in_reserve": false, "flagged": false }, "geometry": { "type": "Point", "coordinates": [ 146.078117509618892, -42.924116005989134 ] } },
{ "type": "Feature", "properties": { "patch_id": 127, "year": 2019, "predicted_prob": 1.8182964e-12, "predicted_class": "not_clearcut", "longitude": 146.30000138479642, "latitude": -42.497416246032358, "in_ptpz": true, "in_reserve": false, "flagged": false }, "geometry": { "type": "Point", "coordinates": [ 146.300001384796417, -42.497416246032358 ] } },
{ "type": "Feature", "properties": { "patch_id": 129, "year": 2019, "predicted_prob": 5.7823712e-07, "predicted_class": "not_clearcut", "longitude": 146.39612112019722, "latitude": -42.709418653084569, "in_ptpz": true, "in_reserve": false, "flagged": false }, "geometry": { "type": "Point", "coordinates": [ 146.396121120197222, -42.709418653084569 ] } },
{ "type": "Feature", "properties": { "patch_id": 134, "year": 2019, "predicted_prob": 1.4958246e-11, "predicted_class": "not_clearcut", "longitude": 146.44013856911909, "latitude": -43.155881349291974, "in_ptpz": true, "in_reserve": false, "flagged": false }, "geometry": { "type": "Point", "coordinates": [ 146.440138569119085, -43.155881349291974 ] } },
{ "type": "Feature", "properties": { "patch_id": 135, "year": 2019, "predicted_prob": 2.4938244e-13, "predicted_class": "not_clearcut", "longitude": 146.3125777987741, "latitude": -42.552213478363655, "in_ptpz": true, "in_reserve": false, "flagged": false }, "geometry": { "type": "Point", "coordinates": [ 146.3125777987741, -42.552213478363655 ] } },
{ "type": "Feature", "properties": { "patch_id": 145, "year": 2019, "predicted_prob": 1.1292843e-11, "predicted_class": "not_clearcut", "longitude": 145.54272160028364, "latitude": -42.614197232967896, "in_ptpz": true, "in_reserve": false, "flagged": false }, "geometry": { "type": "Point", "coordinates": [ 145.542721600283642, -42.614197232967896 ] } },
{ "type": "Feature", "properties": { "patch_id": 149, "year": 2019, "predicted_prob": 1.5054432e-09, "predicted_class": "not_clearcut", "longitude": 145.52834855573775, "latitude": -42.743554633881104, "in_ptpz": true, "in_reserve": true, "flagged": false }, "geometry": { "type": "Point", "coordinates": [ 145.52834855573775, -42.743554633881104 ] } },
{ "type": "Feature", "properties": { "patch_id": 150, "year": 2019, "predicted_prob": 9.2967014e-12, "predicted_class": "not_clearcut", "longitude": 145.650519434378, "latitude": -42.943878942239763, "in_ptpz": true, "in_reserve": true, "flagged": false }, "geometry": { "type": "Point", "coordinates": [ 145.650519434377998, -42.943878942239763 ] } },
{ "type": "Feature", "properties": { "patch_id": 151, "year": 2019, "predicted_prob": 2.0736851e-13, "predicted_class": "not_clearcut", "longitude": 146.32605252803592, "latitude": -42.555806739500127, "in_ptpz": true, "in_reserve": false, "flagged": false }, "geometry": { "type": "Point", "coordinates": [ 146.326052528035916, -42.555806739500127 ] } },
{ "type": "Feature", "properties": { "patch_id": 152, "year": 2019, "predicted_prob": 1.1096505e-09, "predicted_class": "not_clearcut", "longitude": 146.37456155337833, "latitude": -42.574671360466638, "in_ptpz": true, "in_reserve": false, "flagged": false }, "geometry": { "type": "Point", "coordinates": [ 146.374561553378328, -42.574671360466638 ] } },
{ "type": "Feature", "properties": { "patch_id": 157, "year": 2019, "predicted_prob": 4.878422e-11, "predicted_class": "not_clearcut", "longitude": 145.66579079420802, "latitude": -42.775893984109416, "in_ptpz": true, "in_reserve": true, "flagged": false }, "geometry": { "type": "Point", "coordinates": [ 145.665790794208021, -42.775893984109416 ] } },
{ "type": "Feature", "properties": { "patch_id": 163, "year": 2019, "predicted_prob": 2.0829871e-11, "predicted_class": "not_clearcut", "longitude": 146.25328899002221, "latitude": -42.486636462622926, "in_ptpz": true, "in_reserve": false, "flagged": false }, "geometry": { "type": "Point", "coordinates": [ 146.253288990022213, -42.486636462622926 ] } },
{ "type": "Feature", "properties": { "patch_id": 167, "year": 2019, "predicted_prob": 4.6912149e-13, "predicted_class": "not_clearcut", "longitude": 146.30898453763763, "latitude": -42.589942720296669, "in_ptpz": true, "in_reserve": false, "flagged": false }, "geometry": { "type": "Point", "coordinates": [ 146.308984537637627, -42.589942720296669 ] } },
{ "type": "Feature", "properties": { "patch_id": 170, "year": 2019, "predicted_prob": 9.5063358e-12, "predicted_class": "not_clearcut", "longitude": 145.71968971125523, "latitude": -42.827097955304225, "in_ptpz": true, "in_reserve": false, "flagged": false }, "geometry": { "type": "Point", "coordinates": [ 145.719689711255228, -42.827097955304225 ] } },
{ "type": "Feature", "properties": { "patch_id": 176, "year": 2019, "predicted_prob": 6.6452443e-12, "predicted_class": "not_clearcut", "longitude": 146.2164580633733, "latitude": -42.467771841656415, "in_ptpz": true, "in_reserve": false, "flagged": false }, "geometry": { "type": "Point", "coordinates": [ 146.216458063373295, -42.467771841656415 ] } },
{ "type": "Feature", "properties": { "patch_id": 178, "year": 2019, "predicted_prob": 2.4235063e-12, "predicted_class": "not_clearcut", "longitude": 145.58224747278496, "latitude": -42.830691216440698, "in_ptpz": true, "in_reserve": true, "flagged": false }, "geometry": { "type": "Point", "coordinates": [ 145.582247472784957, -42.830691216440698 ] } },
{ "type": "Feature", "properties": { "patch_id": 180, "year": 2019, "predicted_prob": 7.7293008e-09, "predicted_class": "not_clearcut", "longitude": 145.77628357415472, "latitude": -42.831589531724816, "in_ptpz": true, "in_reserve": false, "flagged": false }, "geometry": { "type": "Point", "coordinates": [ 145.776283574154718, -42.831589531724816 ] } },
{ "type": "Feature", "properties": { "patch_id": 181, "year": 2019, "predicted_prob": 4.0825478e-11, "predicted_class": "not_clearcut", "longitude": 146.30179801536468, "latitude": -42.697740554391018, "in_ptpz": true, "in_reserve": true, "flagged": false }, "geometry": { "type": "Point", "coordinates": [ 146.301798015364682, -42.697740554391018 ] } },
{ "type": "Feature", "properties": { "patch_id": 182, "year": 2019, "predicted_prob": 4.2366561e-13, "predicted_class": "not_clearcut", "longitude": 146.4886475944615, "latitude": -43.18911901480439, "in_ptpz": true, "in_reserve": false, "flagged": false }, "geometry": { "type": "Point", "coordinates": [ 146.488647594461497, -43.18911901480439 ] } },
{ "type": "Feature", "properties": { "patch_id": 183, "year": 2019, "predicted_prob": 0.00034559419, "predicted_class": "not_clearcut", "longitude": 145.80682629381482, "latitude": -42.93848905053504, "in_ptpz": true, "in_reserve": false, "flagged": false }, "geometry": { "type": "Point", "coordinates": [ 145.806826293814822, -42.93848905053504 ] } },
{ "type": "Feature", "properties": { "patch_id": 184, "year": 2019, "predicted_prob": 5.5361826e-12, "predicted_class": "not_clearcut", "longitude": 145.72957117938051, "latitude": -42.917827799000293, "in_ptpz": true, "in_reserve": false, "flagged": false }, "geometry": { "type": "Point", "coordinates": [ 145.729571179380514, -42.917827799000293 ] } },
{ "type": "Feature", "properties": { "patch_id": 186, "year": 2019, "predicted_prob": 1.0472318e-11, "predicted_class": "not_clearcut", "longitude": 145.57056937409135, "latitude": -42.878301926499034, "in_ptpz": true, "in_reserve": true, "flagged": false }, "geometry": { "type": "Point", "coordinates": [ 145.570569374091349, -42.878301926499034 ] } },
{ "type": "Feature", "properties": { "patch_id": 190, "year": 2019, "predicted_prob": 1.2001947e-11, "predicted_class": "not_clearcut", "longitude": 145.69453688329986, "latitude": -42.812724910758305, "in_ptpz": true, "in_reserve": false, "flagged": false }, "geometry": { "type": "Point", "coordinates": [ 145.694536883299861, -42.812724910758305 ] } },
{ "type": "Feature", "properties": { "patch_id": 193, "year": 2019, "predicted_prob": 1.9197796e-11, "predicted_class": "not_clearcut", "longitude": 146.07632087905068, "latitude": -42.926810951841489, "in_ptpz": true, "in_reserve": false, "flagged": false }, "geometry": { "type": "Point", "coordinates": [ 146.076320879050684, -42.926810951841489 ] } },
{ "type": "Feature", "properties": { "patch_id": 195, "year": 2019, "predicted_prob": 7.2613589e-11, "predicted_class": "not_clearcut", "longitude": 146.43385036213022, "latitude": -43.151389772871369, "in_ptpz": true, "in_reserve": false, "flagged": false }, "geometry": { "type": "Point", "coordinates": [ 146.433850362130215, -43.151389772871369 ] } },
{ "type": "Feature", "properties": { "patch_id": 198, "year": 2019, "predicted_prob": 2.4548024e-08, "predicted_class": "not_clearcut", "longitude": 145.69184193744752, "latitude": -42.662706258310351, "in_ptpz": true, "in_reserve": false, "flagged": false }, "geometry": { "type": "Point", "coordinates": [ 145.691841937447521, -42.662706258310351 ] } },
{ "type": "Feature", "properties": { "patch_id": 199, "year": 2019, "predicted_prob": 2.5122012e-12, "predicted_class": "not_clearcut", "longitude": 146.29011991667113, "latitude": -42.514484236430633, "in_ptpz": true, "in_reserve": false, "flagged": false }, "geometry": { "type": "Point", "coordinates": [ 146.290119916671131, -42.514484236430633 ] } },
{ "type": "Feature", "properties": { "patch_id": 200, "year": 2019, "predicted_prob": 3.5727501e-09, "predicted_class": "not_clearcut", "longitude": 145.58584073392143, "latitude": -42.628570277513816, "in_ptpz": true, "in_reserve": true, "flagged": false }, "geometry": { "type": "Point", "coordinates": [ 145.58584073392143, -42.628570277513816 ] } },
{ "type": "Feature", "properties": { "patch_id": 202, "year": 2019, "predicted_prob": 1.7832413e-10, "predicted_class": "not_clearcut", "longitude": 146.41139248002725, "latitude": -43.006761012128123, "in_ptpz": true, "in_reserve": false, "flagged": false }, "geometry": { "type": "Point", "coordinates": [ 146.411392480027246, -43.006761012128123 ] } },
{ "type": "Feature", "properties": { "patch_id": 206, "year": 2019, "predicted_prob": 8.7678628e-11, "predicted_class": "not_clearcut", "longitude": 146.30359464593289, "latitude": -42.458788688815218, "in_ptpz": true, "in_reserve": false, "flagged": false }, "geometry": { "type": "Point", "coordinates": [ 146.30359464593289, -42.458788688815218 ] } },
{ "type": "Feature", "properties": { "patch_id": 209, "year": 2019, "predicted_prob": 3.114344e-08, "predicted_class": "not_clearcut", "longitude": 145.56068790596606, "latitude": -42.684265825129216, "in_ptpz": true, "in_reserve": false, "flagged": false }, "geometry": { "type": "Point", "coordinates": [ 145.560687905966063, -42.684265825129216 ] } },
{ "type": "Feature", "properties": { "patch_id": 213, "year": 2019, "predicted_prob": 0.00010665939, "predicted_class": "not_clearcut", "longitude": 145.60111209375145, "latitude": -42.843267630418381, "in_ptpz": true, "in_reserve": true, "flagged": false }, "geometry": { "type": "Point", "coordinates": [ 145.601112093751453, -42.843267630418381 ] } },
{ "type": "Feature", "properties": { "patch_id": 216, "year": 2019, "predicted_prob": 3.5329669e-12, "predicted_class": "not_clearcut", "longitude": 146.30359464593289, "latitude": -42.500111191884713, "in_ptpz": true, "in_reserve": false, "flagged": false }, "geometry": { "type": "Point", "coordinates": [ 146.30359464593289, -42.500111191884713 ] } },
{ "type": "Feature", "properties": { "patch_id": 217, "year": 2019, "predicted_prob": 2.0220719e-11, "predicted_class": "not_clearcut", "longitude": 145.70172340557281, "latitude": -42.825301324735989, "in_ptpz": true, "in_reserve": false, "flagged": false }, "geometry": { "type": "Point", "coordinates": [ 145.701723405572807, -42.825301324735989 ] } },
{ "type": "Feature", "properties": { "patch_id": 218, "year": 2019, "predicted_prob": 1.2046301e-11, "predicted_class": "not_clearcut", "longitude": 146.42935878570961, "latitude": -43.17025439383788, "in_ptpz": true, "in_reserve": false, "flagged": false }, "geometry": { "type": "Point", "coordinates": [ 146.42935878570961, -43.17025439383788 ] } },
{ "type": "Feature", "properties": { "patch_id": 222, "year": 2019, "predicted_prob": 3.4685419e-07, "predicted_class": "not_clearcut", "longitude": 146.06554109564121, "latitude": -42.65821468188976, "in_ptpz": true, "in_reserve": false, "flagged": false }, "geometry": { "type": "Point", "coordinates": [ 146.065541095641208, -42.65821468188976 ] } },
{ "type": "Feature", "properties": { "patch_id": 224, "year": 2019, "predicted_prob": 6.411592e-06, "predicted_class": "not_clearcut", "longitude": 146.37456155337833, "latitude": -43.158576295144329, "in_ptpz": true, "in_reserve": false, "flagged": false }, "geometry": { "type": "Point", "coordinates": [ 146.374561553378328, -43.158576295144329 ] } },
{ "type": "Feature", "properties": { "patch_id": 227, "year": 2019, "predicted_prob": 5.8439178e-12, "predicted_class": "not_clearcut", "longitude": 146.40510427303843, "latitude": -42.691452347402176, "in_ptpz": true, "in_reserve": false, "flagged": false }, "geometry": { "type": "Point", "coordinates": [ 146.405104273038432, -42.691452347402176 ] } },
{ "type": "Feature", "properties": { "patch_id": 229, "year": 2019, "predicted_prob": 5.2818694e-11, "predicted_class": "not_clearcut", "longitude": 146.33952725729768, "latitude": -42.937590735250922, "in_ptpz": true, "in_reserve": false, "flagged": false }, "geometry": { "type": "Point", "coordinates": [ 146.339527257297675, -42.937590735250922 ] } },
{ "type": "Feature", "properties": { "patch_id": 235, "year": 2019, "predicted_prob": 2.4894631e-12, "predicted_class": "not_clearcut", "longitude": 146.11405012098368, "latitude": -42.957353671501551, "in_ptpz": true, "in_reserve": false, "flagged": false }, "geometry": { "type": "Point", "coordinates": [ 146.114050120983677, -42.957353671501551 ] } },
{ "type": "Feature", "properties": { "patch_id": 237, "year": 2019, "predicted_prob": 1.8548461e-11, "predicted_class": "not_clearcut", "longitude": 145.73496107108525, "latitude": -42.909742961443214, "in_ptpz": true, "in_reserve": false, "flagged": false }, "geometry": { "type": "Point", "coordinates": [ 145.734961071085252, -42.909742961443214 ] } },
{ "type": "Feature", "properties": { "patch_id": 242, "year": 2019, "predicted_prob": 1.6060028e-06, "predicted_class": "not_clearcut", "longitude": 145.59123062562611, "latitude": -42.593535981433149, "in_ptpz": true, "in_reserve": true, "flagged": false }, "geometry": { "type": "Point", "coordinates": [ 145.59123062562611, -42.593535981433149 ] } },
{ "type": "Feature", "properties": { "patch_id": 244, "year": 2019, "predicted_prob": 6.4442722e-11, "predicted_class": "not_clearcut", "longitude": 145.70711329727754, "latitude": -42.907946330874978, "in_ptpz": true, "in_reserve": false, "flagged": false }, "geometry": { "type": "Point", "coordinates": [ 145.707113297277544, -42.907946330874978 ] } },
{ "type": "Feature", "properties": { "patch_id": 248, "year": 2019, "predicted_prob": 2.6841775e-13, "predicted_class": "not_clearcut", "longitude": 146.28562834025053, "latitude": -42.629468592797934, "in_ptpz": true, "in_reserve": false, "flagged": false }, "geometry": { "type": "Point", "coordinates": [ 146.285628340250526, -42.629468592797934 ] } },
{ "type": "Feature", "properties": { "patch_id": 253, "year": 2019, "predicted_prob": 5.5971161e-12, "predicted_class": "not_clearcut", "longitude": 146.39342617434488, "latitude": -43.004964381559887, "in_ptpz": true, "in_reserve": false, "flagged": false }, "geometry": { "type": "Point", "coordinates": [ 146.393426174344881, -43.004964381559887 ] } },
{ "type": "Feature", "properties": { "patch_id": 255, "year": 2019, "predicted_prob": 4.2860531e-11, "predicted_class": "not_clearcut", "longitude": 145.53823002386309, "latitude": -42.615095548252015, "in_ptpz": true, "in_reserve": false, "flagged": false }, "geometry": { "type": "Point", "coordinates": [ 145.538230023863093, -42.615095548252015 ] } },
{ "type": "Feature", "properties": { "patch_id": 261, "year": 2019, "predicted_prob": 3.696985e-12, "predicted_class": "not_clearcut", "longitude": 146.31437442934237, "latitude": -42.501009507168845, "in_ptpz": true, "in_reserve": false, "flagged": false }, "geometry": { "type": "Point", "coordinates": [ 146.314374429342365, -42.501009507168845 ] } },
{ "type": "Feature", "properties": { "patch_id": 263, "year": 2019, "predicted_prob": 2.0936919e-09, "predicted_class": "not_clearcut", "longitude": 145.59392557147851, "latitude": -42.889081709908467, "in_ptpz": true, "in_reserve": true, "flagged": false }, "geometry": { "type": "Point", "coordinates": [ 145.593925571478508, -42.889081709908467 ] } },
{ "type": "Feature", "properties": { "patch_id": 265, "year": 2019, "predicted_prob": 7.9155232e-13, "predicted_class": "not_clearcut", "longitude": 146.39073122849248, "latitude": -42.667197834730963, "in_ptpz": true, "in_reserve": false, "flagged": false }, "geometry": { "type": "Point", "coordinates": [ 146.390731228492484, -42.667197834730963 ] } },
{ "type": "Feature", "properties": { "patch_id": 268, "year": 2019, "predicted_prob": 5.8299188e-10, "predicted_class": "not_clearcut", "longitude": 146.4464267761079, "latitude": -43.123541999063661, "in_ptpz": true, "in_reserve": false, "flagged": false }, "geometry": { "type": "Point", "coordinates": [ 146.446426776107899, -43.123541999063661 ] } },
{ "type": "Feature", "properties": { "patch_id": 269, "year": 2019, "predicted_prob": 1.760184e-11, "predicted_class": "not_clearcut", "longitude": 146.41408742587959, "latitude": -42.661807943026233, "in_ptpz": true, "in_reserve": false, "flagged": false }, "geometry": { "type": "Point", "coordinates": [ 146.414087425879586, -42.661807943026233 ] } },
{ "type": "Feature", "properties": { "patch_id": 270, "year": 2019, "predicted_prob": 8.5419276e-12, "predicted_class": "not_clearcut", "longitude": 146.45181666781264, "latitude": -43.125338629631912, "in_ptpz": true, "in_reserve": false, "flagged": false }, "geometry": { "type": "Point", "coordinates": [ 146.451816667812636, -43.125338629631912 ] } },
{ "type": "Feature", "properties": { "patch_id": 274, "year": 2019, "predicted_prob": 3.8947642e-10, "predicted_class": "not_clearcut", "longitude": 145.55799296011372, "latitude": -42.613298917683778, "in_ptpz": true, "in_reserve": false, "flagged": false }, "geometry": { "type": "Point", "coordinates": [ 145.557992960113722, -42.613298917683778 ] } },
{ "type": "Feature", "properties": { "patch_id": 275, "year": 2019, "predicted_prob": 0.43157649, "predicted_class": "not_clearcut", "longitude": 145.78167346585946, "latitude": -42.540535379670104, "in_ptpz": true, "in_reserve": false, "flagged": false }, "geometry": { "type": "Point", "coordinates": [ 145.781673465859456, -42.540535379670104 ] } },
{ "type": "Feature", "properties": { "patch_id": 282, "year": 2019, "predicted_prob": 3.1076916e-12, "predicted_class": "not_clearcut", "longitude": 146.31347611405823, "latitude": -42.589942720296669, "in_ptpz": true, "in_reserve": false, "flagged": false }, "geometry": { "type": "Point", "coordinates": [ 146.313476114058233, -42.589942720296669 ] } },
{ "type": "Feature", "properties": { "patch_id": 283, "year": 2019, "predicted_prob": 4.5923625e-12, "predicted_class": "not_clearcut", "longitude": 146.32335758218352, "latitude": -42.511789290578278, "in_ptpz": true, "in_reserve": false, "flagged": false }, "geometry": { "type": "Point", "coordinates": [ 146.323357582183519, -42.511789290578278 ] } },
{ "type": "Feature", "properties": { "patch_id": 286, "year": 2019, "predicted_prob": 1.6392345e-06, "predicted_class": "not_clearcut", "longitude": 145.94696347813743, "latitude": -42.216243562102946, "in_ptpz": true, "in_reserve": false, "flagged": false }, "geometry": { "type": "Point", "coordinates": [ 145.946963478137434, -42.216243562102946 ] } },
{ "type": "Feature", "properties": { "patch_id": 287, "year": 2019, "predicted_prob": 1.2688708e-10, "predicted_class": "not_clearcut", "longitude": 146.28383170968226, "latitude": -42.685164140413335, "in_ptpz": true, "in_reserve": false, "flagged": false }, "geometry": { "type": "Point", "coordinates": [ 146.283831709682261, -42.685164140413335 ] } },
{ "type": "Feature", "properties": { "patch_id": 295, "year": 2019, "predicted_prob": 2.2103873e-10, "predicted_class": "not_clearcut", "longitude": 146.28742497081873, "latitude": -42.529755596260657, "in_ptpz": true, "in_reserve": false, "flagged": false }, "geometry": { "type": "Point", "coordinates": [ 146.287424970818734, -42.529755596260657 ] } },
{ "type": "Feature", "properties": { "patch_id": 301, "year": 2019, "predicted_prob": 1.8356552e-10, "predicted_class": "not_clearcut", "longitude": 146.25508562059048, "latitude": -42.962743563206274, "in_ptpz": true, "in_reserve": false, "flagged": false }, "geometry": { "type": "Point", "coordinates": [ 146.255085620590478, -42.962743563206274 ] } },
{ "type": "Feature", "properties": { "patch_id": 304, "year": 2019, "predicted_prob": 4.3629562e-12, "predicted_class": "not_clearcut", "longitude": 145.75202906148354, "latitude": -42.929505897693844, "in_ptpz": true, "in_reserve": false, "flagged": false }, "geometry": { "type": "Point", "coordinates": [ 145.75202906148354, -42.929505897693844 ] } },
{ "type": "Feature", "properties": { "patch_id": 308, "year": 2019, "predicted_prob": 1.2186254e-11, "predicted_class": "not_clearcut", "longitude": 146.26496708871576, "latitude": -42.447110590121667, "in_ptpz": true, "in_reserve": false, "flagged": false }, "geometry": { "type": "Point", "coordinates": [ 146.264967088715764, -42.447110590121667 ] } },
{ "type": "Feature", "properties": { "patch_id": 309, "year": 2019, "predicted_prob": 5.7778565e-10, "predicted_class": "not_clearcut", "longitude": 146.36288345468478, "latitude": -42.717503490641647, "in_ptpz": true, "in_reserve": true, "flagged": false }, "geometry": { "type": "Point", "coordinates": [ 146.362883454684777, -42.717503490641647 ] } },
{ "type": "Feature", "properties": { "patch_id": 312, "year": 2019, "predicted_prob": 2.8040066e-12, "predicted_class": "not_clearcut", "longitude": 146.33503568087707, "latitude": -42.507297714157673, "in_ptpz": true, "in_reserve": false, "flagged": false }, "geometry": { "type": "Point", "coordinates": [ 146.33503568087707, -42.507297714157673 ] } },
{ "type": "Feature", "properties": { "patch_id": 315, "year": 2019, "predicted_prob": 5.110207e-13, "predicted_class": "not_clearcut", "longitude": 146.32964578917239, "latitude": -42.546823586658931, "in_ptpz": true, "in_reserve": false, "flagged": false }, "geometry": { "type": "Point", "coordinates": [ 146.329645789172389, -42.546823586658931 ] } },
{ "type": "Feature", "properties": { "patch_id": 316, "year": 2019, "predicted_prob": 2.9960606e-10, "predicted_class": "not_clearcut", "longitude": 146.46079982065385, "latitude": -43.047185199913514, "in_ptpz": true, "in_reserve": false, "flagged": false }, "geometry": { "type": "Point", "coordinates": [ 146.460799820653847, -43.047185199913514 ] } },
{ "type": "Feature", "properties": { "patch_id": 317, "year": 2019, "predicted_prob": 1.4721097e-10, "predicted_class": "not_clearcut", "longitude": 145.612790192445, "latitude": -42.968133454910983, "in_ptpz": true, "in_reserve": true, "flagged": false }, "geometry": { "type": "Point", "coordinates": [ 145.612790192445004, -42.968133454910983 ] } },
{ "type": "Feature", "properties": { "patch_id": 318, "year": 2019, "predicted_prob": 1.018917e-10, "predicted_class": "not_clearcut", "longitude": 146.30988285292176, "latitude": -42.657316366605642, "in_ptpz": true, "in_reserve": false, "flagged": false }, "geometry": { "type": "Point", "coordinates": [ 146.30988285292176, -42.657316366605642 ] } },
{ "type": "Feature", "properties": { "patch_id": 319, "year": 2019, "predicted_prob": 9.5005124e-13, "predicted_class": "not_clearcut", "longitude": 146.31167948348997, "latitude": -42.673486041719784, "in_ptpz": true, "in_reserve": false, "flagged": false }, "geometry": { "type": "Point", "coordinates": [ 146.311679483489968, -42.673486041719784 ] } },
{ "type": "Feature", "properties": { "patch_id": 323, "year": 2019, "predicted_prob": 9.0982394e-10, "predicted_class": "not_clearcut", "longitude": 145.53104350159009, "latitude": -42.695045608538649, "in_ptpz": true, "in_reserve": true, "flagged": false }, "geometry": { "type": "Point", "coordinates": [ 145.531043501590091, -42.695045608538649 ] } },
{ "type": "Feature", "properties": { "patch_id": 325, "year": 2019, "predicted_prob": 7.7947524e-09, "predicted_class": "not_clearcut", "longitude": 145.69902845972047, "latitude": -42.834284477577185, "in_ptpz": true, "in_reserve": false, "flagged": false }, "geometry": { "type": "Point", "coordinates": [ 145.699028459720466, -42.834284477577185 ] } },
{ "type": "Feature", "properties": { "patch_id": 329, "year": 2019, "predicted_prob": 1.0576944e-11, "predicted_class": "not_clearcut", "longitude": 146.47157960406329, "latitude": -42.740859688028749, "in_ptpz": true, "in_reserve": false, "flagged": false }, "geometry": { "type": "Point", "coordinates": [ 146.471579604063294, -42.740859688028749 ] } },
{ "type": "Feature", "properties": { "patch_id": 331, "year": 2019, "predicted_prob": 1.0365287e-11, "predicted_class": "not_clearcut", "longitude": 145.67926552346984, "latitude": -42.783978821666494, "in_ptpz": true, "in_reserve": true, "flagged": false }, "geometry": { "type": "Point", "coordinates": [ 145.679265523469837, -42.783978821666494 ] } },
{ "type": "Feature", "properties": { "patch_id": 332, "year": 2019, "predicted_prob": 0.0024405676, "predicted_class": "not_clearcut", "longitude": 146.35839187826417, "latitude": -42.492026354327649, "in_ptpz": true, "in_reserve": false, "flagged": false }, "geometry": { "type": "Point", "coordinates": [ 146.358391878264172, -42.492026354327649 ] } },
{ "type": "Feature", "properties": { "patch_id": 333, "year": 2019, "predicted_prob": 2.116737e-08, "predicted_class": "not_clearcut", "longitude": 145.52565360988541, "latitude": -42.68965571683394, "in_ptpz": true, "in_reserve": true, "flagged": false }, "geometry": { "type": "Point", "coordinates": [ 145.52565360988541, -42.68965571683394 ] } },
{ "type": "Feature", "properties": { "patch_id": 335, "year": 2019, "predicted_prob": 2.771236e-10, "predicted_class": "not_clearcut", "longitude": 146.08350740132363, "latitude": -42.946573888092118, "in_ptpz": true, "in_reserve": false, "flagged": false }, "geometry": { "type": "Point", "coordinates": [ 146.083507401323629, -42.946573888092118 ] } },
{ "type": "Feature", "properties": { "patch_id": 339, "year": 2019, "predicted_prob": 0.00012147457, "predicted_class": "not_clearcut", "longitude": 146.45271498309677, "latitude": -42.677079302856271, "in_ptpz": true, "in_reserve": false, "flagged": false }, "geometry": { "type": "Point", "coordinates": [ 146.452714983096769, -42.677079302856271 ] } },
{ "type": "Feature", "properties": { "patch_id": 343, "year": 2019, "predicted_prob": 0.40746388, "predicted_class": "not_clearcut", "longitude": 146.02511690785587, "latitude": -42.598925873137873, "in_ptpz": true, "in_reserve": false, "flagged": false }, "geometry": { "type": "Point", "coordinates": [ 146.025116907855875, -42.598925873137873 ] } },
{ "type": "Feature", "properties": { "patch_id": 345, "year": 2019, "predicted_prob": 1.3729077e-11, "predicted_class": "not_clearcut", "longitude": 146.46708802764266, "latitude": -43.136118413041345, "in_ptpz": true, "in_reserve": false, "flagged": false }, "geometry": { "type": "Point", "coordinates": [ 146.46708802764266, -43.136118413041345 ] } },
{ "type": "Feature", "properties": { "patch_id": 347, "year": 2019, "predicted_prob": 2.2230045e-13, "predicted_class": "not_clearcut", "longitude": 146.24250920661279, "latitude": -42.949268833944473, "in_ptpz": true, "in_reserve": false, "flagged": false }, "geometry": { "type": "Point", "coordinates": [ 146.242509206612795, -42.949268833944473 ] } },
{ "type": "Feature", "properties": { "patch_id": 349, "year": 2019, "predicted_prob": 6.8524419e-10, "predicted_class": "not_clearcut", "longitude": 145.55350138369312, "latitude": -42.939387365819158, "in_ptpz": true, "in_reserve": true, "flagged": false }, "geometry": { "type": "Point", "coordinates": [ 145.553501383693117, -42.939387365819158 ] } },
{ "type": "Feature", "properties": { "patch_id": 352, "year": 2019, "predicted_prob": 7.5914458e-10, "predicted_class": "not_clearcut", "longitude": 145.54990812255664, "latitude": -42.780385560530007, "in_ptpz": true, "in_reserve": true, "flagged": false }, "geometry": { "type": "Point", "coordinates": [ 145.549908122556644, -42.780385560530007 ] } },
{ "type": "Feature", "properties": { "patch_id": 353, "year": 2019, "predicted_prob": 1.5678013e-12, "predicted_class": "not_clearcut", "longitude": 146.31796769047884, "latitude": -42.644739952627958, "in_ptpz": true, "in_reserve": false, "flagged": false }, "geometry": { "type": "Point", "coordinates": [ 146.317967690478838, -42.644739952627958 ] } },
{ "type": "Feature", "properties": { "patch_id": 354, "year": 2019, "predicted_prob": 2.7470501e-13, "predicted_class": "not_clearcut", "longitude": 146.29191654723934, "latitude": -42.96004861735392, "in_ptpz": true, "in_reserve": false, "flagged": false }, "geometry": { "type": "Point", "coordinates": [ 146.291916547239339, -42.96004861735392 ] } },
{ "type": "Feature", "properties": { "patch_id": 355, "year": 2019, "predicted_prob": 8.5322561e-08, "predicted_class": "not_clearcut", "longitude": 145.59662051733085, "latitude": -42.863030566669011, "in_ptpz": true, "in_reserve": true, "flagged": false }, "geometry": { "type": "Point", "coordinates": [ 145.596620517330848, -42.863030566669011 ] } },
{ "type": "Feature", "properties": { "patch_id": 356, "year": 2019, "predicted_prob": 3.1749447e-12, "predicted_class": "not_clearcut", "longitude": 146.33683231144531, "latitude": -42.511789290578278, "in_ptpz": true, "in_reserve": false, "flagged": false }, "geometry": { "type": "Point", "coordinates": [ 146.336832311445306, -42.511789290578278 ] } },
{ "type": "Feature", "properties": { "patch_id": 358, "year": 2019, "predicted_prob": 4.8780476e-12, "predicted_class": "not_clearcut", "longitude": 145.62446829113856, "latitude": -42.819013117747147, "in_ptpz": true, "in_reserve": true, "flagged": false }, "geometry": { "type": "Point", "coordinates": [ 145.624468291138555, -42.819013117747147 ] } },
{ "type": "Feature", "properties": { "patch_id": 363, "year": 2019, "predicted_prob": 1.3279909e-10, "predicted_class": "not_clearcut", "longitude": 146.2631704581475, "latitude": -42.603417449558464, "in_ptpz": true, "in_reserve": false, "flagged": false }, "geometry": { "type": "Point", "coordinates": [ 146.263170458147499, -42.603417449558464 ] } },
{ "type": "Feature", "properties": { "patch_id": 366, "year": 2019, "predicted_prob": 2.177882e-11, "predicted_class": "not_clearcut", "longitude": 145.51307719590773, "latitude": -42.73546979632404, "in_ptpz": true, "in_reserve": true, "flagged": false }, "geometry": { "type": "Point", "coordinates": [ 145.513077195907726, -42.73546979632404 ] } },
{ "type": "Feature", "properties": { "patch_id": 372, "year": 2019, "predicted_prob": 4.8359706e-12, "predicted_class": "not_clearcut", "longitude": 145.72058802653936, "latitude": -42.788470398087085, "in_ptpz": true, "in_reserve": false, "flagged": false }, "geometry": { "type": "Point", "coordinates": [ 145.72058802653936, -42.788470398087085 ] } },
{ "type": "Feature", "properties": { "patch_id": 373, "year": 2019, "predicted_prob": 1.0829665e-06, "predicted_class": "not_clearcut", "longitude": 146.41318911059551, "latitude": -42.63665511507088, "in_ptpz": true, "in_reserve": false, "flagged": false }, "geometry": { "type": "Point", "coordinates": [ 146.413189110595511, -42.63665511507088 ] } },
{ "type": "Feature", "properties": { "patch_id": 375, "year": 2019, "predicted_prob": 9.3964482e-11, "predicted_class": "not_clearcut", "longitude": 145.55799296011372, "latitude": -42.903454754454387, "in_ptpz": true, "in_reserve": true, "flagged": false }, "geometry": { "type": "Point", "coordinates": [ 145.557992960113722, -42.903454754454387 ] } },
{ "type": "Feature", "properties": { "patch_id": 376, "year": 2019, "predicted_prob": 5.8156638e-06, "predicted_class": "not_clearcut", "longitude": 146.39073122849248, "latitude": -42.511789290578278, "in_ptpz": true, "in_reserve": false, "flagged": false }, "geometry": { "type": "Point", "coordinates": [ 146.390731228492484, -42.511789290578278 ] } },
{ "type": "Feature", "properties": { "patch_id": 380, "year": 2019, "predicted_prob": 1.0441722e-11, "predicted_class": "not_clearcut", "longitude": 146.08620234717597, "latitude": -42.935794104682685, "in_ptpz": true, "in_reserve": false, "flagged": false }, "geometry": { "type": "Point", "coordinates": [ 146.08620234717597, -42.935794104682685 ] } },
{ "type": "Feature", "properties": { "patch_id": 381, "year": 2019, "predicted_prob": 7.4067905e-12, "predicted_class": "not_clearcut", "longitude": 145.78975830341653, "latitude": -42.944777257523882, "in_ptpz": true, "in_reserve": false, "flagged": false }, "geometry": { "type": "Point", "coordinates": [ 145.789758303416534, -42.944777257523882 ] } },
{ "type": "Feature", "properties": { "patch_id": 382, "year": 2019, "predicted_prob": 5.8383224e-13, "predicted_class": "not_clearcut", "longitude": 146.26496708871576, "latitude": -42.61958712467262, "in_ptpz": true, "in_reserve": false, "flagged": false }, "geometry": { "type": "Point", "coordinates": [ 146.264967088715764, -42.61958712467262 ] } },
{ "type": "Feature", "properties": { "patch_id": 384, "year": 2019, "predicted_prob": 1.6989289e-09, "predicted_class": "not_clearcut", "longitude": 145.54990812255664, "latitude": -42.639350060923249, "in_ptpz": true, "in_reserve": false, "flagged": false }, "geometry": { "type": "Point", "coordinates": [ 145.549908122556644, -42.639350060923249 ] } },
{ "type": "Feature", "properties": { "patch_id": 392, "year": 2019, "predicted_prob": 0.0004003295, "predicted_class": "not_clearcut", "longitude": 145.74843580034707, "latitude": -42.382431889665057, "in_ptpz": true, "in_reserve": false, "flagged": false }, "geometry": { "type": "Point", "coordinates": [ 145.748435800347067, -42.382431889665057 ] } },
{ "type": "Feature", "properties": { "patch_id": 395, "year": 2019, "predicted_prob": 4.4851529e-11, "predicted_class": "not_clearcut", "longitude": 146.46439308179032, "latitude": -43.076829604289458, "in_ptpz": true, "in_reserve": false, "flagged": false }, "geometry": { "type": "Point", "coordinates": [ 146.46439308179032, -43.076829604289458 ] } },
{ "type": "Feature", "properties": { "patch_id": 396, "year": 2019, "predicted_prob": 1.7920398e-12, "predicted_class": "not_clearcut", "longitude": 146.29640812365994, "latitude": -42.522569073987711, "in_ptpz": true, "in_reserve": false, "flagged": false }, "geometry": { "type": "Point", "coordinates": [ 146.296408123659944, -42.522569073987711 ] } },
{ "type": "Feature", "properties": { "patch_id": 409, "year": 2019, "predicted_prob": 1.4357204e-13, "predicted_class": "not_clearcut", "longitude": 146.31347611405823, "latitude": -42.557603370068371, "in_ptpz": true, "in_reserve": false, "flagged": false }, "geometry": { "type": "Point", "coordinates": [ 146.313476114058233, -42.557603370068371 ] } },
{ "type": "Feature", "properties": { "patch_id": 411, "year": 2019, "predicted_prob": 1.4933238e-12, "predicted_class": "not_clearcut", "longitude": 146.31976432104705, "latitude": -42.64384163734384, "in_ptpz": true, "in_reserve": false, "flagged": false }, "geometry": { "type": "Point", "coordinates": [ 146.319764321047046, -42.64384163734384 ] } },
{ "type": "Feature", "properties": { "patch_id": 417, "year": 2019, "predicted_prob": 1.1673894e-11, "predicted_class": "not_clearcut", "longitude": 145.5633828518184, "latitude": -42.722893382346349, "in_ptpz": true, "in_reserve": true, "flagged": false }, "geometry": { "type": "Point", "coordinates": [ 145.563382851818403, -42.722893382346349 ] } },
{ "type": "Feature", "properties": { "patch_id": 419, "year": 2019, "predicted_prob": 1.9701888e-11, "predicted_class": "not_clearcut", "longitude": 146.47427454991561, "latitude": -43.082219495994167, "in_ptpz": true, "in_reserve": false, "flagged": false }, "geometry": { "type": "Point", "coordinates": [ 146.474274549915606, -43.082219495994167 ] } },
{ "type": "Feature", "properties": { "patch_id": 423, "year": 2019, "predicted_prob": 6.7410525e-08, "predicted_class": "not_clearcut", "longitude": 146.2164580633733, "latitude": -42.448907220689904, "in_ptpz": true, "in_reserve": false, "flagged": false }, "geometry": { "type": "Point", "coordinates": [ 146.216458063373295, -42.448907220689904 ] } },
{ "type": "Feature", "properties": { "patch_id": 424, "year": 2019, "predicted_prob": 0.017362025, "predicted_class": "not_clearcut", "longitude": 146.35569693241183, "latitude": -42.267447533297769, "in_ptpz": true, "in_reserve": true, "flagged": false }, "geometry": { "type": "Point", "coordinates": [ 146.355696932411831, -42.267447533297769 ] } },
{ "type": "Feature", "properties": { "patch_id": 425, "year": 2019, "predicted_prob": 4.1816413e-08, "predicted_class": "not_clearcut", "longitude": 145.57595926579609, "latitude": -42.919624429568529, "in_ptpz": true, "in_reserve": true, "flagged": false }, "geometry": { "type": "Point", "coordinates": [ 145.575959265796087, -42.919624429568529 ] } },
{ "type": "Feature", "properties": { "patch_id": 426, "year": 2019, "predicted_prob": 1.3721532e-08, "predicted_class": "not_clearcut", "longitude": 145.92181065018212, "latitude": -43.007659327412242, "in_ptpz": true, "in_reserve": false, "flagged": false }, "geometry": { "type": "Point", "coordinates": [ 145.921810650182124, -43.007659327412242 ] } },
{ "type": "Feature", "properties": { "patch_id": 433, "year": 2019, "predicted_prob": 8.0241385e-08, "predicted_class": "not_clearcut", "longitude": 145.61638345358148, "latitude": -42.669892780583311, "in_ptpz": true, "in_reserve": true, "flagged": false }, "geometry": { "type": "Point", "coordinates": [ 145.616383453581477, -42.669892780583311 ] } },
{ "type": "Feature", "properties": { "patch_id": 434, "year": 2019, "predicted_prob": 9.8115138e-10, "predicted_class": "not_clearcut", "longitude": 145.57865421164843, "latitude": -42.946573888092118, "in_ptpz": true, "in_reserve": true, "flagged": false }, "geometry": { "type": "Point", "coordinates": [ 145.578654211648427, -42.946573888092118 ] } },
{ "type": "Feature", "properties": { "patch_id": 438, "year": 2019, "predicted_prob": 1.2591125e-06, "predicted_class": "not_clearcut", "longitude": 146.10506696814247, "latitude": -42.969031770195123, "in_ptpz": true, "in_reserve": false, "flagged": false }, "geometry": { "type": "Point", "coordinates": [ 146.105066968142467, -42.969031770195123 ] } },
{ "type": "Feature", "properties": { "patch_id": 440, "year": 2019, "predicted_prob": 1.1235335e-06, "predicted_class": "not_clearcut", "longitude": 146.39342617434488, "latitude": -43.125338629631912, "in_ptpz": true, "in_reserve": false, "flagged": false }, "geometry": { "type": "Point", "coordinates": [ 146.393426174344881, -43.125338629631912 ] } },
{ "type": "Feature", "properties": { "patch_id": 441, "year": 2019, "predicted_prob": 4.8471721e-12, "predicted_class": "not_clearcut", "longitude": 146.31167948348997, "latitude": -42.456992058246982, "in_ptpz": true, "in_reserve": false, "flagged": false }, "geometry": { "type": "Point", "coordinates": [ 146.311679483489968, -42.456992058246982 ] } },
{ "type": "Feature", "properties": { "patch_id": 442, "year": 2019, "predicted_prob": 4.426377e-11, "predicted_class": "not_clearcut", "longitude": 146.29730643894408, "latitude": -42.444415644269313, "in_ptpz": true, "in_reserve": false, "flagged": false }, "geometry": { "type": "Point", "coordinates": [ 146.297306438944076, -42.444415644269313 ] } },
{ "type": "Feature", "properties": { "patch_id": 444, "year": 2019, "predicted_prob": 1.0227289e-11, "predicted_class": "not_clearcut", "longitude": 145.59123062562611, "latitude": -42.863030566669011, "in_ptpz": true, "in_reserve": true, "flagged": false }, "geometry": { "type": "Point", "coordinates": [ 145.59123062562611, -42.863030566669011 ] } },
{ "type": "Feature", "properties": { "patch_id": 445, "year": 2019, "predicted_prob": 2.4550598e-08, "predicted_class": "not_clearcut", "longitude": 145.61728176886561, "latitude": -42.668994465299193, "in_ptpz": true, "in_reserve": true, "flagged": false }, "geometry": { "type": "Point", "coordinates": [ 145.61728176886561, -42.668994465299193 ] } },
{ "type": "Feature", "properties": { "patch_id": 447, "year": 2019, "predicted_prob": 4.9216447e-12, "predicted_class": "not_clearcut", "longitude": 146.33862894201354, "latitude": -42.587247774444307, "in_ptpz": true, "in_reserve": false, "flagged": false }, "geometry": { "type": "Point", "coordinates": [ 146.338628942013543, -42.587247774444307 ] } },
{ "type": "Feature", "properties": { "patch_id": 449, "year": 2019, "predicted_prob": 9.2951025e-09, "predicted_class": "not_clearcut", "longitude": 145.6972318291522, "latitude": -42.770504092404693, "in_ptpz": true, "in_reserve": false, "flagged": false }, "geometry": { "type": "Point", "coordinates": [ 145.697231829152201, -42.770504092404693 ] } },
{ "type": "Feature", "properties": { "patch_id": 452, "year": 2019, "predicted_prob": 9.5828501e-12, "predicted_class": "not_clearcut", "longitude": 146.4230705787208, "latitude": -42.668994465299193, "in_ptpz": true, "in_reserve": false, "flagged": false }, "geometry": { "type": "Point", "coordinates": [ 146.423070578720797, -42.668994465299193 ] } },
{ "type": "Feature", "properties": { "patch_id": 453, "year": 2019, "predicted_prob": 2.0909999e-11, "predicted_class": "not_clearcut", "longitude": 145.59572220204672, "latitude": -42.743554633881104, "in_ptpz": true, "in_reserve": true, "flagged": false }, "geometry": { "type": "Point", "coordinates": [ 145.595722202046716, -42.743554633881104 ] } },
{ "type": "Feature", "properties": { "patch_id": 454, "year": 2019, "predicted_prob": 2.056662e-08, "predicted_class": "not_clearcut", "longitude": 146.27125529570458, "latitude": -42.468670156940533, "in_ptpz": true, "in_reserve": false, "flagged": false }, "geometry": { "type": "Point", "coordinates": [ 146.271255295704577, -42.468670156940533 ] } },
{ "type": "Feature", "properties": { "patch_id": 455, "year": 2019, "predicted_prob": 1.3534182e-11, "predicted_class": "not_clearcut", "longitude": 146.3359339961612, "latitude": -42.603417449558464, "in_ptpz": true, "in_reserve": false, "flagged": false }, "geometry": { "type": "Point", "coordinates": [ 146.335933996161202, -42.603417449558464 ] } },
{ "type": "Feature", "properties": { "patch_id": 460, "year": 2019, "predicted_prob": 1.5105932e-11, "predicted_class": "not_clearcut", "longitude": 146.26047551229516, "latitude": -42.478551625065847, "in_ptpz": true, "in_reserve": false, "flagged": false }, "geometry": { "type": "Point", "coordinates": [ 146.260475512295159, -42.478551625065847 ] } },
{ "type": "Feature", "properties": { "patch_id": 467, "year": 2019, "predicted_prob": 5.3915716e-07, "predicted_class": "not_clearcut", "longitude": 145.76370716017709, "latitude": -42.840572684566013, "in_ptpz": true, "in_reserve": false, "flagged": false }, "geometry": { "type": "Point", "coordinates": [ 145.763707160177091, -42.840572684566013 ] } },
{ "type": "Feature", "properties": { "patch_id": 468, "year": 2019, "predicted_prob": 1.4289698e-09, "predicted_class": "not_clearcut", "longitude": 145.6082986160244, "latitude": -42.738164742176394, "in_ptpz": true, "in_reserve": true, "flagged": false }, "geometry": { "type": "Point", "coordinates": [ 145.608298616024399, -42.738164742176394 ] } },
{ "type": "Feature", "properties": { "patch_id": 469, "year": 2019, "predicted_prob": 1.6988203e-11, "predicted_class": "not_clearcut", "longitude": 145.64872280380979, "latitude": -42.826199640020107, "in_ptpz": true, "in_reserve": true, "flagged": false }, "geometry": { "type": "Point", "coordinates": [ 145.64872280380979, -42.826199640020107 ] } },
{ "type": "Feature", "properties": { "patch_id": 476, "year": 2019, "predicted_prob": 0.00041160476, "predicted_class": "not_clearcut", "longitude": 146.26945866513637, "latitude": -42.586349459160189, "in_ptpz": true, "in_reserve": false, "flagged": false }, "geometry": { "type": "Point", "coordinates": [ 146.269458665136369, -42.586349459160189 ] } },
{ "type": "Feature", "properties": { "patch_id": 477, "year": 2019, "predicted_prob": 4.6562306e-11, "predicted_class": "not_clearcut", "longitude": 145.74574085449467, "latitude": -42.934895789398567, "in_ptpz": true, "in_reserve": false, "flagged": false }, "geometry": { "type": "Point", "coordinates": [ 145.74574085449467, -42.934895789398567 ] } },
{ "type": "Feature", "properties": { "patch_id": 481, "year": 2019, "predicted_prob": 3.6682465e-10, "predicted_class": "not_clearcut", "longitude": 145.64692617324152, "latitude": -42.845064260986618, "in_ptpz": true, "in_reserve": true, "flagged": false }, "geometry": { "type": "Point", "coordinates": [ 145.646926173241525, -42.845064260986618 ] } },
{ "type": "Feature", "properties": { "patch_id": 484, "year": 2019, "predicted_prob": 1.9855474e-10, "predicted_class": "not_clearcut", "longitude": 145.56967105880727, "latitude": -42.648333213764445, "in_ptpz": true, "in_reserve": false, "flagged": false }, "geometry": { "type": "Point", "coordinates": [ 145.569671058807273, -42.648333213764445 ] } },
{ "type": "Feature", "properties": { "patch_id": 486, "year": 2019, "predicted_prob": 9.984887e-12, "predicted_class": "not_clearcut", "longitude": 145.75652063790409, "latitude": -42.933099158830331, "in_ptpz": true, "in_reserve": false, "flagged": false }, "geometry": { "type": "Point", "coordinates": [ 145.756520637904089, -42.933099158830331 ] } },
{ "type": "Feature", "properties": { "patch_id": 490, "year": 2019, "predicted_prob": 4.9374975e-12, "predicted_class": "not_clearcut", "longitude": 146.29101823195521, "latitude": -42.576467991034875, "in_ptpz": true, "in_reserve": false, "flagged": false }, "geometry": { "type": "Point", "coordinates": [ 146.291018231955206, -42.576467991034875 ] } },
{ "type": "Feature", "properties": { "patch_id": 491, "year": 2019, "predicted_prob": 7.5293626e-11, "predicted_class": "not_clearcut", "longitude": 146.31347611405823, "latitude": -42.470466787508769, "in_ptpz": true, "in_reserve": false, "flagged": false }, "geometry": { "type": "Point", "coordinates": [ 146.313476114058233, -42.470466787508769 ] } },
{ "type": "Feature", "properties": { "patch_id": 493, "year": 2019, "predicted_prob": 0.00017135736, "predicted_class": "not_clearcut", "longitude": 146.16525409217849, "latitude": -43.055270037470578, "in_ptpz": true, "in_reserve": false, "flagged": false }, "geometry": { "type": "Point", "coordinates": [ 146.165254092178486, -43.055270037470578 ] } },
{ "type": "Feature", "properties": { "patch_id": 494, "year": 2019, "predicted_prob": 3.4225397e-07, "predicted_class": "not_clearcut", "longitude": 146.41139248002725, "latitude": -42.64384163734384, "in_ptpz": true, "in_reserve": false, "flagged": false }, "geometry": { "type": "Point", "coordinates": [ 146.411392480027246, -42.64384163734384 ] } },
{ "type": "Feature", "properties": { "patch_id": 495, "year": 2019, "predicted_prob": 3.9619062e-13, "predicted_class": "not_clearcut", "longitude": 146.38354470621954, "latitude": -42.672587726435665, "in_ptpz": true, "in_reserve": false, "flagged": false }, "geometry": { "type": "Point", "coordinates": [ 146.383544706219539, -42.672587726435665 ] } },
{ "type": "Feature", "properties": { "patch_id": 498, "year": 2019, "predicted_prob": 6.6065469e-12, "predicted_class": "not_clearcut", "longitude": 145.71699476540283, "latitude": -42.790267028655322, "in_ptpz": true, "in_reserve": false, "flagged": false }, "geometry": { "type": "Point", "coordinates": [ 145.716994765402831, -42.790267028655322 ] } },
{ "type": "Feature", "properties": { "patch_id": 500, "year": 2019, "predicted_prob": 1.4009996e-09, "predicted_class": "not_clearcut", "longitude": 145.62446829113856, "latitude": -42.732774850471671, "in_ptpz": true, "in_reserve": true, "flagged": false }, "geometry": { "type": "Point", "coordinates": [ 145.624468291138555, -42.732774850471671 ] } },
{ "type": "Feature", "properties": { "patch_id": 501, "year": 2019, "predicted_prob": 2.407981e-10, "predicted_class": "not_clearcut", "longitude": 145.55350138369312, "latitude": -42.616892178820251, "in_ptpz": true, "in_reserve": false, "flagged": false }, "geometry": { "type": "Point", "coordinates": [ 145.553501383693117, -42.616892178820251 ] } },
{ "type": "Feature", "properties": { "patch_id": 502, "year": 2019, "predicted_prob": 7.1310442e-09, "predicted_class": "not_clearcut", "longitude": 145.54900980727251, "latitude": -42.971726716047471, "in_ptpz": true, "in_reserve": true, "flagged": false }, "geometry": { "type": "Point", "coordinates": [ 145.549009807272512, -42.971726716047471 ] } },
{ "type": "Feature", "properties": { "patch_id": 506, "year": 2019, "predicted_prob": 3.2216202e-10, "predicted_class": "not_clearcut", "longitude": 146.29910306951228, "latitude": -42.463280265235824, "in_ptpz": true, "in_reserve": false, "flagged": false }, "geometry": { "type": "Point", "coordinates": [ 146.299103069512284, -42.463280265235824 ] } },
{ "type": "Feature", "properties": { "patch_id": 508, "year": 2019, "predicted_prob": 3.3741365e-10, "predicted_class": "not_clearcut", "longitude": 145.50229741249831, "latitude": -42.672587726435665, "in_ptpz": true, "in_reserve": false, "flagged": false }, "geometry": { "type": "Point", "coordinates": [ 145.502297412498308, -42.672587726435665 ] } },
{ "type": "Feature", "properties": { "patch_id": 510, "year": 2019, "predicted_prob": 1.5137933e-06, "predicted_class": "not_clearcut", "longitude": 146.28023844854579, "latitude": -42.432737545575762, "in_ptpz": true, "in_reserve": false, "flagged": false }, "geometry": { "type": "Point", "coordinates": [ 146.280238448545788, -42.432737545575762 ] } },
{ "type": "Feature", "properties": { "patch_id": 513, "year": 2019, "predicted_prob": 8.2457232e-09, "predicted_class": "not_clearcut", "longitude": 145.61728176886561, "latitude": -42.730978219903434, "in_ptpz": true, "in_reserve": true, "flagged": false }, "geometry": { "type": "Point", "coordinates": [ 145.61728176886561, -42.730978219903434 ] } },
{ "type": "Feature", "properties": { "patch_id": 518, "year": 2019, "predicted_prob": 5.6063474e-12, "predicted_class": "not_clearcut", "longitude": 145.64782448852566, "latitude": -42.768707461836456, "in_ptpz": true, "in_reserve": true, "flagged": false }, "geometry": { "type": "Point", "coordinates": [ 145.647824488525657, -42.768707461836456 ] } },
{ "type": "Feature", "properties": { "patch_id": 519, "year": 2019, "predicted_prob": 1.1777145e-12, "predicted_class": "not_clearcut", "longitude": 145.63434975926384, "latitude": -42.948370518660354, "in_ptpz": true, "in_reserve": true, "flagged": false }, "geometry": { "type": "Point", "coordinates": [ 145.634349759263841, -42.948370518660354 ] } },
{ "type": "Feature", "properties": { "patch_id": 523, "year": 2019, "predicted_prob": 8.3074001e-09, "predicted_class": "not_clearcut", "longitude": 145.52655192516954, "latitude": -42.680672563992744, "in_ptpz": true, "in_reserve": false, "flagged": false }, "geometry": { "type": "Point", "coordinates": [ 145.526551925169542, -42.680672563992744 ] } },
{ "type": "Feature", "properties": { "patch_id": 528, "year": 2019, "predicted_prob": 2.2767317e-06, "predicted_class": "not_clearcut", "longitude": 145.59033231034198, "latitude": -42.600722503706109, "in_ptpz": true, "in_reserve": true, "flagged": false }, "geometry": { "type": "Point", "coordinates": [ 145.590332310341978, -42.600722503706109 ] } },
{ "type": "Feature", "properties": { "patch_id": 531, "year": 2019, "predicted_prob": 3.352617e-12, "predicted_class": "not_clearcut", "longitude": 145.72058802653936, "latitude": -42.915132853147938, "in_ptpz": true, "in_reserve": false, "flagged": false }, "geometry": { "type": "Point", "coordinates": [ 145.72058802653936, -42.915132853147938 ] } },
{ "type": "Feature", "properties": { "patch_id": 533, "year": 2019, "predicted_prob": 2.0539766e-12, "predicted_class": "not_clearcut", "longitude": 146.4652913970744, "latitude": -43.084914441846522, "in_ptpz": true, "in_reserve": false, "flagged": false }, "geometry": { "type": "Point", "coordinates": [ 146.465291397074395, -43.084914441846522 ] } },
{ "type": "Feature", "properties": { "patch_id": 534, "year": 2019, "predicted_prob": 8.2649448e-10, "predicted_class": "not_clearcut", "longitude": 146.23891594547632, "latitude": -42.442619013701069, "in_ptpz": true, "in_reserve": false, "flagged": false }, "geometry": { "type": "Point", "coordinates": [ 146.238915945476322, -42.442619013701069 ] } },
{ "type": "Feature", "properties": { "patch_id": 541, "year": 2019, "predicted_prob": 4.8041932e-10, "predicted_class": "not_clearcut", "longitude": 145.76730042131356, "latitude": -42.939387365819158, "in_ptpz": true, "in_reserve": false, "flagged": false }, "geometry": { "type": "Point", "coordinates": [ 145.767300421313564, -42.939387365819158 ] } },
{ "type": "Feature", "properties": { "patch_id": 542, "year": 2019, "predicted_prob": 8.464081e-12, "predicted_class": "not_clearcut", "longitude": 146.33503568087707, "latitude": -42.680672563992744, "in_ptpz": true, "in_reserve": false, "flagged": false }, "geometry": { "type": "Point", "coordinates": [ 146.33503568087707, -42.680672563992744 ] } },
{ "type": "Feature", "properties": { "patch_id": 545, "year": 2019, "predicted_prob": 1.626488e-12, "predicted_class": "not_clearcut", "longitude": 146.37725649923073, "latitude": -42.660909627742114, "in_ptpz": true, "in_reserve": false, "flagged": false }, "geometry": { "type": "Point", "coordinates": [ 146.377256499230725, -42.660909627742114 ] } },
{ "type": "Feature", "properties": { "patch_id": 547, "year": 2019, "predicted_prob": 6.2585753e-10, "predicted_class": "not_clearcut", "longitude": 145.51936540289654, "latitude": -42.704028761379845, "in_ptpz": true, "in_reserve": true, "flagged": false }, "geometry": { "type": "Point", "coordinates": [ 145.51936540289654, -42.704028761379845 ] } },
{ "type": "Feature", "properties": { "patch_id": 549, "year": 2019, "predicted_prob": 0.017703274, "predicted_class": "not_clearcut", "longitude": 146.4230705787208, "latitude": -42.694147293254531, "in_ptpz": true, "in_reserve": false, "flagged": false }, "geometry": { "type": "Point", "coordinates": [ 146.423070578720797, -42.694147293254531 ] } },
{ "type": "Feature", "properties": { "patch_id": 553, "year": 2019, "predicted_prob": 1.3304578e-10, "predicted_class": "not_clearcut", "longitude": 146.19939007297506, "latitude": -42.501009507168845, "in_ptpz": true, "in_reserve": false, "flagged": false }, "geometry": { "type": "Point", "coordinates": [ 146.199390072975064, -42.501009507168845 ] } },
{ "type": "Feature", "properties": { "patch_id": 554, "year": 2019, "predicted_prob": 9.9699294e-12, "predicted_class": "not_clearcut", "longitude": 145.55080643784072, "latitude": -42.812724910758305, "in_ptpz": true, "in_reserve": true, "flagged": false }, "geometry": { "type": "Point", "coordinates": [ 145.55080643784072, -42.812724910758305 ] } },
{ "type": "Feature", "properties": { "patch_id": 555, "year": 2019, "predicted_prob": 2.4639646e-11, "predicted_class": "not_clearcut", "longitude": 146.31347611405823, "latitude": -42.453398797110509, "in_ptpz": true, "in_reserve": false, "flagged": false }, "geometry": { "type": "Point", "coordinates": [ 146.313476114058233, -42.453398797110509 ] } },
{ "type": "Feature", "properties": { "patch_id": 561, "year": 2019, "predicted_prob": 3.5417193e-11, "predicted_class": "not_clearcut", "longitude": 146.19669512712267, "latitude": -42.493822984895885, "in_ptpz": true, "in_reserve": false, "flagged": false }, "geometry": { "type": "Point", "coordinates": [ 146.196695127122666, -42.493822984895885 ] } },
{ "type": "Feature", "properties": { "patch_id": 562, "year": 2019, "predicted_prob": 0.40092355, "predicted_class": "not_clearcut", "longitude": 145.85623363444137, "latitude": -42.751639471438182, "in_ptpz": true, "in_reserve": false, "flagged": false }, "geometry": { "type": "Point", "coordinates": [ 145.856233634441367, -42.751639471438182 ] } },
{ "type": "Feature", "properties": { "patch_id": 569, "year": 2019, "predicted_prob": 1.036388e-08, "predicted_class": "not_clearcut", "longitude": 146.25508562059048, "latitude": -42.428245969155157, "in_ptpz": true, "in_reserve": false, "flagged": false }, "geometry": { "type": "Point", "coordinates": [ 146.255085620590478, -42.428245969155157 ] } },
{ "type": "Feature", "properties": { "patch_id": 571, "year": 2019, "predicted_prob": 6.8846458e-13, "predicted_class": "not_clearcut", "longitude": 146.289221601387, "latitude": -42.580061252171362, "in_ptpz": true, "in_reserve": false, "flagged": false }, "geometry": { "type": "Point", "coordinates": [ 146.289221601386998, -42.580061252171362 ] } },
{ "type": "Feature", "properties": { "patch_id": 574, "year": 2019, "predicted_prob": 4.1588525e-12, "predicted_class": "not_clearcut", "longitude": 146.43115541627787, "latitude": -43.167559447985525, "in_ptpz": true, "in_reserve": false, "flagged": false }, "geometry": { "type": "Point", "coordinates": [ 146.431155416277875, -43.167559447985525 ] } },
{ "type": "Feature", "properties": { "patch_id": 582, "year": 2019, "predicted_prob": 4.2882178e-12, "predicted_class": "not_clearcut", "longitude": 145.59123062562611, "latitude": -42.887285079340231, "in_ptpz": true, "in_reserve": true, "flagged": false }, "geometry": { "type": "Point", "coordinates": [ 145.59123062562611, -42.887285079340231 ] } },
{ "type": "Feature", "properties": { "patch_id": 585, "year": 2019, "predicted_prob": 2.1349782e-09, "predicted_class": "not_clearcut", "longitude": 146.37545986866246, "latitude": -42.930404212977976, "in_ptpz": true, "in_reserve": false, "flagged": false }, "geometry": { "type": "Point", "coordinates": [ 146.37545986866246, -42.930404212977976 ] } },
{ "type": "Feature", "properties": { "patch_id": 586, "year": 2019, "predicted_prob": 2.679053e-09, "predicted_class": "not_clearcut", "longitude": 145.58763736448964, "latitude": -42.897166547465545, "in_ptpz": true, "in_reserve": true, "flagged": false }, "geometry": { "type": "Point", "coordinates": [ 145.587637364489638, -42.897166547465545 ] } },
{ "type": "Feature", "properties": { "patch_id": 587, "year": 2019, "predicted_prob": 4.0579631e-10, "predicted_class": "not_clearcut", "longitude": 146.35300198655949, "latitude": -42.519874128135342, "in_ptpz": true, "in_reserve": false, "flagged": false }, "geometry": { "type": "Point", "coordinates": [ 146.353001986559491, -42.519874128135342 ] } },
{ "type": "Feature", "properties": { "patch_id": 588, "year": 2019, "predicted_prob": 8.4888659e-12, "predicted_class": "not_clearcut", "longitude": 146.4230705787208, "latitude": -43.168457763269643, "in_ptpz": true, "in_reserve": false, "flagged": false }, "geometry": { "type": "Point", "coordinates": [ 146.423070578720797, -43.168457763269643 ] } },
{ "type": "Feature", "properties": { "patch_id": 589, "year": 2019, "predicted_prob": 8.3971002e-10, "predicted_class": "not_clearcut", "longitude": 145.67746889290157, "latitude": -42.795656920360045, "in_ptpz": true, "in_reserve": true, "flagged": false }, "geometry": { "type": "Point", "coordinates": [ 145.677468892901572, -42.795656920360045 ] } },
{ "type": "Feature", "properties": { "patch_id": 590, "year": 2019, "predicted_prob": 1.6881998e-07, "predicted_class": "not_clearcut", "longitude": 146.22813616206685, "latitude": -42.660909627742114, "in_ptpz": true, "in_reserve": true, "flagged": false }, "geometry": { "type": "Point", "coordinates": [ 146.228136162066846, -42.660909627742114 ] } },
{ "type": "Feature", "properties": { "patch_id": 591, "year": 2019, "predicted_prob": 1.6557136e-08, "predicted_class": "not_clearcut", "longitude": 146.28203507911405, "latitude": -42.602519134274345, "in_ptpz": true, "in_reserve": false, "flagged": false }, "geometry": { "type": "Point", "coordinates": [ 146.282035079114053, -42.602519134274345 ] } },
{ "type": "Feature", "properties": { "patch_id": 592, "year": 2019, "predicted_prob": 9.5908002e-09, "predicted_class": "not_clearcut", "longitude": 145.56787442823901, "latitude": -42.604315764842582, "in_ptpz": true, "in_reserve": false, "flagged": false }, "geometry": { "type": "Point", "coordinates": [ 145.567874428239008, -42.604315764842582 ] } },
{ "type": "Feature", "properties": { "patch_id": 593, "year": 2019, "predicted_prob": 1.1945088e-10, "predicted_class": "not_clearcut", "longitude": 146.31078116820584, "latitude": -42.514484236430633, "in_ptpz": true, "in_reserve": false, "flagged": false }, "geometry": { "type": "Point", "coordinates": [ 146.310781168205835, -42.514484236430633 ] } },
{ "type": "Feature", "properties": { "patch_id": 594, "year": 2019, "predicted_prob": 3.3394479e-10, "predicted_class": "not_clearcut", "longitude": 145.59123062562611, "latitude": -42.771402407688811, "in_ptpz": true, "in_reserve": true, "flagged": false }, "geometry": { "type": "Point", "coordinates": [ 145.59123062562611, -42.771402407688811 ] } },
{ "type": "Feature", "properties": { "patch_id": 596, "year": 2019, "predicted_prob": 7.3546787e-11, "predicted_class": "not_clearcut", "longitude": 146.48595264860916, "latitude": -43.154983034007856, "in_ptpz": true, "in_reserve": false, "flagged": false }, "geometry": { "type": "Point", "coordinates": [ 146.485952648609157, -43.154983034007856 ] } },
{ "type": "Feature", "properties": { "patch_id": 598, "year": 2019, "predicted_prob": 1.1762919e-11, "predicted_class": "not_clearcut", "longitude": 145.64423122738918, "latitude": -43.008557642696374, "in_ptpz": true, "in_reserve": false, "flagged": false }, "geometry": { "type": "Point", "coordinates": [ 145.644231227389184, -43.008557642696374 ] } },
{ "type": "Feature", "properties": { "patch_id": 602, "year": 2019, "predicted_prob": 6.847065e-12, "predicted_class": "not_clearcut", "longitude": 145.5615862212502, "latitude": -42.891776655760829, "in_ptpz": true, "in_reserve": true, "flagged": false }, "geometry": { "type": "Point", "coordinates": [ 145.561586221250195, -42.891776655760829 ] } },
{ "type": "Feature", "properties": { "patch_id": 603, "year": 2019, "predicted_prob": 1.7635951e-07, "predicted_class": "not_clearcut", "longitude": 146.26137382757929, "latitude": -42.594434296717267, "in_ptpz": true, "in_reserve": false, "flagged": false }, "geometry": { "type": "Point", "coordinates": [ 146.261373827579291, -42.594434296717267 ] } },
{ "type": "Feature", "properties": { "patch_id": 604, "year": 2019, "predicted_prob": 0.011873395, "predicted_class": "not_clearcut", "longitude": 145.67028237062863, "latitude": -42.907946330874978, "in_ptpz": true, "in_reserve": false, "flagged": false }, "geometry": { "type": "Point", "coordinates": [ 145.670282370628627, -42.907946330874978 ] } },
{ "type": "Feature", "properties": { "patch_id": 607, "year": 2019, "predicted_prob": 7.0695942e-11, "predicted_class": "not_clearcut", "longitude": 145.55529801426133, "latitude": -42.810029964905951, "in_ptpz": true, "in_reserve": true, "flagged": false }, "geometry": { "type": "Point", "coordinates": [ 145.555298014261325, -42.810029964905951 ] } },
{ "type": "Feature", "properties": { "patch_id": 615, "year": 2019, "predicted_prob": 7.7285669e-12, "predicted_class": "not_clearcut", "longitude": 146.46708802764266, "latitude": -43.155881349291974, "in_ptpz": true, "in_reserve": false, "flagged": false }, "geometry": { "type": "Point", "coordinates": [ 146.46708802764266, -43.155881349291974 ] } },
{ "type": "Feature", "properties": { "patch_id": 618, "year": 2019, "predicted_prob": 8.0620302e-12, "predicted_class": "not_clearcut", "longitude": 146.37096829224186, "latitude": -42.586349459160189, "in_ptpz": true, "in_reserve": false, "flagged": false }, "geometry": { "type": "Point", "coordinates": [ 146.370968292241855, -42.586349459160189 ] } },
{ "type": "Feature", "properties": { "patch_id": 621, "year": 2019, "predicted_prob": 1.2988455e-09, "predicted_class": "not_clearcut", "longitude": 145.73406275580112, "latitude": -42.793860289791809, "in_ptpz": true, "in_reserve": false, "flagged": false }, "geometry": { "type": "Point", "coordinates": [ 145.734062755801119, -42.793860289791809 ] } },
{ "type": "Feature", "properties": { "patch_id": 622, "year": 2019, "predicted_prob": 8.8828432e-12, "predicted_class": "not_clearcut", "longitude": 145.62356997585442, "latitude": -42.99867617457106, "in_ptpz": true, "in_reserve": true, "flagged": false }, "geometry": { "type": "Point", "coordinates": [ 145.623569975854423, -42.99867617457106 ] } },
{ "type": "Feature", "properties": { "patch_id": 624, "year": 2019, "predicted_prob": 3.7351538e-07, "predicted_class": "not_clearcut", "longitude": 146.36378176996891, "latitude": -42.992387967582218, "in_ptpz": true, "in_reserve": false, "flagged": false }, "geometry": { "type": "Point", "coordinates": [ 146.363781769968909, -42.992387967582218 ] } },
{ "type": "Feature", "properties": { "patch_id": 625, "year": 2019, "predicted_prob": 3.4524706e-11, "predicted_class": "not_clearcut", "longitude": 146.37725649923073, "latitude": -42.593535981433149, "in_ptpz": true, "in_reserve": false, "flagged": false }, "geometry": { "type": "Point", "coordinates": [ 146.377256499230725, -42.593535981433149 ] } },
{ "type": "Feature", "properties": { "patch_id": 628, "year": 2019, "predicted_prob": 1.4601299e-10, "predicted_class": "not_clearcut", "longitude": 145.5633828518184, "latitude": -42.935794104682685, "in_ptpz": true, "in_reserve": true, "flagged": false }, "geometry": { "type": "Point", "coordinates": [ 145.563382851818403, -42.935794104682685 ] } },
{ "type": "Feature", "properties": { "patch_id": 629, "year": 2019, "predicted_prob": 8.2527247e-09, "predicted_class": "not_clearcut", "longitude": 145.5615862212502, "latitude": -42.704927076663971, "in_ptpz": true, "in_reserve": true, "flagged": false }, "geometry": { "type": "Point", "coordinates": [ 145.561586221250195, -42.704927076663971 ] } },
{ "type": "Feature", "properties": { "patch_id": 631, "year": 2019, "predicted_prob": 2.2347188e-11, "predicted_class": "not_clearcut", "longitude": 146.34581546428657, "latitude": -42.947472203376243, "in_ptpz": true, "in_reserve": false, "flagged": false }, "geometry": { "type": "Point", "coordinates": [ 146.345815464286574, -42.947472203376243 ] } },
{ "type": "Feature", "properties": { "patch_id": 632, "year": 2019, "predicted_prob": 1.4323856e-10, "predicted_class": "not_clearcut", "longitude": 145.56428116710254, "latitude": -42.934895789398567, "in_ptpz": true, "in_reserve": true, "flagged": false }, "geometry": { "type": "Point", "coordinates": [ 145.564281167102536, -42.934895789398567 ] } },
{ "type": "Feature", "properties": { "patch_id": 636, "year": 2019, "predicted_prob": 1.5831296e-12, "predicted_class": "not_clearcut", "longitude": 145.69902845972047, "latitude": -42.801046812064754, "in_ptpz": true, "in_reserve": false, "flagged": false }, "geometry": { "type": "Point", "coordinates": [ 145.699028459720466, -42.801046812064754 ] } },
{ "type": "Feature", "properties": { "patch_id": 637, "year": 2019, "predicted_prob": 1.065524e-12, "predicted_class": "not_clearcut", "longitude": 146.27754350269345, "latitude": -42.637553430355013, "in_ptpz": true, "in_reserve": false, "flagged": false }, "geometry": { "type": "Point", "coordinates": [ 146.277543502693447, -42.637553430355013 ] } },
{ "type": "Feature", "properties": { "patch_id": 642, "year": 2019, "predicted_prob": 0.67532092, "predicted_class": "clearcut", "longitude": 145.70890992784575, "latitude": -42.365363899266796, "in_ptpz": true, "in_reserve": false, "flagged": false }, "geometry": { "type": "Point", "coordinates": [ 145.708909927845752, -42.365363899266796 ] } },
{ "type": "Feature", "properties": { "patch_id": 643, "year": 2019, "predicted_prob": 1.5894106e-12, "predicted_class": "not_clearcut", "longitude": 146.4042059577543, "latitude": -42.650129844332682, "in_ptpz": true, "in_reserve": false, "flagged": false }, "geometry": { "type": "Point", "coordinates": [ 146.4042059577543, -42.650129844332682 ] } },
{ "type": "Feature", "properties": { "patch_id": 644, "year": 2019, "predicted_prob": 0.00023556328, "predicted_class": "not_clearcut", "longitude": 146.39971438133369, "latitude": -42.577366306318993, "in_ptpz": true, "in_reserve": false, "flagged": false }, "geometry": { "type": "Point", "coordinates": [ 146.399714381333695, -42.577366306318993 ] } },
{ "type": "Feature", "properties": { "patch_id": 646, "year": 2019, "predicted_prob": 5.9528313e-11, "predicted_class": "not_clearcut", "longitude": 145.60290872431966, "latitude": -42.765114200699983, "in_ptpz": true, "in_reserve": true, "flagged": false }, "geometry": { "type": "Point", "coordinates": [ 145.602908724319661, -42.765114200699983 ] } },
{ "type": "Feature", "properties": { "patch_id": 649, "year": 2019, "predicted_prob": 3.9272769e-12, "predicted_class": "not_clearcut", "longitude": 145.76101221432469, "latitude": -42.919624429568529, "in_ptpz": true, "in_reserve": false, "flagged": false }, "geometry": { "type": "Point", "coordinates": [ 145.761012214324694, -42.919624429568529 ] } },
{ "type": "Feature", "properties": { "patch_id": 650, "year": 2019, "predicted_prob": 5.1180886e-13, "predicted_class": "not_clearcut", "longitude": 146.35030704070709, "latitude": -42.581857882739598, "in_ptpz": true, "in_reserve": false, "flagged": false }, "geometry": { "type": "Point", "coordinates": [ 146.350307040707094, -42.581857882739598 ] } },
{ "type": "Feature", "properties": { "patch_id": 655, "year": 2019, "predicted_prob": 2.2555883e-13, "predicted_class": "not_clearcut", "longitude": 146.35210367127536, "latitude": -42.959150302069801, "in_ptpz": true, "in_reserve": false, "flagged": false }, "geometry": { "type": "Point", "coordinates": [ 146.352103671275358, -42.959150302069801 ] } },
{ "type": "Feature", "properties": { "patch_id": 660, "year": 2019, "predicted_prob": 2.5996757e-12, "predicted_class": "not_clearcut", "longitude": 146.31796769047884, "latitude": -42.639350060923249, "in_ptpz": true, "in_reserve": false, "flagged": false }, "geometry": { "type": "Point", "coordinates": [ 146.317967690478838, -42.639350060923249 ] } },
{ "type": "Feature", "properties": { "patch_id": 661, "year": 2019, "predicted_prob": 3.1694812e-12, "predicted_class": "not_clearcut", "longitude": 146.34851041013889, "latitude": -42.588146089728426, "in_ptpz": true, "in_reserve": false, "flagged": false }, "geometry": { "type": "Point", "coordinates": [ 146.348510410138886, -42.588146089728426 ] } },
{ "type": "Feature", "properties": { "patch_id": 664, "year": 2019, "predicted_prob": 3.2087907e-10, "predicted_class": "not_clearcut", "longitude": 146.43385036213022, "latitude": -42.67528267228802, "in_ptpz": true, "in_reserve": false, "flagged": false }, "geometry": { "type": "Point", "coordinates": [ 146.433850362130215, -42.67528267228802 ] } },
{ "type": "Feature", "properties": { "patch_id": 665, "year": 2019, "predicted_prob": 1.0249586e-08, "predicted_class": "not_clearcut", "longitude": 146.36468008525304, "latitude": -42.698638869675136, "in_ptpz": true, "in_reserve": false, "flagged": false }, "geometry": { "type": "Point", "coordinates": [ 146.364680085253042, -42.698638869675136 ] } },
{ "type": "Feature", "properties": { "patch_id": 666, "year": 2019, "predicted_prob": 1.6242956e-07, "predicted_class": "not_clearcut", "longitude": 145.612790192445, "latitude": -42.94028568110329, "in_ptpz": true, "in_reserve": true, "flagged": false }, "geometry": { "type": "Point", "coordinates": [ 145.612790192445004, -42.94028568110329 ] } },
{ "type": "Feature", "properties": { "patch_id": 672, "year": 2019, "predicted_prob": 4.7781896e-12, "predicted_class": "not_clearcut", "longitude": 145.57685758108022, "latitude": -42.748944525585827, "in_ptpz": true, "in_reserve": true, "flagged": false }, "geometry": { "type": "Point", "coordinates": [ 145.576857581080219, -42.748944525585827 ] } },
{ "type": "Feature", "properties": { "patch_id": 674, "year": 2019, "predicted_prob": 9.6424925e-12, "predicted_class": "not_clearcut", "longitude": 145.63255312869563, "latitude": -42.83697942342954, "in_ptpz": true, "in_reserve": true, "flagged": false }, "geometry": { "type": "Point", "coordinates": [ 145.632553128695633, -42.83697942342954 ] } },
{ "type": "Feature", "properties": { "patch_id": 677, "year": 2019, "predicted_prob": 5.8807528e-11, "predicted_class": "not_clearcut", "longitude": 146.19579681183853, "latitude": -42.492924669611767, "in_ptpz": true, "in_reserve": false, "flagged": false }, "geometry": { "type": "Point", "coordinates": [ 146.195796811838534, -42.492924669611767 ] } },
{ "type": "Feature", "properties": { "patch_id": 678, "year": 2019, "predicted_prob": 1.8430217e-11, "predicted_class": "not_clearcut", "longitude": 146.31437442934237, "latitude": -42.513585921146515, "in_ptpz": true, "in_reserve": false, "flagged": false }, "geometry": { "type": "Point", "coordinates": [ 146.314374429342365, -42.513585921146515 ] } },
{ "type": "Feature", "properties": { "patch_id": 680, "year": 2019, "predicted_prob": 1.6377541e-12, "predicted_class": "not_clearcut", "longitude": 145.76101221432469, "latitude": -42.933099158830331, "in_ptpz": true, "in_reserve": false, "flagged": false }, "geometry": { "type": "Point", "coordinates": [ 145.761012214324694, -42.933099158830331 ] } },
{ "type": "Feature", "properties": { "patch_id": 681, "year": 2019, "predicted_prob": 3.2970655e-12, "predicted_class": "not_clearcut", "longitude": 145.64872280380979, "latitude": -42.945675572808, "in_ptpz": true, "in_reserve": true, "flagged": false }, "geometry": { "type": "Point", "coordinates": [ 145.64872280380979, -42.945675572808 ] } },
{ "type": "Feature", "properties": { "patch_id": 686, "year": 2019, "predicted_prob": 7.8852688e-12, "predicted_class": "not_clearcut", "longitude": 145.55350138369312, "latitude": -42.72828327405108, "in_ptpz": true, "in_reserve": true, "flagged": false }, "geometry": { "type": "Point", "coordinates": [ 145.553501383693117, -42.72828327405108 ] } },
{ "type": "Feature", "properties": { "patch_id": 688, "year": 2019, "predicted_prob": 1.678489e-09, "predicted_class": "not_clearcut", "longitude": 146.32515421275178, "latitude": -42.471365102792888, "in_ptpz": true, "in_reserve": false, "flagged": false }, "geometry": { "type": "Point", "coordinates": [ 146.325154212751784, -42.471365102792888 ] } },
{ "type": "Feature", "properties": { "patch_id": 689, "year": 2019, "predicted_prob": 5.133502e-11, "predicted_class": "not_clearcut", "longitude": 145.56248453653427, "latitude": -42.935794104682685, "in_ptpz": true, "in_reserve": true, "flagged": false }, "geometry": { "type": "Point", "coordinates": [ 145.562484536534271, -42.935794104682685 ] } },
{ "type": "Feature", "properties": { "patch_id": 690, "year": 2019, "predicted_prob": 3.0252211e-13, "predicted_class": "not_clearcut", "longitude": 146.32245926689939, "latitude": -42.554908424216009, "in_ptpz": true, "in_reserve": false, "flagged": false }, "geometry": { "type": "Point", "coordinates": [ 146.322459266899386, -42.554908424216009 ] } },
{ "type": "Feature", "properties": { "patch_id": 691, "year": 2019, "predicted_prob": 1.0135957e-11, "predicted_class": "not_clearcut", "longitude": 146.30539127650115, "latitude": -42.662706258310351, "in_ptpz": true, "in_reserve": false, "flagged": false }, "geometry": { "type": "Point", "coordinates": [ 146.305391276501155, -42.662706258310351 ] } },
{ "type": "Feature", "properties": { "patch_id": 692, "year": 2019, "predicted_prob": 4.3798423e-11, "predicted_class": "not_clearcut", "longitude": 145.52565360988541, "latitude": -42.769605777120574, "in_ptpz": true, "in_reserve": true, "flagged": false }, "geometry": { "type": "Point", "coordinates": [ 145.52565360988541, -42.769605777120574 ] } },
{ "type": "Feature", "properties": { "patch_id": 693, "year": 2019, "predicted_prob": 6.0383936e-06, "predicted_class": "not_clearcut", "longitude": 145.59841714789906, "latitude": -42.841470999850131, "in_ptpz": true, "in_reserve": true, "flagged": false }, "geometry": { "type": "Point", "coordinates": [ 145.598417147899056, -42.841470999850131 ] } },
{ "type": "Feature", "properties": { "patch_id": 695, "year": 2019, "predicted_prob": 2.2788978e-12, "predicted_class": "not_clearcut", "longitude": 146.27125529570458, "latitude": -42.615095548252015, "in_ptpz": true, "in_reserve": false, "flagged": false }, "geometry": { "type": "Point", "coordinates": [ 146.271255295704577, -42.615095548252015 ] } },
{ "type": "Feature", "properties": { "patch_id": 697, "year": 2019, "predicted_prob": 2.3540187e-13, "predicted_class": "not_clearcut", "longitude": 146.30988285292176, "latitude": -42.585451143876071, "in_ptpz": true, "in_reserve": false, "flagged": false }, "geometry": { "type": "Point", "coordinates": [ 146.30988285292176, -42.585451143876071 ] } },
{ "type": "Feature", "properties": { "patch_id": 698, "year": 2019, "predicted_prob": 6.324645e-11, "predicted_class": "not_clearcut", "longitude": 145.64423122738918, "latitude": -42.779487245245889, "in_ptpz": true, "in_reserve": true, "flagged": false }, "geometry": { "type": "Point", "coordinates": [ 145.644231227389184, -42.779487245245889 ] } },
{ "type": "Feature", "properties": { "patch_id": 701, "year": 2019, "predicted_prob": 9.5463232e-13, "predicted_class": "not_clearcut", "longitude": 146.40510427303843, "latitude": -43.009455957980492, "in_ptpz": true, "in_reserve": false, "flagged": false }, "geometry": { "type": "Point", "coordinates": [ 146.405104273038432, -43.009455957980492 ] } },
{ "type": "Feature", "properties": { "patch_id": 703, "year": 2019, "predicted_prob": 3.1889761e-06, "predicted_class": "not_clearcut", "longitude": 145.9532516851263, "latitude": -42.218938507955315, "in_ptpz": true, "in_reserve": false, "flagged": false }, "geometry": { "type": "Point", "coordinates": [ 145.953251685126304, -42.218938507955315 ] } },
{ "type": "Feature", "properties": { "patch_id": 704, "year": 2019, "predicted_prob": 6.6274414e-10, "predicted_class": "not_clearcut", "longitude": 146.41408742587959, "latitude": -43.098389171108323, "in_ptpz": true, "in_reserve": false, "flagged": false }, "geometry": { "type": "Point", "coordinates": [ 146.414087425879586, -43.098389171108323 ] } },
{ "type": "Feature", "properties": { "patch_id": 709, "year": 2019, "predicted_prob": 9.8412667e-12, "predicted_class": "not_clearcut", "longitude": 146.2470007830334, "latitude": -42.429144284439275, "in_ptpz": true, "in_reserve": false, "flagged": false }, "geometry": { "type": "Point", "coordinates": [ 146.2470007830334, -42.429144284439275 ] } },
{ "type": "Feature", "properties": { "patch_id": 712, "year": 2019, "predicted_prob": 0.00043287443, "predicted_class": "not_clearcut", "longitude": 146.38174807565133, "latitude": -42.57377304518252, "in_ptpz": true, "in_reserve": false, "flagged": false }, "geometry": { "type": "Point", "coordinates": [ 146.381748075651331, -42.57377304518252 ] } },
{ "type": "Feature", "properties": { "patch_id": 716, "year": 2019, "predicted_prob": 7.9098788e-13, "predicted_class": "not_clearcut", "longitude": 146.41318911059551, "latitude": -43.01035427326461, "in_ptpz": true, "in_reserve": false, "flagged": false }, "geometry": { "type": "Point", "coordinates": [ 146.413189110595511, -43.01035427326461 ] } },
{ "type": "Feature", "properties": { "patch_id": 718, "year": 2019, "predicted_prob": 2.0858959e-05, "predicted_class": "not_clearcut", "longitude": 146.20567827996388, "latitude": -43.063354875027656, "in_ptpz": true, "in_reserve": false, "flagged": false }, "geometry": { "type": "Point", "coordinates": [ 146.205678279963877, -43.063354875027656 ] } },
{ "type": "Feature", "properties": { "patch_id": 719, "year": 2019, "predicted_prob": 1.4103775e-10, "predicted_class": "not_clearcut", "longitude": 145.55350138369312, "latitude": -42.942082311671527, "in_ptpz": true, "in_reserve": true, "flagged": false }, "geometry": { "type": "Point", "coordinates": [ 145.553501383693117, -42.942082311671527 ] } },
{ "type": "Feature", "properties": { "patch_id": 724, "year": 2019, "predicted_prob": 3.2817734e-05, "predicted_class": "not_clearcut", "longitude": 146.41049416474311, "latitude": -43.003167750991651, "in_ptpz": true, "in_reserve": false, "flagged": false }, "geometry": { "type": "Point", "coordinates": [ 146.410494164743113, -43.003167750991651 ] } },
{ "type": "Feature", "properties": { "patch_id": 726, "year": 2019, "predicted_prob": 3.3825461e-05, "predicted_class": "not_clearcut", "longitude": 145.59751883261498, "latitude": -42.634858484502637, "in_ptpz": true, "in_reserve": true, "flagged": false }, "geometry": { "type": "Point", "coordinates": [ 145.597518832614981, -42.634858484502637 ] } },
{ "type": "Feature", "properties": { "patch_id": 736, "year": 2019, "predicted_prob": 0.00021215361, "predicted_class": "not_clearcut", "longitude": 146.32605252803592, "latitude": -42.932200843546212, "in_ptpz": true, "in_reserve": false, "flagged": false }, "geometry": { "type": "Point", "coordinates": [ 146.326052528035916, -42.932200843546212 ] } },
{ "type": "Feature", "properties": { "patch_id": 737, "year": 2019, "predicted_prob": 2.1684108e-11, "predicted_class": "not_clearcut", "longitude": 146.43834193855082, "latitude": -43.104677378097151, "in_ptpz": true, "in_reserve": false, "flagged": false }, "geometry": { "type": "Point", "coordinates": [ 146.43834193855082, -43.104677378097151 ] } },
{ "type": "Feature", "properties": { "patch_id": 740, "year": 2019, "predicted_prob": 7.0771823e-13, "predicted_class": "not_clearcut", "longitude": 146.29101823195521, "latitude": -42.615993863536133, "in_ptpz": true, "in_reserve": false, "flagged": false }, "geometry": { "type": "Point", "coordinates": [ 146.291018231955206, -42.615993863536133 ] } },
{ "type": "Feature", "properties": { "patch_id": 744, "year": 2019, "predicted_prob": 2.6915628e-11, "predicted_class": "not_clearcut", "longitude": 146.23711931490806, "latitude": -42.458788688815218, "in_ptpz": true, "in_reserve": false, "flagged": false }, "geometry": { "type": "Point", "coordinates": [ 146.237119314908057, -42.458788688815218 ] } },
{ "type": "Feature", "properties": { "patch_id": 746, "year": 2019, "predicted_prob": 5.9874855e-10, "predicted_class": "not_clearcut", "longitude": 145.68735036102692, "latitude": -42.903454754454387, "in_ptpz": true, "in_reserve": false, "flagged": false }, "geometry": { "type": "Point", "coordinates": [ 145.687350361026915, -42.903454754454387 ] } },
{ "type": "Feature", "properties": { "patch_id": 747, "year": 2019, "predicted_prob": 1.7755677e-10, "predicted_class": "not_clearcut", "longitude": 145.67746889290157, "latitude": -42.789368713371204, "in_ptpz": true, "in_reserve": true, "flagged": false }, "geometry": { "type": "Point", "coordinates": [ 145.677468892901572, -42.789368713371204 ] } },
{ "type": "Feature", "properties": { "patch_id": 752, "year": 2019, "predicted_prob": 1.9255481e-11, "predicted_class": "not_clearcut", "longitude": 145.59931546318319, "latitude": -42.814521541326563, "in_ptpz": true, "in_reserve": true, "flagged": false }, "geometry": { "type": "Point", "coordinates": [ 145.599315463183189, -42.814521541326563 ] } },
{ "type": "Feature", "properties": { "patch_id": 759, "year": 2019, "predicted_prob": 1.0516615e-07, "predicted_class": "not_clearcut", "longitude": 145.60560367017206, "latitude": -42.934895789398567, "in_ptpz": true, "in_reserve": true, "flagged": false }, "geometry": { "type": "Point", "coordinates": [ 145.605603670172059, -42.934895789398567 ] } },
{ "type": "Feature", "properties": { "patch_id": 760, "year": 2019, "predicted_prob": 1.0491911e-11, "predicted_class": "not_clearcut", "longitude": 145.64962111909389, "latitude": -42.963641878490392, "in_ptpz": true, "in_reserve": false, "flagged": false }, "geometry": { "type": "Point", "coordinates": [ 145.649621119093894, -42.963641878490392 ] } },
{ "type": "Feature", "properties": { "patch_id": 761, "year": 2019, "predicted_prob": 2.1525273e-13, "predicted_class": "not_clearcut", "longitude": 146.35569693241183, "latitude": -42.628570277513816, "in_ptpz": true, "in_reserve": false, "flagged": false }, "geometry": { "type": "Point", "coordinates": [ 146.355696932411831, -42.628570277513816 ] } },
{ "type": "Feature", "properties": { "patch_id": 767, "year": 2019, "predicted_prob": 3.584519e-12, "predicted_class": "not_clearcut", "longitude": 145.5615862212502, "latitude": -42.751639471438182, "in_ptpz": true, "in_reserve": true, "flagged": false }, "geometry": { "type": "Point", "coordinates": [ 145.561586221250195, -42.751639471438182 ] } },
{ "type": "Feature", "properties": { "patch_id": 768, "year": 2019, "predicted_prob": 1.2666208e-12, "predicted_class": "not_clearcut", "longitude": 145.68375709989044, "latitude": -42.79116534393944, "in_ptpz": true, "in_reserve": false, "flagged": false }, "geometry": { "type": "Point", "coordinates": [ 145.683757099890443, -42.79116534393944 ] } },
{ "type": "Feature", "properties": { "patch_id": 773, "year": 2019, "predicted_prob": 8.9308251e-06, "predicted_class": "not_clearcut", "longitude": 146.36557840053715, "latitude": -42.528857280976538, "in_ptpz": true, "in_reserve": false, "flagged": false }, "geometry": { "type": "Point", "coordinates": [ 146.365578400537146, -42.528857280976538 ] } },
{ "type": "Feature", "properties": { "patch_id": 776, "year": 2019, "predicted_prob": 1.5237427e-05, "predicted_class": "not_clearcut", "longitude": 145.73316444051699, "latitude": -42.368058845119151, "in_ptpz": true, "in_reserve": false, "flagged": false }, "geometry": { "type": "Point", "coordinates": [ 145.733164440516987, -42.368058845119151 ] } },
{ "type": "Feature", "properties": { "patch_id": 777, "year": 2019, "predicted_prob": 5.0348238e-08, "predicted_class": "not_clearcut", "longitude": 145.6550110107986, "latitude": -43.01035427326461, "in_ptpz": true, "in_reserve": false, "flagged": false }, "geometry": { "type": "Point", "coordinates": [ 145.655011010798603, -43.01035427326461 ] } },
{ "type": "Feature", "properties": { "patch_id": 778, "year": 2019, "predicted_prob": 5.9182743e-09, "predicted_class": "not_clearcut", "longitude": 146.40869753417491, "latitude": -42.6968422391069, "in_ptpz": true, "in_reserve": false, "flagged": false }, "geometry": { "type": "Point", "coordinates": [ 146.408697534174905, -42.6968422391069 ] } },
{ "type": "Feature", "properties": { "patch_id": 781, "year": 2019, "predicted_prob": 8.1734592e-09, "predicted_class": "not_clearcut", "longitude": 146.36288345468478, "latitude": -42.538738749101853, "in_ptpz": true, "in_reserve": false, "flagged": false }, "geometry": { "type": "Point", "coordinates": [ 146.362883454684777, -42.538738749101853 ] } },
{ "type": "Feature", "properties": { "patch_id": 787, "year": 2019, "predicted_prob": 6.5253829e-08, "predicted_class": "not_clearcut", "longitude": 146.244305837181, "latitude": -42.455195427678746, "in_ptpz": true, "in_reserve": false, "flagged": false }, "geometry": { "type": "Point", "coordinates": [ 146.244305837181003, -42.455195427678746 ] } },
{ "type": "Feature", "properties": { "patch_id": 788, "year": 2019, "predicted_prob": 1.7018609e-09, "predicted_class": "not_clearcut", "longitude": 146.28383170968226, "latitude": -42.6510281596168, "in_ptpz": true, "in_reserve": false, "flagged": false }, "geometry": { "type": "Point", "coordinates": [ 146.283831709682261, -42.6510281596168 ] } },
{ "type": "Feature", "properties": { "patch_id": 789, "year": 2019, "predicted_prob": 2.8252644e-13, "predicted_class": "not_clearcut", "longitude": 146.32425589746765, "latitude": -42.668994465299193, "in_ptpz": true, "in_reserve": false, "flagged": false }, "geometry": { "type": "Point", "coordinates": [ 146.324255897467651, -42.668994465299193 ] } },
{ "type": "Feature", "properties": { "patch_id": 791, "year": 2019, "predicted_prob": 3.2911783e-12, "predicted_class": "not_clearcut", "longitude": 146.36557840053715, "latitude": -42.645638267912076, "in_ptpz": true, "in_reserve": false, "flagged": false }, "geometry": { "type": "Point", "coordinates": [ 146.365578400537146, -42.645638267912076 ] } },
{ "type": "Feature", "properties": { "patch_id": 796, "year": 2019, "predicted_prob": 8.7969097e-11, "predicted_class": "not_clearcut", "longitude": 146.31527274462644, "latitude": -42.615993863536133, "in_ptpz": true, "in_reserve": false, "flagged": false }, "geometry": { "type": "Point", "coordinates": [ 146.315272744626441, -42.615993863536133 ] } },
{ "type": "Feature", "properties": { "patch_id": 797, "year": 2019, "predicted_prob": 1.6456144e-11, "predicted_class": "not_clearcut", "longitude": 146.4042059577543, "latitude": -42.624977016377329, "in_ptpz": true, "in_reserve": false, "flagged": false }, "geometry": { "type": "Point", "coordinates": [ 146.4042059577543, -42.624977016377329 ] } },
{ "type": "Feature", "properties": { "patch_id": 798, "year": 2019, "predicted_prob": 2.6179373e-12, "predicted_class": "not_clearcut", "longitude": 145.76011389904062, "latitude": -42.934895789398567, "in_ptpz": true, "in_reserve": false, "flagged": false }, "geometry": { "type": "Point", "coordinates": [ 145.760113899040618, -42.934895789398567 ] } },
{ "type": "Feature", "properties": { "patch_id": 801, "year": 2019, "predicted_prob": 2.2788187e-09, "predicted_class": "not_clearcut", "longitude": 145.54721317670425, "latitude": -42.779487245245889, "in_ptpz": true, "in_reserve": true, "flagged": false }, "geometry": { "type": "Point", "coordinates": [ 145.547213176704247, -42.779487245245889 ] } },
{ "type": "Feature", "properties": { "patch_id": 811, "year": 2019, "predicted_prob": 1.4483728e-09, "predicted_class": "not_clearcut", "longitude": 145.61548513829734, "latitude": -42.733673165755789, "in_ptpz": true, "in_reserve": true, "flagged": false }, "geometry": { "type": "Point", "coordinates": [ 145.615485138297345, -42.733673165755789 ] } },
{ "type": "Feature", "properties": { "patch_id": 813, "year": 2019, "predicted_prob": 9.4269474e-11, "predicted_class": "not_clearcut", "longitude": 146.36378176996891, "latitude": -42.997777859286927, "in_ptpz": true, "in_reserve": true, "flagged": false }, "geometry": { "type": "Point", "coordinates": [ 146.363781769968909, -42.997777859286927 ] } },
{ "type": "Feature", "properties": { "patch_id": 814, "year": 2019, "predicted_prob": 5.9002407e-09, "predicted_class": "not_clearcut", "longitude": 146.34042557258181, "latitude": -42.473161733361138, "in_ptpz": true, "in_reserve": false, "flagged": false }, "geometry": { "type": "Point", "coordinates": [ 146.340425572581808, -42.473161733361138 ] } },
{ "type": "Feature", "properties": { "patch_id": 816, "year": 2019, "predicted_prob": 1.5182499e-12, "predicted_class": "not_clearcut", "longitude": 145.59033231034198, "latitude": -42.748944525585827, "in_ptpz": true, "in_reserve": true, "flagged": false }, "geometry": { "type": "Point", "coordinates": [ 145.590332310341978, -42.748944525585827 ] } },
{ "type": "Feature", "properties": { "patch_id": 820, "year": 2019, "predicted_prob": 0.0001837595, "predicted_class": "not_clearcut", "longitude": 146.39342617434488, "latitude": -42.589942720296669, "in_ptpz": true, "in_reserve": false, "flagged": false }, "geometry": { "type": "Point", "coordinates": [ 146.393426174344881, -42.589942720296669 ] } },
{ "type": "Feature", "properties": { "patch_id": 823, "year": 2019, "predicted_prob": 0.02541673, "predicted_class": "not_clearcut", "longitude": 146.39073122849248, "latitude": -42.523467389271829, "in_ptpz": true, "in_reserve": false, "flagged": false }, "geometry": { "type": "Point", "coordinates": [ 146.390731228492484, -42.523467389271829 ] } },
{ "type": "Feature", "properties": { "patch_id": 824, "year": 2019, "predicted_prob": 1.0686466e-07, "predicted_class": "not_clearcut", "longitude": 146.41857900230019, "latitude": -43.004964381559887, "in_ptpz": true, "in_reserve": false, "flagged": false }, "geometry": { "type": "Point", "coordinates": [ 146.418579002300191, -43.004964381559887 ] } },
{ "type": "Feature", "properties": { "patch_id": 826, "year": 2019, "predicted_prob": 3.1066975e-11, "predicted_class": "not_clearcut", "longitude": 145.54182328499957, "latitude": -42.724690012914593, "in_ptpz": true, "in_reserve": true, "flagged": false }, "geometry": { "type": "Point", "coordinates": [ 145.541823284999566, -42.724690012914593 ] } },
{ "type": "Feature", "properties": { "patch_id": 827, "year": 2019, "predicted_prob": 2.3004018e-08, "predicted_class": "not_clearcut", "longitude": 145.73855433222172, "latitude": -42.902556439170269, "in_ptpz": true, "in_reserve": false, "flagged": false }, "geometry": { "type": "Point", "coordinates": [ 145.738554332221725, -42.902556439170269 ] } },
{ "type": "Feature", "properties": { "patch_id": 831, "year": 2019, "predicted_prob": 0.35122684, "predicted_class": "not_clearcut", "longitude": 145.75202906148354, "latitude": -42.410279663472771, "in_ptpz": true, "in_reserve": false, "flagged": false }, "geometry": { "type": "Point", "coordinates": [ 145.75202906148354, -42.410279663472771 ] } },
{ "type": "Feature", "properties": { "patch_id": 832, "year": 2019, "predicted_prob": 0.005813187, "predicted_class": "not_clearcut", "longitude": 145.81670776194011, "latitude": -42.824403009451871, "in_ptpz": true, "in_reserve": false, "flagged": false }, "geometry": { "type": "Point", "coordinates": [ 145.816707761940108, -42.824403009451871 ] } },
{ "type": "Feature", "properties": { "patch_id": 1431, "year": 2019, "predicted_prob": 2.2817815e-12, "predicted_class": "not_clearcut", "longitude": 145.55080643784072, "latitude": -42.744452949165222, "in_ptpz": true, "in_reserve": true, "flagged": false }, "geometry": { "type": "Point", "coordinates": [ 145.55080643784072, -42.744452949165222 ] } },
{ "type": "Feature", "properties": { "patch_id": 1548, "year": 2019, "predicted_prob": 3.1041641e-10, "predicted_class": "not_clearcut", "longitude": 145.57685758108022, "latitude": -42.88279350291964, "in_ptpz": true, "in_reserve": true, "flagged": false }, "geometry": { "type": "Point", "coordinates": [ 145.576857581080219, -42.88279350291964 ] } },
{ "type": "Feature", "properties": { "patch_id": 2086, "year": 2019, "predicted_prob": 0.41777235, "predicted_class": "not_clearcut", "longitude": 146.47068128877913, "latitude": -42.681570879276862, "in_ptpz": true, "in_reserve": false, "flagged": false }, "geometry": { "type": "Point", "coordinates": [ 146.470681288779133, -42.681570879276862 ] } },
{ "type": "Feature", "properties": { "patch_id": 3626, "year": 2019, "predicted_prob": 6.2901989e-08, "predicted_class": "not_clearcut", "longitude": 145.93887864058036, "latitude": -42.814521541326563, "in_ptpz": true, "in_reserve": false, "flagged": false }, "geometry": { "type": "Point", "coordinates": [ 145.938878640580356, -42.814521541326563 ] } },
{ "type": "Feature", "properties": { "patch_id": 3896, "year": 2019, "predicted_prob": 2.6324919e-13, "predicted_class": "not_clearcut", "longitude": 145.53284013215836, "latitude": -42.562993261773087, "in_ptpz": true, "in_reserve": false, "flagged": false }, "geometry": { "type": "Point", "coordinates": [ 145.532840132158356, -42.562993261773087 ] } },
{ "type": "Feature", "properties": { "patch_id": 234, "year": 2020, "predicted_prob": 2.3438373e-07, "predicted_class": "not_clearcut", "longitude": 145.55799296011372, "latitude": -42.75972430899526, "in_ptpz": true, "in_reserve": true, "flagged": false }, "geometry": { "type": "Point", "coordinates": [ 145.557992960113722, -42.75972430899526 ] } },
{ "type": "Feature", "properties": { "patch_id": 835, "year": 2020, "predicted_prob": 4.0531635e-08, "predicted_class": "not_clearcut", "longitude": 146.13920294893904, "latitude": -42.715706860073411, "in_ptpz": true, "in_reserve": false, "flagged": false }, "geometry": { "type": "Point", "coordinates": [ 146.139202948939044, -42.715706860073411 ] } },
{ "type": "Feature", "properties": { "patch_id": 848, "year": 2020, "predicted_prob": 3.9361488e-08, "predicted_class": "not_clearcut", "longitude": 146.06464278035713, "latitude": -42.5037044530212, "in_ptpz": true, "in_reserve": false, "flagged": false }, "geometry": { "type": "Point", "coordinates": [ 146.064642780357133, -42.5037044530212 ] } },
{ "type": "Feature", "properties": { "patch_id": 871, "year": 2020, "predicted_prob": 3.3256756e-06, "predicted_class": "not_clearcut", "longitude": 146.05296468166358, "latitude": -42.506399398873555, "in_ptpz": true, "in_reserve": false, "flagged": false }, "geometry": { "type": "Point", "coordinates": [ 146.052964681663582, -42.506399398873555 ] } },
{ "type": "Feature", "properties": { "patch_id": 876, "year": 2020, "predicted_prob": 4.1145953e-09, "predicted_class": "not_clearcut", "longitude": 145.53284013215836, "latitude": -42.944777257523882, "in_ptpz": true, "in_reserve": true, "flagged": false }, "geometry": { "type": "Point", "coordinates": [ 145.532840132158356, -42.944777257523882 ] } },
{ "type": "Feature", "properties": { "patch_id": 877, "year": 2020, "predicted_prob": 3.5733363e-09, "predicted_class": "not_clearcut", "longitude": 146.12662653496136, "latitude": -42.747147895017591, "in_ptpz": true, "in_reserve": false, "flagged": false }, "geometry": { "type": "Point", "coordinates": [ 146.12662653496136, -42.747147895017591 ] } },
{ "type": "Feature", "properties": { "patch_id": 880, "year": 2020, "predicted_prob": 7.3041456e-10, "predicted_class": "not_clearcut", "longitude": 146.12752485024549, "latitude": -42.741758003312867, "in_ptpz": true, "in_reserve": false, "flagged": false }, "geometry": { "type": "Point", "coordinates": [ 146.127524850245493, -42.741758003312867 ] } },
{ "type": "Feature", "properties": { "patch_id": 887, "year": 2020, "predicted_prob": 2.700124e-11, "predicted_class": "not_clearcut", "longitude": 146.06554109564121, "latitude": -42.680672563992744, "in_ptpz": true, "in_reserve": false, "flagged": false }, "geometry": { "type": "Point", "coordinates": [ 146.065541095641208, -42.680672563992744 ] } },
{ "type": "Feature", "properties": { "patch_id": 891, "year": 2020, "predicted_prob": 7.2803921e-13, "predicted_class": "not_clearcut", "longitude": 146.06554109564121, "latitude": -42.68965571683394, "in_ptpz": true, "in_reserve": false, "flagged": false }, "geometry": { "type": "Point", "coordinates": [ 146.065541095641208, -42.68965571683394 ] } },
{ "type": "Feature", "properties": { "patch_id": 927, "year": 2020, "predicted_prob": 3.0357509e-05, "predicted_class": "not_clearcut", "longitude": 145.58404410335316, "latitude": -42.604315764842582, "in_ptpz": true, "in_reserve": true, "flagged": false }, "geometry": { "type": "Point", "coordinates": [ 145.584044103353165, -42.604315764842582 ] } },
{ "type": "Feature", "properties": { "patch_id": 928, "year": 2020, "predicted_prob": 7.6814132e-07, "predicted_class": "not_clearcut", "longitude": 146.1059652834266, "latitude": -42.211751985682355, "in_ptpz": true, "in_reserve": false, "flagged": false }, "geometry": { "type": "Point", "coordinates": [ 146.105965283426599, -42.211751985682355 ] } },
{ "type": "Feature", "properties": { "patch_id": 950, "year": 2020, "predicted_prob": 3.2429705e-07, "predicted_class": "not_clearcut", "longitude": 145.51577214176007, "latitude": -42.775893984109416, "in_ptpz": true, "in_reserve": true, "flagged": false }, "geometry": { "type": "Point", "coordinates": [ 145.515772141760067, -42.775893984109416 ] } },
{ "type": "Feature", "properties": { "patch_id": 953, "year": 2020, "predicted_prob": 2.9539601e-06, "predicted_class": "not_clearcut", "longitude": 145.55799296011372, "latitude": -42.616892178820251, "in_ptpz": true, "in_reserve": false, "flagged": false }, "geometry": { "type": "Point", "coordinates": [ 145.557992960113722, -42.616892178820251 ] } },
{ "type": "Feature", "properties": { "patch_id": 996, "year": 2020, "predicted_prob": 1.1540355e-11, "predicted_class": "not_clearcut", "longitude": 146.11315180569954, "latitude": -42.710316968368687, "in_ptpz": true, "in_reserve": false, "flagged": false }, "geometry": { "type": "Point", "coordinates": [ 146.113151805699545, -42.710316968368687 ] } },
{ "type": "Feature", "properties": { "patch_id": 1006, "year": 2020, "predicted_prob": 0.00047512032, "predicted_class": "not_clearcut", "longitude": 145.68735036102692, "latitude": -42.740859688028749, "in_ptpz": true, "in_reserve": true, "flagged": false }, "geometry": { "type": "Point", "coordinates": [ 145.687350361026915, -42.740859688028749 ] } },
{ "type": "Feature", "properties": { "patch_id": 1012, "year": 2020, "predicted_prob": 1.6665899e-09, "predicted_class": "not_clearcut", "longitude": 146.05296468166358, "latitude": -42.650129844332682, "in_ptpz": true, "in_reserve": false, "flagged": false }, "geometry": { "type": "Point", "coordinates": [ 146.052964681663582, -42.650129844332682 ] } },
{ "type": "Feature", "properties": { "patch_id": 1016, "year": 2020, "predicted_prob": 6.4976435e-10, "predicted_class": "not_clearcut", "longitude": 146.12303327382489, "latitude": -42.737266426892269, "in_ptpz": true, "in_reserve": false, "flagged": false }, "geometry": { "type": "Point", "coordinates": [ 146.123033273824888, -42.737266426892269 ] } },
{ "type": "Feature", "properties": { "patch_id": 1018, "year": 2020, "predicted_prob": 2.1012828e-07, "predicted_class": "not_clearcut", "longitude": 146.05745625808413, "latitude": -42.677977618140389, "in_ptpz": true, "in_reserve": false, "flagged": false }, "geometry": { "type": "Point", "coordinates": [ 146.05745625808413, -42.677977618140389 ] } },
{ "type": "Feature", "properties": { "patch_id": 1020, "year": 2020, "predicted_prob": 6.2845112e-13, "predicted_class": "not_clearcut", "longitude": 146.06194783450474, "latitude": -42.684265825129216, "in_ptpz": true, "in_reserve": false, "flagged": false }, "geometry": { "type": "Point", "coordinates": [ 146.061947834504736, -42.684265825129216 ] } },
{ "type": "Feature", "properties": { "patch_id": 1074, "year": 2020, "predicted_prob": 1.5429887e-08, "predicted_class": "not_clearcut", "longitude": 145.59931546318319, "latitude": -42.639350060923249, "in_ptpz": true, "in_reserve": true, "flagged": false }, "geometry": { "type": "Point", "coordinates": [ 145.599315463183189, -42.639350060923249 ] } },
{ "type": "Feature", "properties": { "patch_id": 1080, "year": 2020, "predicted_prob": 3.7281899e-13, "predicted_class": "not_clearcut", "longitude": 146.06823604149361, "latitude": -42.688757401549822, "in_ptpz": true, "in_reserve": false, "flagged": false }, "geometry": { "type": "Point", "coordinates": [ 146.068236041493606, -42.688757401549822 ] } },
{ "type": "Feature", "properties": { "patch_id": 1081, "year": 2020, "predicted_prob": 0.00010685669, "predicted_class": "not_clearcut", "longitude": 146.38623965207188, "latitude": -42.269244163866006, "in_ptpz": true, "in_reserve": false, "flagged": false }, "geometry": { "type": "Point", "coordinates": [ 146.386239652071879, -42.269244163866006 ] } },
{ "type": "Feature", "properties": { "patch_id": 1084, "year": 2020, "predicted_prob": 4.5814108e-06, "predicted_class": "not_clearcut", "longitude": 145.56697611295488, "latitude": -42.601620818990227, "in_ptpz": true, "in_reserve": false, "flagged": false }, "geometry": { "type": "Point", "coordinates": [ 145.566976112954876, -42.601620818990227 ] } },
{ "type": "Feature", "properties": { "patch_id": 1092, "year": 2020, "predicted_prob": 3.7643265e-06, "predicted_class": "not_clearcut", "longitude": 145.56967105880727, "latitude": -42.592637666149031, "in_ptpz": true, "in_reserve": false, "flagged": false }, "geometry": { "type": "Point", "coordinates": [ 145.569671058807273, -42.592637666149031 ] } },
{ "type": "Feature", "properties": { "patch_id": 1095, "year": 2020, "predicted_prob": 2.9667099e-06, "predicted_class": "not_clearcut", "longitude": 145.60470535488793, "latitude": -42.632163538650289, "in_ptpz": true, "in_reserve": true, "flagged": false }, "geometry": { "type": "Point", "coordinates": [ 145.604705354887926, -42.632163538650289 ] } },
{ "type": "Feature", "properties": { "patch_id": 1105, "year": 2020, "predicted_prob": 2.5011664e-12, "predicted_class": "not_clearcut", "longitude": 146.07093098734595, "latitude": -42.652824790185043, "in_ptpz": true, "in_reserve": false, "flagged": false }, "geometry": { "type": "Point", "coordinates": [ 146.070930987345946, -42.652824790185043 ] } },
{ "type": "Feature", "properties": { "patch_id": 1125, "year": 2020, "predicted_prob": 8.0935347e-09, "predicted_class": "not_clearcut", "longitude": 146.05476131223179, "latitude": -42.680672563992744, "in_ptpz": true, "in_reserve": false, "flagged": false }, "geometry": { "type": "Point", "coordinates": [ 146.05476131223179, -42.680672563992744 ] } },
{ "type": "Feature", "properties": { "patch_id": 1128, "year": 2020, "predicted_prob": 9.7938232e-07, "predicted_class": "not_clearcut", "longitude": 146.04757478995884, "latitude": -42.509992660010028, "in_ptpz": true, "in_reserve": false, "flagged": false }, "geometry": { "type": "Point", "coordinates": [ 146.047574789958844, -42.509992660010028 ] } },
{ "type": "Feature", "properties": { "patch_id": 1130, "year": 2020, "predicted_prob": 2.4415149e-14, "predicted_class": "not_clearcut", "longitude": 146.10416865285839, "latitude": -42.694147293254531, "in_ptpz": true, "in_reserve": false, "flagged": false }, "geometry": { "type": "Point", "coordinates": [ 146.104168652858391, -42.694147293254531 ] } },
{ "type": "Feature", "properties": { "patch_id": 1131, "year": 2020, "predicted_prob": 8.9812628e-12, "predicted_class": "not_clearcut", "longitude": 146.1320164266661, "latitude": -42.72828327405108, "in_ptpz": true, "in_reserve": false, "flagged": false }, "geometry": { "type": "Point", "coordinates": [ 146.132016426666098, -42.72828327405108 ] } },
{ "type": "Feature", "properties": { "patch_id": 1148, "year": 2020, "predicted_prob": 9.4784813e-10, "predicted_class": "not_clearcut", "longitude": 146.11854169740428, "latitude": -42.702232130811609, "in_ptpz": true, "in_reserve": false, "flagged": false }, "geometry": { "type": "Point", "coordinates": [ 146.118541697404282, -42.702232130811609 ] } },
{ "type": "Feature", "properties": { "patch_id": 1211, "year": 2020, "predicted_prob": 0.0016551684, "predicted_class": "not_clearcut", "longitude": 145.5894339950579, "latitude": -42.596230927285504, "in_ptpz": true, "in_reserve": true, "flagged": false }, "geometry": { "type": "Point", "coordinates": [ 145.589433995057902, -42.596230927285504 ] } },
{ "type": "Feature", "properties": { "patch_id": 1231, "year": 2020, "predicted_prob": 3.2595108e-06, "predicted_class": "not_clearcut", "longitude": 146.0448798441065, "latitude": -42.511789290578278, "in_ptpz": true, "in_reserve": false, "flagged": false }, "geometry": { "type": "Point", "coordinates": [ 146.044879844106504, -42.511789290578278 ] } },
{ "type": "Feature", "properties": { "patch_id": 1246, "year": 2020, "predicted_prob": 3.314037e-06, "predicted_class": "not_clearcut", "longitude": 146.16076251575788, "latitude": -42.779487245245889, "in_ptpz": true, "in_reserve": false, "flagged": false }, "geometry": { "type": "Point", "coordinates": [ 146.160762515757881, -42.779487245245889 ] } },
{ "type": "Feature", "properties": { "patch_id": 1247, "year": 2020, "predicted_prob": 0.04260968, "predicted_class": "not_clearcut", "longitude": 146.33234073502473, "latitude": -42.253074488751849, "in_ptpz": true, "in_reserve": false, "flagged": false }, "geometry": { "type": "Point", "coordinates": [ 146.332340735024729, -42.253074488751849 ] } },
{ "type": "Feature", "properties": { "patch_id": 1252, "year": 2020, "predicted_prob": 2.9728983e-10, "predicted_class": "not_clearcut", "longitude": 146.1104568598472, "latitude": -42.727384958766962, "in_ptpz": true, "in_reserve": false, "flagged": false }, "geometry": { "type": "Point", "coordinates": [ 146.110456859847204, -42.727384958766962 ] } },
{ "type": "Feature", "properties": { "patch_id": 1255, "year": 2020, "predicted_prob": 0.00018178172, "predicted_class": "not_clearcut", "longitude": 145.68465541517455, "latitude": -42.738164742176394, "in_ptpz": true, "in_reserve": true, "flagged": false }, "geometry": { "type": "Point", "coordinates": [ 145.684655415174547, -42.738164742176394 ] } },
{ "type": "Feature", "properties": { "patch_id": 1267, "year": 2020, "predicted_prob": 1.9919324e-09, "predicted_class": "not_clearcut", "longitude": 145.55978959068193, "latitude": -42.590841035580794, "in_ptpz": true, "in_reserve": false, "flagged": false }, "geometry": { "type": "Point", "coordinates": [ 145.55978959068193, -42.590841035580794 ] } },
{ "type": "Feature", "properties": { "patch_id": 1292, "year": 2020, "predicted_prob": 7.4459128e-12, "predicted_class": "not_clearcut", "longitude": 146.11854169740428, "latitude": -42.72109675177812, "in_ptpz": true, "in_reserve": false, "flagged": false }, "geometry": { "type": "Point", "coordinates": [ 146.118541697404282, -42.72109675177812 ] } },
{ "type": "Feature", "properties": { "patch_id": 1299, "year": 2020, "predicted_prob": 0.00057007628, "predicted_class": "not_clearcut", "longitude": 145.68645204574278, "latitude": -42.739063057460513, "in_ptpz": true, "in_reserve": true, "flagged": false }, "geometry": { "type": "Point", "coordinates": [ 145.686452045742783, -42.739063057460513 ] } },
{ "type": "Feature", "properties": { "patch_id": 1354, "year": 2020, "predicted_prob": 1.2135334e-06, "predicted_class": "not_clearcut", "longitude": 146.10237202229013, "latitude": -42.20905703983, "in_ptpz": true, "in_reserve": false, "flagged": false }, "geometry": { "type": "Point", "coordinates": [ 146.102372022290126, -42.20905703983 ] } },
{ "type": "Feature", "properties": { "patch_id": 1369, "year": 2020, "predicted_prob": 0.00012560851, "predicted_class": "not_clearcut", "longitude": 146.05026973581118, "latitude": -42.505501083589436, "in_ptpz": true, "in_reserve": false, "flagged": false }, "geometry": { "type": "Point", "coordinates": [ 146.050269735811185, -42.505501083589436 ] } },
{ "type": "Feature", "properties": { "patch_id": 1372, "year": 2020, "predicted_prob": 0.84250677, "predicted_class": "clearcut", "longitude": 146.46708802764266, "latitude": -42.67528267228802, "in_ptpz": true, "in_reserve": false, "flagged": false }, "geometry": { "type": "Point", "coordinates": [ 146.46708802764266, -42.67528267228802 ] } },
{ "type": "Feature", "properties": { "patch_id": 1384, "year": 2020, "predicted_prob": 1.8656066e-12, "predicted_class": "not_clearcut", "longitude": 146.05835457336826, "latitude": -42.704927076663971, "in_ptpz": true, "in_reserve": false, "flagged": false }, "geometry": { "type": "Point", "coordinates": [ 146.058354573368263, -42.704927076663971 ] } },
{ "type": "Feature", "properties": { "patch_id": 1391, "year": 2020, "predicted_prob": 2.0443937e-05, "predicted_class": "not_clearcut", "longitude": 145.68914699159512, "latitude": -42.741758003312867, "in_ptpz": true, "in_reserve": true, "flagged": false }, "geometry": { "type": "Point", "coordinates": [ 145.689146991595123, -42.741758003312867 ] } },
{ "type": "Feature", "properties": { "patch_id": 1392, "year": 2020, "predicted_prob": 8.8519519e-10, "predicted_class": "not_clearcut", "longitude": 146.13381305723431, "latitude": -42.751639471438182, "in_ptpz": true, "in_reserve": false, "flagged": false }, "geometry": { "type": "Point", "coordinates": [ 146.133813057234306, -42.751639471438182 ] } },
{ "type": "Feature", "properties": { "patch_id": 1436, "year": 2020, "predicted_prob": 2.0730603e-07, "predicted_class": "not_clearcut", "longitude": 145.61638345358148, "latitude": -42.640248376207367, "in_ptpz": true, "in_reserve": true, "flagged": false }, "geometry": { "type": "Point", "coordinates": [ 145.616383453581477, -42.640248376207367 ] } },
{ "type": "Feature", "properties": { "patch_id": 1442, "year": 2020, "predicted_prob": 1.6929735e-06, "predicted_class": "not_clearcut", "longitude": 145.61009524659261, "latitude": -42.632163538650289, "in_ptpz": true, "in_reserve": true, "flagged": false }, "geometry": { "type": "Point", "coordinates": [ 145.610095246592607, -42.632163538650289 ] } },
{ "type": "Feature", "properties": { "patch_id": 1443, "year": 2020, "predicted_prob": 3.9516177e-14, "predicted_class": "not_clearcut", "longitude": 146.08530403189184, "latitude": -42.676180987572138, "in_ptpz": true, "in_reserve": true, "flagged": false }, "geometry": { "type": "Point", "coordinates": [ 146.085304031891837, -42.676180987572138 ] } },
{ "type": "Feature", "properties": { "patch_id": 1446, "year": 2020, "predicted_prob": 9.5686246e-06, "predicted_class": "not_clearcut", "longitude": 146.14638947121199, "latitude": -42.801945127348873, "in_ptpz": true, "in_reserve": false, "flagged": false }, "geometry": { "type": "Point", "coordinates": [ 146.14638947121199, -42.801945127348873 ] } },
{ "type": "Feature", "properties": { "patch_id": 1455, "year": 2020, "predicted_prob": 1.7775756e-08, "predicted_class": "not_clearcut", "longitude": 146.12752485024549, "latitude": -42.756131047858787, "in_ptpz": true, "in_reserve": false, "flagged": false }, "geometry": { "type": "Point", "coordinates": [ 146.127524850245493, -42.756131047858787 ] } },
{ "type": "Feature", "properties": { "patch_id": 1463, "year": 2020, "predicted_prob": 0.00087432517, "predicted_class": "not_clearcut", "longitude": 145.68196046932218, "latitude": -42.748944525585827, "in_ptpz": true, "in_reserve": true, "flagged": false }, "geometry": { "type": "Point", "coordinates": [ 145.681960469322178, -42.748944525585827 ] } },
{ "type": "Feature", "properties": { "patch_id": 1494, "year": 2020, "predicted_prob": 1.9759723e-08, "predicted_class": "not_clearcut", "longitude": 145.62267166057029, "latitude": -42.653723105469155, "in_ptpz": true, "in_reserve": true, "flagged": false }, "geometry": { "type": "Point", "coordinates": [ 145.62267166057029, -42.653723105469155 ] } },
{ "type": "Feature", "properties": { "patch_id": 1496, "year": 2020, "predicted_prob": 2.4879759e-07, "predicted_class": "not_clearcut", "longitude": 146.14728778649612, "latitude": -42.826199640020107, "in_ptpz": true, "in_reserve": false, "flagged": false }, "geometry": { "type": "Point", "coordinates": [ 146.147287786496122, -42.826199640020107 ] } },
{ "type": "Feature", "properties": { "patch_id": 1506, "year": 2020, "predicted_prob": 2.490136e-07, "predicted_class": "not_clearcut", "longitude": 146.13111811138197, "latitude": -42.734571481039907, "in_ptpz": true, "in_reserve": false, "flagged": false }, "geometry": { "type": "Point", "coordinates": [ 146.131118111381966, -42.734571481039907 ] } },
{ "type": "Feature", "properties": { "patch_id": 1515, "year": 2020, "predicted_prob": 9.7225472e-09, "predicted_class": "not_clearcut", "longitude": 146.14818610178023, "latitude": -42.828894585872462, "in_ptpz": true, "in_reserve": false, "flagged": false }, "geometry": { "type": "Point", "coordinates": [ 146.148186101780226, -42.828894585872462 ] } },
{ "type": "Feature", "properties": { "patch_id": 1518, "year": 2020, "predicted_prob": 1.7417603e-06, "predicted_class": "not_clearcut", "longitude": 145.56248453653427, "latitude": -42.610603971831424, "in_ptpz": true, "in_reserve": false, "flagged": false }, "geometry": { "type": "Point", "coordinates": [ 145.562484536534271, -42.610603971831424 ] } },
{ "type": "Feature", "properties": { "patch_id": 1545, "year": 2020, "predicted_prob": 1.3447021e-06, "predicted_class": "not_clearcut", "longitude": 146.04398152882237, "latitude": -42.518975812851224, "in_ptpz": true, "in_reserve": false, "flagged": false }, "geometry": { "type": "Point", "coordinates": [ 146.043981528822371, -42.518975812851224 ] } },
{ "type": "Feature", "properties": { "patch_id": 1552, "year": 2020, "predicted_prob": 2.9137684e-10, "predicted_class": "not_clearcut", "longitude": 146.05565962751592, "latitude": -42.646536583196195, "in_ptpz": true, "in_reserve": false, "flagged": false }, "geometry": { "type": "Point", "coordinates": [ 146.055659627515922, -42.646536583196195 ] } },
{ "type": "Feature", "properties": { "patch_id": 1555, "year": 2020, "predicted_prob": 3.3885199e-13, "predicted_class": "not_clearcut", "longitude": 146.06015120393653, "latitude": -42.6968422391069, "in_ptpz": true, "in_reserve": false, "flagged": false }, "geometry": { "type": "Point", "coordinates": [ 146.060151203936528, -42.6968422391069 ] } },
{ "type": "Feature", "properties": { "patch_id": 1579, "year": 2020, "predicted_prob": 1.7966421e-13, "predicted_class": "not_clearcut", "longitude": 146.08530403189184, "latitude": -42.681570879276862, "in_ptpz": true, "in_reserve": true, "flagged": false }, "geometry": { "type": "Point", "coordinates": [ 146.085304031891837, -42.681570879276862 ] } },
{ "type": "Feature", "properties": { "patch_id": 1598, "year": 2020, "predicted_prob": 6.0115731e-06, "predicted_class": "not_clearcut", "longitude": 146.15177936291673, "latitude": -42.797453550928282, "in_ptpz": true, "in_reserve": false, "flagged": false }, "geometry": { "type": "Point", "coordinates": [ 146.151779362916727, -42.797453550928282 ] } },
{ "type": "Feature", "properties": { "patch_id": 1609, "year": 2020, "predicted_prob": 0.00019682325, "predicted_class": "not_clearcut", "longitude": 145.97121799080867, "latitude": -42.600722503706109, "in_ptpz": true, "in_reserve": false, "flagged": false }, "geometry": { "type": "Point", "coordinates": [ 145.971217990808668, -42.600722503706109 ] } },
{ "type": "Feature", "properties": { "patch_id": 1643, "year": 2020, "predicted_prob": 2.265683e-06, "predicted_class": "not_clearcut", "longitude": 145.64602785795739, "latitude": -42.859437305532524, "in_ptpz": true, "in_reserve": true, "flagged": false }, "geometry": { "type": "Point", "coordinates": [ 145.646027857957392, -42.859437305532524 ] } },
{ "type": "Feature", "properties": { "patch_id": 1651, "year": 2020, "predicted_prob": 5.1279613e-08, "predicted_class": "not_clearcut", "longitude": 146.05655794280003, "latitude": -42.513585921146515, "in_ptpz": true, "in_reserve": false, "flagged": false }, "geometry": { "type": "Point", "coordinates": [ 146.056557942800026, -42.513585921146515 ] } },
{ "type": "Feature", "properties": { "patch_id": 1661, "year": 2020, "predicted_prob": 1.1820078e-13, "predicted_class": "not_clearcut", "longitude": 146.11854169740428, "latitude": -42.717503490641647, "in_ptpz": true, "in_reserve": false, "flagged": false }, "geometry": { "type": "Point", "coordinates": [ 146.118541697404282, -42.717503490641647 ] } },
{ "type": "Feature", "properties": { "patch_id": 2442, "year": 2020, "predicted_prob": 7.3969786e-05, "predicted_class": "not_clearcut", "longitude": 145.69184193744752, "latitude": -42.760622624279378, "in_ptpz": true, "in_reserve": true, "flagged": false }, "geometry": { "type": "Point", "coordinates": [ 145.691841937447521, -42.760622624279378 ] } },
{ "type": "Feature", "properties": { "patch_id": 1709, "year": 2021, "predicted_prob": 1.0444451e-07, "predicted_class": "not_clearcut", "longitude": 145.97660788251341, "latitude": -42.764215885415865, "in_ptpz": true, "in_reserve": false, "flagged": false }, "geometry": { "type": "Point", "coordinates": [ 145.976607882513406, -42.764215885415865 ] } },
{ "type": "Feature", "properties": { "patch_id": 1787, "year": 2021, "predicted_prob": 0.0025201377, "predicted_class": "not_clearcut", "longitude": 146.4509183525285, "latitude": -42.261159326308928, "in_ptpz": true, "in_reserve": false, "flagged": false }, "geometry": { "type": "Point", "coordinates": [ 146.450918352528504, -42.261159326308928 ] } },
{ "type": "Feature", "properties": { "patch_id": 1793, "year": 2021, "predicted_prob": 6.1307084e-08, "predicted_class": "not_clearcut", "longitude": 145.97930282836575, "latitude": -42.769605777120574, "in_ptpz": true, "in_reserve": false, "flagged": false }, "geometry": { "type": "Point", "coordinates": [ 145.979302828365746, -42.769605777120574 ] } },
{ "type": "Feature", "properties": { "patch_id": 1815, "year": 2021, "predicted_prob": 0.0082824323, "predicted_class": "not_clearcut", "longitude": 146.45002003724437, "latitude": -42.265650902729519, "in_ptpz": true, "in_reserve": false, "flagged": false }, "geometry": { "type": "Point", "coordinates": [ 146.450020037244371, -42.265650902729519 ] } },
{ "type": "Feature", "properties": { "patch_id": 1833, "year": 2021, "predicted_prob": 0.94071352, "predicted_class": "clearcut", "longitude": 146.4724779193474, "latitude": -42.589044405012558, "in_ptpz": true, "in_reserve": false, "flagged": false }, "geometry": { "type": "Point", "coordinates": [ 146.472477919347398, -42.589044405012558 ] } },
{ "type": "Feature", "properties": { "patch_id": 1839, "year": 2021, "predicted_prob": 0.013276611, "predicted_class": "not_clearcut", "longitude": 146.44822340667616, "latitude": -42.261159326308928, "in_ptpz": true, "in_reserve": false, "flagged": false }, "geometry": { "type": "Point", "coordinates": [ 146.448223406676163, -42.261159326308928 ] } },
{ "type": "Feature", "properties": { "patch_id": 1897, "year": 2021, "predicted_prob": 8.4106048e-08, "predicted_class": "not_clearcut", "longitude": 146.05835457336826, "latitude": -42.512687605862403, "in_ptpz": true, "in_reserve": false, "flagged": false }, "geometry": { "type": "Point", "coordinates": [ 146.058354573368263, -42.512687605862403 ] } },
{ "type": "Feature", "properties": { "patch_id": 1929, "year": 2021, "predicted_prob": 2.6030175e-10, "predicted_class": "not_clearcut", "longitude": 146.34312051843415, "latitude": -43.046286884629382, "in_ptpz": true, "in_reserve": false, "flagged": false }, "geometry": { "type": "Point", "coordinates": [ 146.343120518434148, -43.046286884629382 ] } },
{ "type": "Feature", "properties": { "patch_id": 1942, "year": 2021, "predicted_prob": 3.098341e-05, "predicted_class": "not_clearcut", "longitude": 146.07632087905068, "latitude": -42.492924669611767, "in_ptpz": true, "in_reserve": false, "flagged": false }, "geometry": { "type": "Point", "coordinates": [ 146.076320879050684, -42.492924669611767 ] } },
{ "type": "Feature", "properties": { "patch_id": 1977, "year": 2021, "predicted_prob": 3.577786e-11, "predicted_class": "not_clearcut", "longitude": 145.98379440478635, "latitude": -42.773199038257047, "in_ptpz": true, "in_reserve": false, "flagged": false }, "geometry": { "type": "Point", "coordinates": [ 145.983794404786352, -42.773199038257047 ] } },
{ "type": "Feature", "properties": { "patch_id": 1994, "year": 2021, "predicted_prob": 1.0958314e-06, "predicted_class": "not_clearcut", "longitude": 146.10057539172192, "latitude": -42.211751985682355, "in_ptpz": true, "in_reserve": false, "flagged": false }, "geometry": { "type": "Point", "coordinates": [ 146.100575391721918, -42.211751985682355 ] } },
{ "type": "Feature", "properties": { "patch_id": 2049, "year": 2021, "predicted_prob": 9.4847128e-06, "predicted_class": "not_clearcut", "longitude": 145.68824867631105, "latitude": -42.744452949165222, "in_ptpz": true, "in_reserve": true, "flagged": false }, "geometry": { "type": "Point", "coordinates": [ 145.688248676311048, -42.744452949165222 ] } },
{ "type": "Feature", "properties": { "patch_id": 2063, "year": 2021, "predicted_prob": 7.9864062e-09, "predicted_class": "not_clearcut", "longitude": 146.05386299694766, "latitude": -42.511789290578278, "in_ptpz": true, "in_reserve": false, "flagged": false }, "geometry": { "type": "Point", "coordinates": [ 146.053862996947657, -42.511789290578278 ] } },
{ "type": "Feature", "properties": { "patch_id": 2138, "year": 2021, "predicted_prob": 1.5752268e-11, "predicted_class": "not_clearcut", "longitude": 146.34671377957062, "latitude": -43.042693623492909, "in_ptpz": true, "in_reserve": false, "flagged": false }, "geometry": { "type": "Point", "coordinates": [ 146.346713779570621, -43.042693623492909 ] } },
{ "type": "Feature", "properties": { "patch_id": 2278, "year": 2021, "predicted_prob": 0.0013339982, "predicted_class": "not_clearcut", "longitude": 146.46259645122203, "latitude": -42.259362695740691, "in_ptpz": true, "in_reserve": false, "flagged": false }, "geometry": { "type": "Point", "coordinates": [ 146.462596451222026, -42.259362695740691 ] } },
{ "type": "Feature", "properties": { "patch_id": 2293, "year": 2021, "predicted_prob": 5.7041149e-08, "predicted_class": "not_clearcut", "longitude": 146.0592528886524, "latitude": -42.511789290578278, "in_ptpz": true, "in_reserve": false, "flagged": false }, "geometry": { "type": "Point", "coordinates": [ 146.059252888652395, -42.511789290578278 ] } },
{ "type": "Feature", "properties": { "patch_id": 2295, "year": 2021, "predicted_prob": 0.99221516, "predicted_class": "clearcut", "longitude": 146.36647671582125, "latitude": -42.24768459704714, "in_ptpz": true, "in_reserve": false, "flagged": false }, "geometry": { "type": "Point", "coordinates": [ 146.36647671582125, -42.24768459704714 ] } },
{ "type": "Feature", "properties": { "patch_id": 2344, "year": 2021, "predicted_prob": 0.97670478, "predicted_class": "clearcut", "longitude": 146.4958341167345, "latitude": -42.393211673074489, "in_ptpz": false, "in_reserve": false, "flagged": true }, "geometry": { "type": "Point", "coordinates": [ 146.4958341167345, -42.393211673074489 ] } },
{ "type": "Feature", "properties": { "patch_id": 2433, "year": 2021, "predicted_prob": 1.8338819e-09, "predicted_class": "not_clearcut", "longitude": 145.98109945893401, "latitude": -42.755232732574669, "in_ptpz": true, "in_reserve": false, "flagged": false }, "geometry": { "type": "Point", "coordinates": [ 145.981099458934011, -42.755232732574669 ] } },
{ "type": "Feature", "properties": { "patch_id": 2496, "year": 2021, "predicted_prob": 1.7509741e-07, "predicted_class": "not_clearcut", "longitude": 145.66848574006042, "latitude": -42.738164742176394, "in_ptpz": true, "in_reserve": true, "flagged": false }, "geometry": { "type": "Point", "coordinates": [ 145.668485740060419, -42.738164742176394 ] } },
{ "type": "Feature", "properties": { "patch_id": 2506, "year": 2022, "predicted_prob": 0.44567719, "predicted_class": "not_clearcut", "longitude": 146.49224085559803, "latitude": -42.586349459160189, "in_ptpz": true, "in_reserve": false, "flagged": false }, "geometry": { "type": "Point", "coordinates": [ 146.492240855598027, -42.586349459160189 ] } },
{ "type": "Feature", "properties": { "patch_id": 2536, "year": 2022, "predicted_prob": 0.82472533, "predicted_class": "clearcut", "longitude": 146.28473002496639, "latitude": -42.219836823239433, "in_ptpz": true, "in_reserve": false, "flagged": false }, "geometry": { "type": "Point", "coordinates": [ 146.284730024966393, -42.219836823239433 ] } },
{ "type": "Feature", "properties": { "patch_id": 2541, "year": 2022, "predicted_prob": 1.8290587e-08, "predicted_class": "not_clearcut", "longitude": 145.81311450080364, "latitude": -42.872013719510207, "in_ptpz": true, "in_reserve": false, "flagged": false }, "geometry": { "type": "Point", "coordinates": [ 145.813114500803636, -42.872013719510207 ] } },
{ "type": "Feature", "properties": { "patch_id": 2576, "year": 2022, "predicted_prob": 3.9975468e-08, "predicted_class": "not_clearcut", "longitude": 145.80952123966716, "latitude": -42.86842045837372, "in_ptpz": true, "in_reserve": false, "flagged": false }, "geometry": { "type": "Point", "coordinates": [ 145.809521239667163, -42.86842045837372 ] } },
{ "type": "Feature", "properties": { "patch_id": 2589, "year": 2022, "predicted_prob": 0.80963719, "predicted_class": "clearcut", "longitude": 146.45540992894911, "latitude": -42.607010710694937, "in_ptpz": true, "in_reserve": false, "flagged": false }, "geometry": { "type": "Point", "coordinates": [ 146.455409928949109, -42.607010710694937 ] } },
{ "type": "Feature", "properties": { "patch_id": 2650, "year": 2022, "predicted_prob": 1.7722679e-11, "predicted_class": "not_clearcut", "longitude": 145.9065392903521, "latitude": -42.637553430355013, "in_ptpz": true, "in_reserve": false, "flagged": false }, "geometry": { "type": "Point", "coordinates": [ 145.9065392903521, -42.637553430355013 ] } },
{ "type": "Feature", "properties": { "patch_id": 2669, "year": 2022, "predicted_prob": 2.3208404e-05, "predicted_class": "not_clearcut", "longitude": 145.98559103535462, "latitude": -43.007659327412242, "in_ptpz": true, "in_reserve": false, "flagged": false }, "geometry": { "type": "Point", "coordinates": [ 145.985591035354616, -43.007659327412242 ] } },
{ "type": "Feature", "properties": { "patch_id": 2689, "year": 2022, "predicted_prob": 0.60282499, "predicted_class": "clearcut", "longitude": 146.30179801536468, "latitude": -42.23331155250122, "in_ptpz": true, "in_reserve": false, "flagged": false }, "geometry": { "type": "Point", "coordinates": [ 146.301798015364682, -42.23331155250122 ] } },
{ "type": "Feature", "properties": { "patch_id": 2692, "year": 2022, "predicted_prob": 0.63882309, "predicted_class": "clearcut", "longitude": 146.45361329838084, "latitude": -42.6052140801267, "in_ptpz": true, "in_reserve": false, "flagged": false }, "geometry": { "type": "Point", "coordinates": [ 146.453613298380844, -42.6052140801267 ] } },
{ "type": "Feature", "properties": { "patch_id": 2715, "year": 2022, "predicted_prob": 3.5186165e-08, "predicted_class": "not_clearcut", "longitude": 145.89755613751089, "latitude": -42.633960169218525, "in_ptpz": false, "in_reserve": false, "flagged": false }, "geometry": { "type": "Point", "coordinates": [ 145.89755613751089, -42.633960169218525 ] } },
{ "type": "Feature", "properties": { "patch_id": 2742, "year": 2022, "predicted_prob": 1.1019969e-06, "predicted_class": "not_clearcut", "longitude": 145.96133652268338, "latitude": -42.999574489855178, "in_ptpz": true, "in_reserve": false, "flagged": false }, "geometry": { "type": "Point", "coordinates": [ 145.961336522683382, -42.999574489855178 ] } },
{ "type": "Feature", "properties": { "patch_id": 2782, "year": 2022, "predicted_prob": 0.000659274, "predicted_class": "not_clearcut", "longitude": 146.38444302150367, "latitude": -42.908844646159096, "in_ptpz": true, "in_reserve": false, "flagged": false }, "geometry": { "type": "Point", "coordinates": [ 146.384443021503671, -42.908844646159096 ] } },
{ "type": "Feature", "properties": { "patch_id": 2789, "year": 2022, "predicted_prob": 0.00026087026, "predicted_class": "not_clearcut", "longitude": 145.95953989211512, "latitude": -42.427347653871038, "in_ptpz": true, "in_reserve": false, "flagged": false }, "geometry": { "type": "Point", "coordinates": [ 145.959539892115117, -42.427347653871038 ] } },
{ "type": "Feature", "properties": { "patch_id": 2799, "year": 2022, "predicted_prob": 0.0002716087, "predicted_class": "not_clearcut", "longitude": 146.45900319008558, "latitude": -42.267447533297769, "in_ptpz": true, "in_reserve": false, "flagged": false }, "geometry": { "type": "Point", "coordinates": [ 146.459003190085582, -42.267447533297769 ] } },
{ "type": "Feature", "properties": { "patch_id": 2895, "year": 2022, "predicted_prob": 0.040751014, "predicted_class": "not_clearcut", "longitude": 145.98379440478635, "latitude": -42.407584717620409, "in_ptpz": true, "in_reserve": false, "flagged": false }, "geometry": { "type": "Point", "coordinates": [ 145.983794404786352, -42.407584717620409 ] } },
{ "type": "Feature", "properties": { "patch_id": 2936, "year": 2022, "predicted_prob": 0.33300114, "predicted_class": "not_clearcut", "longitude": 146.46798634292679, "latitude": -42.487534777907037, "in_ptpz": true, "in_reserve": false, "flagged": false }, "geometry": { "type": "Point", "coordinates": [ 146.467986342926793, -42.487534777907037 ] } },
{ "type": "Feature", "properties": { "patch_id": 3004, "year": 2022, "predicted_prob": 2.3335771e-08, "predicted_class": "not_clearcut", "longitude": 145.81131787023543, "latitude": -42.869318773657838, "in_ptpz": true, "in_reserve": false, "flagged": false }, "geometry": { "type": "Point", "coordinates": [ 145.811317870235428, -42.869318773657838 ] } },
{ "type": "Feature", "properties": { "patch_id": 3041, "year": 2022, "predicted_prob": 0.34785903, "predicted_class": "not_clearcut", "longitude": 146.46708802764266, "latitude": -42.484839832054689, "in_ptpz": true, "in_reserve": false, "flagged": false }, "geometry": { "type": "Point", "coordinates": [ 146.46708802764266, -42.484839832054689 ] } },
{ "type": "Feature", "properties": { "patch_id": 3048, "year": 2022, "predicted_prob": 3.4042776e-07, "predicted_class": "not_clearcut", "longitude": 145.91462412790918, "latitude": -42.642943322059722, "in_ptpz": true, "in_reserve": false, "flagged": false }, "geometry": { "type": "Point", "coordinates": [ 145.914624127909178, -42.642943322059722 ] } },
{ "type": "Feature", "properties": { "patch_id": 3082, "year": 2022, "predicted_prob": 1.0467325e-07, "predicted_class": "not_clearcut", "longitude": 145.96492978381983, "latitude": -43.000472805139296, "in_ptpz": true, "in_reserve": false, "flagged": false }, "geometry": { "type": "Point", "coordinates": [ 145.964929783819827, -43.000472805139296 ] } },
{ "type": "Feature", "properties": { "patch_id": 3096, "year": 2022, "predicted_prob": 1.1178848e-05, "predicted_class": "not_clearcut", "longitude": 145.97121799080867, "latitude": -43.019337426105807, "in_ptpz": true, "in_reserve": false, "flagged": false }, "geometry": { "type": "Point", "coordinates": [ 145.971217990808668, -43.019337426105807 ] } },
{ "type": "Feature", "properties": { "patch_id": 3111, "year": 2022, "predicted_prob": 4.2092241e-12, "predicted_class": "not_clearcut", "longitude": 145.90474265978384, "latitude": -42.633960169218525, "in_ptpz": true, "in_reserve": false, "flagged": false }, "geometry": { "type": "Point", "coordinates": [ 145.904742659783835, -42.633960169218525 ] } },
{ "type": "Feature", "properties": { "patch_id": 3130, "year": 2022, "predicted_prob": 4.8505089e-09, "predicted_class": "not_clearcut", "longitude": 145.82119933836071, "latitude": -42.879200241783153, "in_ptpz": true, "in_reserve": false, "flagged": false }, "geometry": { "type": "Point", "coordinates": [ 145.821199338360714, -42.879200241783153 ] } },
{ "type": "Feature", "properties": { "patch_id": 3133, "year": 2022, "predicted_prob": 2.8137558e-07, "predicted_class": "not_clearcut", "longitude": 145.91642075847739, "latitude": -42.641146691491485, "in_ptpz": true, "in_reserve": false, "flagged": false }, "geometry": { "type": "Point", "coordinates": [ 145.916420758477386, -42.641146691491485 ] } },
{ "type": "Feature", "properties": { "patch_id": 3140, "year": 2022, "predicted_prob": 0.00069472374, "predicted_class": "not_clearcut", "longitude": 146.39073122849248, "latitude": -42.908844646159096, "in_ptpz": true, "in_reserve": false, "flagged": false }, "geometry": { "type": "Point", "coordinates": [ 146.390731228492484, -42.908844646159096 ] } },
{ "type": "Feature", "properties": { "patch_id": 3177, "year": 2022, "predicted_prob": 4.7486898e-07, "predicted_class": "not_clearcut", "longitude": 145.91103086677265, "latitude": -42.624078701093211, "in_ptpz": true, "in_reserve": false, "flagged": false }, "geometry": { "type": "Point", "coordinates": [ 145.911030866772649, -42.624078701093211 ] } },
{ "type": "Feature", "properties": { "patch_id": 3188, "year": 2022, "predicted_prob": 2.9197671e-09, "predicted_class": "not_clearcut", "longitude": 145.8993527680791, "latitude": -42.633960169218525, "in_ptpz": false, "in_reserve": false, "flagged": false }, "geometry": { "type": "Point", "coordinates": [ 145.899352768079098, -42.633960169218525 ] } },
{ "type": "Feature", "properties": { "patch_id": 3228, "year": 2022, "predicted_prob": 4.1959005e-09, "predicted_class": "not_clearcut", "longitude": 145.81580944665598, "latitude": -42.871115404226074, "in_ptpz": true, "in_reserve": false, "flagged": false }, "geometry": { "type": "Point", "coordinates": [ 145.815809446655976, -42.871115404226074 ] } },
{ "type": "Feature", "properties": { "patch_id": 3260, "year": 2022, "predicted_prob": 0.71288037, "predicted_class": "clearcut", "longitude": 146.28562834025053, "latitude": -42.219836823239433, "in_ptpz": true, "in_reserve": false, "flagged": false }, "geometry": { "type": "Point", "coordinates": [ 146.285628340250526, -42.219836823239433 ] } },
{ "type": "Feature", "properties": { "patch_id": 3299, "year": 2022, "predicted_prob": 7.2696739e-06, "predicted_class": "not_clearcut", "longitude": 145.85803026500963, "latitude": -42.889081709908467, "in_ptpz": true, "in_reserve": false, "flagged": false }, "geometry": { "type": "Point", "coordinates": [ 145.858030265009631, -42.889081709908467 ] } },
{ "type": "Feature", "properties": { "patch_id": 3305, "year": 2022, "predicted_prob": 1.3649797e-06, "predicted_class": "not_clearcut", "longitude": 145.97570956722927, "latitude": -43.014845849685202, "in_ptpz": true, "in_reserve": false, "flagged": false }, "geometry": { "type": "Point", "coordinates": [ 145.975709567229273, -43.014845849685202 ] } },
{ "type": "Feature", "properties": { "patch_id": 3384, "year": 2022, "predicted_prob": 0.0056212815, "predicted_class": "not_clearcut", "longitude": 145.97391293666109, "latitude": -42.421957762166315, "in_ptpz": true, "in_reserve": false, "flagged": false }, "geometry": { "type": "Point", "coordinates": [ 145.973912936661094, -42.421957762166315 ] } },
{ "type": "Feature", "properties": { "patch_id": 3449, "year": 2022, "predicted_prob": 1.2232251e-05, "predicted_class": "not_clearcut", "longitude": 145.80952123966716, "latitude": -42.853149098543696, "in_ptpz": true, "in_reserve": false, "flagged": false }, "geometry": { "type": "Point", "coordinates": [ 145.809521239667163, -42.853149098543696 ] } },
{ "type": "Feature", "properties": { "patch_id": 3863, "year": 2022, "predicted_prob": 2.9732457e-05, "predicted_class": "not_clearcut", "longitude": 145.80143640211008, "latitude": -42.880098557067271, "in_ptpz": true, "in_reserve": false, "flagged": false }, "geometry": { "type": "Point", "coordinates": [ 145.801436402110085, -42.880098557067271 ] } },
{ "type": "Feature", "properties": { "patch_id": 3956, "year": 2022, "predicted_prob": 5.6777374e-12, "predicted_class": "not_clearcut", "longitude": 145.90833592092031, "latitude": -42.637553430355013, "in_ptpz": true, "in_reserve": false, "flagged": false }, "geometry": { "type": "Point", "coordinates": [ 145.908335920920308, -42.637553430355013 ] } },
{ "type": "Feature", "properties": { "patch_id": 2582, "year": 2023, "predicted_prob": 0.00076285569, "predicted_class": "not_clearcut", "longitude": 145.80053808682595, "latitude": -42.877403611214909, "in_ptpz": true, "in_reserve": false, "flagged": false }, "geometry": { "type": "Point", "coordinates": [ 145.800538086825952, -42.877403611214909 ] } },
{ "type": "Feature", "properties": { "patch_id": 2614, "year": 2023, "predicted_prob": 7.4962578e-08, "predicted_class": "not_clearcut", "longitude": 145.86611510256671, "latitude": -42.872013719510207, "in_ptpz": true, "in_reserve": false, "flagged": false }, "geometry": { "type": "Point", "coordinates": [ 145.86611510256671, -42.872013719510207 ] } },
{ "type": "Feature", "properties": { "patch_id": 3076, "year": 2023, "predicted_prob": 1.5014028e-06, "predicted_class": "not_clearcut", "longitude": 145.91731907376152, "latitude": -42.642045006775597, "in_ptpz": true, "in_reserve": false, "flagged": false }, "geometry": { "type": "Point", "coordinates": [ 145.917319073761519, -42.642045006775597 ] } },
{ "type": "Feature", "properties": { "patch_id": 3337, "year": 2023, "predicted_prob": 7.801508e-05, "predicted_class": "not_clearcut", "longitude": 145.94965842398983, "latitude": -42.845064260986618, "in_ptpz": true, "in_reserve": false, "flagged": false }, "geometry": { "type": "Point", "coordinates": [ 145.949658423989831, -42.845064260986618 ] } },
{ "type": "Feature", "properties": { "patch_id": 3339, "year": 2023, "predicted_prob": 1.5559586e-05, "predicted_class": "not_clearcut", "longitude": 145.80143640211008, "latitude": -42.867522143089602, "in_ptpz": true, "in_reserve": false, "flagged": false }, "geometry": { "type": "Point", "coordinates": [ 145.801436402110085, -42.867522143089602 ] } },
{ "type": "Feature", "properties": { "patch_id": 3350, "year": 2023, "predicted_prob": 1.015851e-10, "predicted_class": "not_clearcut", "longitude": 145.52206034874894, "latitude": -42.624078701093211, "in_ptpz": true, "in_reserve": false, "flagged": false }, "geometry": { "type": "Point", "coordinates": [ 145.522060348748937, -42.624078701093211 ] } },
{ "type": "Feature", "properties": { "patch_id": 3352, "year": 2023, "predicted_prob": 3.0040809e-07, "predicted_class": "not_clearcut", "longitude": 145.80862292438303, "latitude": -42.865725512521365, "in_ptpz": true, "in_reserve": false, "flagged": false }, "geometry": { "type": "Point", "coordinates": [ 145.80862292438303, -42.865725512521365 ] } },
{ "type": "Feature", "properties": { "patch_id": 3354, "year": 2023, "predicted_prob": 3.6311485e-11, "predicted_class": "not_clearcut", "longitude": 145.52745024045362, "latitude": -42.589942720296669, "in_ptpz": true, "in_reserve": false, "flagged": false }, "geometry": { "type": "Point", "coordinates": [ 145.527450240453618, -42.589942720296669 ] } },
{ "type": "Feature", "properties": { "patch_id": 3357, "year": 2023, "predicted_prob": 0.0013630943, "predicted_class": "not_clearcut", "longitude": 146.47876612633621, "latitude": -43.017540795537549, "in_ptpz": true, "in_reserve": false, "flagged": false }, "geometry": { "type": "Point", "coordinates": [ 146.478766126336211, -43.017540795537549 ] } },
{ "type": "Feature", "properties": { "patch_id": 3358, "year": 2023, "predicted_prob": 2.5085083e-07, "predicted_class": "not_clearcut", "longitude": 145.97031967552454, "latitude": -43.018439110821689, "in_ptpz": true, "in_reserve": false, "flagged": false }, "geometry": { "type": "Point", "coordinates": [ 145.970319675524536, -43.018439110821689 ] } },
{ "type": "Feature", "properties": { "patch_id": 3360, "year": 2023, "predicted_prob": 1.4205974e-05, "predicted_class": "not_clearcut", "longitude": 145.79874145625774, "latitude": -42.872912034794325, "in_ptpz": true, "in_reserve": false, "flagged": false }, "geometry": { "type": "Point", "coordinates": [ 145.798741456257744, -42.872912034794325 ] } },
{ "type": "Feature", "properties": { "patch_id": 3362, "year": 2023, "predicted_prob": 1.617093e-09, "predicted_class": "not_clearcut", "longitude": 145.5400266544313, "latitude": -42.554908424216009, "in_ptpz": true, "in_reserve": false, "flagged": false }, "geometry": { "type": "Point", "coordinates": [ 145.540026654431301, -42.554908424216009 ] } },
{ "type": "Feature", "properties": { "patch_id": 3363, "year": 2023, "predicted_prob": 3.9734653e-07, "predicted_class": "not_clearcut", "longitude": 145.94426853228509, "latitude": -42.845064260986618, "in_ptpz": true, "in_reserve": false, "flagged": false }, "geometry": { "type": "Point", "coordinates": [ 145.944268532285093, -42.845064260986618 ] } },
{ "type": "Feature", "properties": { "patch_id": 3365, "year": 2023, "predicted_prob": 7.1906485e-09, "predicted_class": "not_clearcut", "longitude": 145.57146768937548, "latitude": -42.562094946488969, "in_ptpz": true, "in_reserve": false, "flagged": false }, "geometry": { "type": "Point", "coordinates": [ 145.571467689375481, -42.562094946488969 ] } },
{ "type": "Feature", "properties": { "patch_id": 3369, "year": 2023, "predicted_prob": 1.1779942e-06, "predicted_class": "not_clearcut", "longitude": 145.60560367017206, "latitude": -42.584552828591953, "in_ptpz": true, "in_reserve": true, "flagged": false }, "geometry": { "type": "Point", "coordinates": [ 145.605603670172059, -42.584552828591953 ] } },
{ "type": "Feature", "properties": { "patch_id": 3370, "year": 2023, "predicted_prob": 0.025423657, "predicted_class": "not_clearcut", "longitude": 146.11674506683602, "latitude": -42.656418051321509, "in_ptpz": true, "in_reserve": false, "flagged": false }, "geometry": { "type": "Point", "coordinates": [ 146.116745066836017, -42.656418051321509 ] } },
{ "type": "Feature", "properties": { "patch_id": 3375, "year": 2023, "predicted_prob": 3.0082521e-05, "predicted_class": "not_clearcut", "longitude": 145.9487601087057, "latitude": -42.854945729111932, "in_ptpz": true, "in_reserve": false, "flagged": false }, "geometry": { "type": "Point", "coordinates": [ 145.948760108705699, -42.854945729111932 ] } },
{ "type": "Feature", "properties": { "patch_id": 3376, "year": 2023, "predicted_prob": 8.2645939e-11, "predicted_class": "not_clearcut", "longitude": 145.51038225005539, "latitude": -42.564789892341331, "in_ptpz": true, "in_reserve": false, "flagged": false }, "geometry": { "type": "Point", "coordinates": [ 145.510382250055386, -42.564789892341331 ] } },
{ "type": "Feature", "properties": { "patch_id": 3379, "year": 2023, "predicted_prob": 6.8752279e-08, "predicted_class": "not_clearcut", "longitude": 145.98469272007048, "latitude": -42.997777859286927, "in_ptpz": true, "in_reserve": false, "flagged": false }, "geometry": { "type": "Point", "coordinates": [ 145.984692720070484, -42.997777859286927 ] } },
{ "type": "Feature", "properties": { "patch_id": 3380, "year": 2023, "predicted_prob": 4.1652356e-08, "predicted_class": "not_clearcut", "longitude": 145.73046949466465, "latitude": -42.734571481039907, "in_ptpz": true, "in_reserve": false, "flagged": false }, "geometry": { "type": "Point", "coordinates": [ 145.730469494664646, -42.734571481039907 ] } },
{ "type": "Feature", "properties": { "patch_id": 3381, "year": 2023, "predicted_prob": 1.4648888e-10, "predicted_class": "not_clearcut", "longitude": 145.5660777976708, "latitude": -42.550416847795418, "in_ptpz": true, "in_reserve": false, "flagged": false }, "geometry": { "type": "Point", "coordinates": [ 145.5660777976708, -42.550416847795418 ] } },
{ "type": "Feature", "properties": { "patch_id": 3382, "year": 2023, "predicted_prob": 0.017775752, "predicted_class": "not_clearcut", "longitude": 146.1320164266661, "latitude": -42.642045006775597, "in_ptpz": true, "in_reserve": false, "flagged": false }, "geometry": { "type": "Point", "coordinates": [ 146.132016426666098, -42.642045006775597 ] } },
{ "type": "Feature", "properties": { "patch_id": 3383, "year": 2023, "predicted_prob": 5.191269e-07, "predicted_class": "not_clearcut", "longitude": 145.60111209375145, "latitude": -42.571078099330165, "in_ptpz": true, "in_reserve": true, "flagged": false }, "geometry": { "type": "Point", "coordinates": [ 145.601112093751453, -42.571078099330165 ] } },
{ "type": "Feature", "properties": { "patch_id": 3387, "year": 2023, "predicted_prob": 2.2907e-07, "predicted_class": "not_clearcut", "longitude": 145.60201040903561, "latitude": -42.590841035580794, "in_ptpz": true, "in_reserve": true, "flagged": false }, "geometry": { "type": "Point", "coordinates": [ 145.602010409035614, -42.590841035580794 ] } },
{ "type": "Feature", "properties": { "patch_id": 3389, "year": 2023, "predicted_prob": 2.221062e-06, "predicted_class": "not_clearcut", "longitude": 145.94786179342157, "latitude": -42.857640674964287, "in_ptpz": true, "in_reserve": false, "flagged": false }, "geometry": { "type": "Point", "coordinates": [ 145.947861793421566, -42.857640674964287 ] } },
{ "type": "Feature", "properties": { "patch_id": 3391, "year": 2023, "predicted_prob": 7.5712601e-06, "predicted_class": "not_clearcut", "longitude": 145.96672641438806, "latitude": -42.845064260986618, "in_ptpz": true, "in_reserve": false, "flagged": false }, "geometry": { "type": "Point", "coordinates": [ 145.966726414388063, -42.845064260986618 ] } },
{ "type": "Feature", "properties": { "patch_id": 3392, "year": 2023, "predicted_prob": 1.8715971e-09, "predicted_class": "not_clearcut", "longitude": 145.5588912753978, "latitude": -42.571078099330165, "in_ptpz": true, "in_reserve": false, "flagged": false }, "geometry": { "type": "Point", "coordinates": [ 145.558891275397798, -42.571078099330165 ] } },
{ "type": "Feature", "properties": { "patch_id": 3395, "year": 2023, "predicted_prob": 9.6835295e-10, "predicted_class": "not_clearcut", "longitude": 145.51577214176007, "latitude": -42.608807341263187, "in_ptpz": true, "in_reserve": false, "flagged": false }, "geometry": { "type": "Point", "coordinates": [ 145.515772141760067, -42.608807341263187 ] } },
{ "type": "Feature", "properties": { "patch_id": 3396, "year": 2023, "predicted_prob": 3.8404018e-08, "predicted_class": "not_clearcut", "longitude": 145.57056937409135, "latitude": -42.565688207625442, "in_ptpz": true, "in_reserve": false, "flagged": false }, "geometry": { "type": "Point", "coordinates": [ 145.570569374091349, -42.565688207625442 ] } },
{ "type": "Feature", "properties": { "patch_id": 3400, "year": 2023, "predicted_prob": 0.62125891, "predicted_class": "clearcut", "longitude": 146.45990150536971, "latitude": -42.613298917683778, "in_ptpz": true, "in_reserve": false, "flagged": false }, "geometry": { "type": "Point", "coordinates": [ 146.459901505369714, -42.613298917683778 ] } },
{ "type": "Feature", "properties": { "patch_id": 3409, "year": 2023, "predicted_prob": 4.6730508e-09, "predicted_class": "not_clearcut", "longitude": 145.85353868858903, "latitude": -42.855844044396051, "in_ptpz": true, "in_reserve": false, "flagged": false }, "geometry": { "type": "Point", "coordinates": [ 145.853538688589026, -42.855844044396051 ] } },
{ "type": "Feature", "properties": { "patch_id": 3413, "year": 2023, "predicted_prob": 9.7775274e-11, "predicted_class": "not_clearcut", "longitude": 145.51846708761246, "latitude": -42.631265223366171, "in_ptpz": true, "in_reserve": false, "flagged": false }, "geometry": { "type": "Point", "coordinates": [ 145.518467087612464, -42.631265223366171 ] } },
{ "type": "Feature", "properties": { "patch_id": 3414, "year": 2023, "predicted_prob": 1.1589688e-07, "predicted_class": "not_clearcut", "longitude": 145.94247190171683, "latitude": -42.827996270588343, "in_ptpz": true, "in_reserve": false, "flagged": false }, "geometry": { "type": "Point", "coordinates": [ 145.942471901716829, -42.827996270588343 ] } },
{ "type": "Feature", "properties": { "patch_id": 3421, "year": 2023, "predicted_prob": 5.7761542e-07, "predicted_class": "not_clearcut", "longitude": 145.97121799080867, "latitude": -42.854945729111932, "in_ptpz": true, "in_reserve": false, "flagged": false }, "geometry": { "type": "Point", "coordinates": [ 145.971217990808668, -42.854945729111932 ] } },
{ "type": "Feature", "properties": { "patch_id": 3424, "year": 2023, "predicted_prob": 3.2582237e-05, "predicted_class": "not_clearcut", "longitude": 145.82838586063366, "latitude": -43.19630553707735, "in_ptpz": true, "in_reserve": false, "flagged": false }, "geometry": { "type": "Point", "coordinates": [ 145.828385860633659, -43.19630553707735 ] } },
{ "type": "Feature", "properties": { "patch_id": 3425, "year": 2023, "predicted_prob": 5.0830709e-05, "predicted_class": "not_clearcut", "longitude": 146.39073122849248, "latitude": -42.90704801559086, "in_ptpz": true, "in_reserve": false, "flagged": false }, "geometry": { "type": "Point", "coordinates": [ 146.390731228492484, -42.90704801559086 ] } },
{ "type": "Feature", "properties": { "patch_id": 3426, "year": 2023, "predicted_prob": 4.8741629e-05, "predicted_class": "not_clearcut", "longitude": 145.98199777421814, "latitude": -42.409381348188646, "in_ptpz": true, "in_reserve": false, "flagged": false }, "geometry": { "type": "Point", "coordinates": [ 145.981997774218144, -42.409381348188646 ] } },
{ "type": "Feature", "properties": { "patch_id": 3432, "year": 2023, "predicted_prob": 5.4250899e-11, "predicted_class": "not_clearcut", "longitude": 145.54272160028364, "latitude": -42.596230927285504, "in_ptpz": true, "in_reserve": false, "flagged": false }, "geometry": { "type": "Point", "coordinates": [ 145.542721600283642, -42.596230927285504 ] } },
{ "type": "Feature", "properties": { "patch_id": 3434, "year": 2023, "predicted_prob": 1.4339199e-09, "predicted_class": "not_clearcut", "longitude": 145.51397551119186, "latitude": -42.577366306318993, "in_ptpz": true, "in_reserve": false, "flagged": false }, "geometry": { "type": "Point", "coordinates": [ 145.513975511191859, -42.577366306318993 ] } },
{ "type": "Feature", "properties": { "patch_id": 3435, "year": 2023, "predicted_prob": 1.4525239e-07, "predicted_class": "not_clearcut", "longitude": 145.96852304495633, "latitude": -43.021134056674043, "in_ptpz": true, "in_reserve": false, "flagged": false }, "geometry": { "type": "Point", "coordinates": [ 145.968523044956328, -43.021134056674043 ] } },
{ "type": "Feature", "properties": { "patch_id": 3438, "year": 2023, "predicted_prob": 5.5474803e-09, "predicted_class": "not_clearcut", "longitude": 145.56428116710254, "latitude": -42.587247774444307, "in_ptpz": true, "in_reserve": false, "flagged": false }, "geometry": { "type": "Point", "coordinates": [ 145.564281167102536, -42.587247774444307 ] } },
{ "type": "Feature", "properties": { "patch_id": 3443, "year": 2023, "predicted_prob": 0.0050485888, "predicted_class": "not_clearcut", "longitude": 145.7187913959711, "latitude": -42.738164742176394, "in_ptpz": true, "in_reserve": false, "flagged": false }, "geometry": { "type": "Point", "coordinates": [ 145.718791395971095, -42.738164742176394 ] } },
{ "type": "Feature", "properties": { "patch_id": 3452, "year": 2023, "predicted_prob": 0.00019849626, "predicted_class": "not_clearcut", "longitude": 145.96942136024046, "latitude": -42.866623827805483, "in_ptpz": true, "in_reserve": false, "flagged": false }, "geometry": { "type": "Point", "coordinates": [ 145.96942136024046, -42.866623827805483 ] } },
{ "type": "Feature", "properties": { "patch_id": 3457, "year": 2023, "predicted_prob": 7.3017781e-10, "predicted_class": "not_clearcut", "longitude": 145.85174205802076, "latitude": -42.878301926499034, "in_ptpz": true, "in_reserve": false, "flagged": false }, "geometry": { "type": "Point", "coordinates": [ 145.851742058020761, -42.878301926499034 ] } },
{ "type": "Feature", "properties": { "patch_id": 3459, "year": 2023, "predicted_prob": 5.0330762e-08, "predicted_class": "not_clearcut", "longitude": 146.16705072274675, "latitude": -42.913336222579701, "in_ptpz": true, "in_reserve": false, "flagged": false }, "geometry": { "type": "Point", "coordinates": [ 146.167050722746751, -42.913336222579701 ] } },
{ "type": "Feature", "properties": { "patch_id": 3466, "year": 2023, "predicted_prob": 1.8249031e-10, "predicted_class": "not_clearcut", "longitude": 145.52295866403301, "latitude": -42.630366908082053, "in_ptpz": true, "in_reserve": false, "flagged": false }, "geometry": { "type": "Point", "coordinates": [ 145.522958664033013, -42.630366908082053 ] } },
{ "type": "Feature", "properties": { "patch_id": 3469, "year": 2023, "predicted_prob": 1.2606384e-06, "predicted_class": "not_clearcut", "longitude": 145.60919693130853, "latitude": -42.584552828591953, "in_ptpz": true, "in_reserve": true, "flagged": false }, "geometry": { "type": "Point", "coordinates": [ 145.609196931308531, -42.584552828591953 ] } },
{ "type": "Feature", "properties": { "patch_id": 3472, "year": 2023, "predicted_prob": 6.1279786e-07, "predicted_class": "not_clearcut", "longitude": 145.57326431994375, "latitude": -42.565688207625442, "in_ptpz": true, "in_reserve": false, "flagged": false }, "geometry": { "type": "Point", "coordinates": [ 145.573264319943746, -42.565688207625442 ] } },
{ "type": "Feature", "properties": { "patch_id": 3478, "year": 2023, "predicted_prob": 2.4688078e-09, "predicted_class": "not_clearcut", "longitude": 145.53733170857896, "latitude": -42.607909025979055, "in_ptpz": true, "in_reserve": false, "flagged": false }, "geometry": { "type": "Point", "coordinates": [ 145.537331708578961, -42.607909025979055 ] } },
{ "type": "Feature", "properties": { "patch_id": 3481, "year": 2023, "predicted_prob": 2.6256012e-05, "predicted_class": "not_clearcut", "longitude": 146.38623965207188, "latitude": -42.907946330874978, "in_ptpz": true, "in_reserve": false, "flagged": false }, "geometry": { "type": "Point", "coordinates": [ 146.386239652071879, -42.907946330874978 ] } },
{ "type": "Feature", "properties": { "patch_id": 3487, "year": 2023, "predicted_prob": 1.0753004e-10, "predicted_class": "not_clearcut", "longitude": 145.52834855573775, "latitude": -42.556705054784246, "in_ptpz": true, "in_reserve": false, "flagged": false }, "geometry": { "type": "Point", "coordinates": [ 145.52834855573775, -42.556705054784246 ] } },
{ "type": "Feature", "properties": { "patch_id": 3488, "year": 2023, "predicted_prob": 0.00038862866, "predicted_class": "not_clearcut", "longitude": 145.98738766592282, "latitude": -42.411177978756882, "in_ptpz": true, "in_reserve": false, "flagged": false }, "geometry": { "type": "Point", "coordinates": [ 145.987387665922824, -42.411177978756882 ] } },
{ "type": "Feature", "properties": { "patch_id": 3493, "year": 2023, "predicted_prob": 2.3088798e-07, "predicted_class": "not_clearcut", "longitude": 145.83467406762253, "latitude": -42.853149098543696, "in_ptpz": true, "in_reserve": false, "flagged": false }, "geometry": { "type": "Point", "coordinates": [ 145.834674067622529, -42.853149098543696 ] } },
{ "type": "Feature", "properties": { "patch_id": 3504, "year": 2023, "predicted_prob": 4.157901e-08, "predicted_class": "not_clearcut", "longitude": 145.59302725619438, "latitude": -42.571976414614291, "in_ptpz": true, "in_reserve": true, "flagged": false }, "geometry": { "type": "Point", "coordinates": [ 145.593027256194375, -42.571976414614291 ] } },
{ "type": "Feature", "properties": { "patch_id": 3505, "year": 2023, "predicted_prob": 6.3721104e-06, "predicted_class": "not_clearcut", "longitude": 145.50319572778238, "latitude": -42.626773646945566, "in_ptpz": true, "in_reserve": false, "flagged": false }, "geometry": { "type": "Point", "coordinates": [ 145.503195727782384, -42.626773646945566 ] } },
{ "type": "Feature", "properties": { "patch_id": 3507, "year": 2023, "predicted_prob": 3.513583e-10, "predicted_class": "not_clearcut", "longitude": 145.52565360988541, "latitude": -42.611502287115542, "in_ptpz": true, "in_reserve": false, "flagged": false }, "geometry": { "type": "Point", "coordinates": [ 145.52565360988541, -42.611502287115542 ] } },
{ "type": "Feature", "properties": { "patch_id": 3508, "year": 2023, "predicted_prob": 1.8919648e-10, "predicted_class": "not_clearcut", "longitude": 145.83916564404311, "latitude": -42.874708665362562, "in_ptpz": true, "in_reserve": false, "flagged": false }, "geometry": { "type": "Point", "coordinates": [ 145.839165644043106, -42.874708665362562 ] } },
{ "type": "Feature", "properties": { "patch_id": 3509, "year": 2023, "predicted_prob": 4.6171015e-13, "predicted_class": "not_clearcut", "longitude": 145.53643339329483, "latitude": -42.577366306318993, "in_ptpz": true, "in_reserve": false, "flagged": false }, "geometry": { "type": "Point", "coordinates": [ 145.536433393294828, -42.577366306318993 ] } },
{ "type": "Feature", "properties": { "patch_id": 3515, "year": 2023, "predicted_prob": 8.0401713e-10, "predicted_class": "not_clearcut", "longitude": 145.52206034874894, "latitude": -42.615095548252015, "in_ptpz": true, "in_reserve": false, "flagged": false }, "geometry": { "type": "Point", "coordinates": [ 145.522060348748937, -42.615095548252015 ] } },
{ "type": "Feature", "properties": { "patch_id": 3516, "year": 2023, "predicted_prob": 0.00050133216, "predicted_class": "not_clearcut", "longitude": 146.14279621007552, "latitude": -42.634858484502637, "in_ptpz": true, "in_reserve": false, "flagged": false }, "geometry": { "type": "Point", "coordinates": [ 146.142796210075517, -42.634858484502637 ] } },
{ "type": "Feature", "properties": { "patch_id": 3517, "year": 2023, "predicted_prob": 3.7359952e-11, "predicted_class": "not_clearcut", "longitude": 145.51487382647599, "latitude": -42.568383153477797, "in_ptpz": true, "in_reserve": false, "flagged": false }, "geometry": { "type": "Point", "coordinates": [ 145.514873826475991, -42.568383153477797 ] } },
{ "type": "Feature", "properties": { "patch_id": 3519, "year": 2023, "predicted_prob": 2.5700025e-11, "predicted_class": "not_clearcut", "longitude": 145.51756877232833, "latitude": -42.556705054784246, "in_ptpz": true, "in_reserve": false, "flagged": false }, "geometry": { "type": "Point", "coordinates": [ 145.517568772328332, -42.556705054784246 ] } },
{ "type": "Feature", "properties": { "patch_id": 3523, "year": 2023, "predicted_prob": 3.5616288e-06, "predicted_class": "not_clearcut", "longitude": 145.57326431994375, "latitude": -42.571078099330165, "in_ptpz": true, "in_reserve": false, "flagged": false }, "geometry": { "type": "Point", "coordinates": [ 145.573264319943746, -42.571078099330165 ] } },
{ "type": "Feature", "properties": { "patch_id": 3525, "year": 2023, "predicted_prob": 2.812526e-10, "predicted_class": "not_clearcut", "longitude": 145.51756877232833, "latitude": -42.618688809388502, "in_ptpz": true, "in_reserve": false, "flagged": false }, "geometry": { "type": "Point", "coordinates": [ 145.517568772328332, -42.618688809388502 ] } },
{ "type": "Feature", "properties": { "patch_id": 3528, "year": 2023, "predicted_prob": 5.5979896e-09, "predicted_class": "not_clearcut", "longitude": 145.93887864058036, "latitude": -42.82979290115658, "in_ptpz": true, "in_reserve": false, "flagged": false }, "geometry": { "type": "Point", "coordinates": [ 145.938878640580356, -42.82979290115658 ] } },
{ "type": "Feature", "properties": { "patch_id": 3530, "year": 2023, "predicted_prob": 4.8045552e-12, "predicted_class": "not_clearcut", "longitude": 145.53014518630602, "latitude": -42.556705054784246, "in_ptpz": true, "in_reserve": false, "flagged": false }, "geometry": { "type": "Point", "coordinates": [ 145.530145186306015, -42.556705054784246 ] } },
{ "type": "Feature", "properties": { "patch_id": 3536, "year": 2023, "predicted_prob": 4.7847633e-09, "predicted_class": "not_clearcut", "longitude": 145.5166704570442, "latitude": -42.637553430355013, "in_ptpz": true, "in_reserve": false, "flagged": false }, "geometry": { "type": "Point", "coordinates": [ 145.516670457044199, -42.637553430355013 ] } },
{ "type": "Feature", "properties": { "patch_id": 3542, "year": 2023, "predicted_prob": 3.4226756e-12, "predicted_class": "not_clearcut", "longitude": 145.54451823085191, "latitude": -42.582756198023709, "in_ptpz": true, "in_reserve": false, "flagged": false }, "geometry": { "type": "Point", "coordinates": [ 145.544518230851907, -42.582756198023709 ] } },
{ "type": "Feature", "properties": { "patch_id": 3544, "year": 2023, "predicted_prob": 0.011672386, "predicted_class": "not_clearcut", "longitude": 146.11854169740428, "latitude": -42.660011312458003, "in_ptpz": true, "in_reserve": false, "flagged": false }, "geometry": { "type": "Point", "coordinates": [ 146.118541697404282, -42.660011312458003 ] } },
{ "type": "Feature", "properties": { "patch_id": 3545, "year": 2023, "predicted_prob": 1.9874078e-06, "predicted_class": "not_clearcut", "longitude": 145.57056937409135, "latitude": -42.545925271374813, "in_ptpz": true, "in_reserve": false, "flagged": false }, "geometry": { "type": "Point", "coordinates": [ 145.570569374091349, -42.545925271374813 ] } },
{ "type": "Feature", "properties": { "patch_id": 3549, "year": 2023, "predicted_prob": 7.7876749e-10, "predicted_class": "not_clearcut", "longitude": 145.52295866403301, "latitude": -42.645638267912076, "in_ptpz": true, "in_reserve": false, "flagged": false }, "geometry": { "type": "Point", "coordinates": [ 145.522958664033013, -42.645638267912076 ] } },
{ "type": "Feature", "properties": { "patch_id": 3550, "year": 2023, "predicted_prob": 5.3473548e-10, "predicted_class": "not_clearcut", "longitude": 145.50768730420299, "latitude": -42.571078099330165, "in_ptpz": true, "in_reserve": false, "flagged": false }, "geometry": { "type": "Point", "coordinates": [ 145.507687304202989, -42.571078099330165 ] } },
{ "type": "Feature", "properties": { "patch_id": 3554, "year": 2023, "predicted_prob": 6.6250436e-09, "predicted_class": "not_clearcut", "longitude": 145.73406275580112, "latitude": -42.732774850471671, "in_ptpz": true, "in_reserve": false, "flagged": false }, "geometry": { "type": "Point", "coordinates": [ 145.734062755801119, -42.732774850471671 ] } },
{ "type": "Feature", "properties": { "patch_id": 3557, "year": 2023, "predicted_prob": 1.7340738e-09, "predicted_class": "not_clearcut", "longitude": 145.51936540289654, "latitude": -42.637553430355013, "in_ptpz": true, "in_reserve": false, "flagged": false }, "geometry": { "type": "Point", "coordinates": [ 145.51936540289654, -42.637553430355013 ] } },
{ "type": "Feature", "properties": { "patch_id": 3561, "year": 2023, "predicted_prob": 1.8599141e-09, "predicted_class": "not_clearcut", "longitude": 145.54541654613604, "latitude": -42.558501685352482, "in_ptpz": true, "in_reserve": false, "flagged": false }, "geometry": { "type": "Point", "coordinates": [ 145.545416546136039, -42.558501685352482 ] } },
{ "type": "Feature", "properties": { "patch_id": 3567, "year": 2023, "predicted_prob": 2.1552562e-06, "predicted_class": "not_clearcut", "longitude": 145.57865421164843, "latitude": -42.552213478363655, "in_ptpz": true, "in_reserve": false, "flagged": false }, "geometry": { "type": "Point", "coordinates": [ 145.578654211648427, -42.552213478363655 ] } },
{ "type": "Feature", "properties": { "patch_id": 3568, "year": 2023, "predicted_prob": 7.421623e-05, "predicted_class": "not_clearcut", "longitude": 145.60470535488793, "latitude": -42.560298315920733, "in_ptpz": true, "in_reserve": true, "flagged": false }, "geometry": { "type": "Point", "coordinates": [ 145.604705354887926, -42.560298315920733 ] } },
{ "type": "Feature", "properties": { "patch_id": 3571, "year": 2023, "predicted_prob": 2.8969862e-06, "predicted_class": "not_clearcut", "longitude": 145.60201040903561, "latitude": -42.575569675750756, "in_ptpz": true, "in_reserve": true, "flagged": false }, "geometry": { "type": "Point", "coordinates": [ 145.602010409035614, -42.575569675750756 ] } },
{ "type": "Feature", "properties": { "patch_id": 3573, "year": 2023, "predicted_prob": 1.0269692e-10, "predicted_class": "not_clearcut", "longitude": 145.51846708761246, "latitude": -42.585451143876071, "in_ptpz": true, "in_reserve": false, "flagged": false }, "geometry": { "type": "Point", "coordinates": [ 145.518467087612464, -42.585451143876071 ] } },
{ "type": "Feature", "properties": { "patch_id": 3576, "year": 2023, "predicted_prob": 3.0328781e-08, "predicted_class": "not_clearcut", "longitude": 145.94337021700096, "latitude": -42.840572684566013, "in_ptpz": true, "in_reserve": false, "flagged": false }, "geometry": { "type": "Point", "coordinates": [ 145.943370217000961, -42.840572684566013 ] } },
{ "type": "Feature", "properties": { "patch_id": 3578, "year": 2023, "predicted_prob": 3.3591491e-10, "predicted_class": "not_clearcut", "longitude": 145.52565360988541, "latitude": -42.554010108931891, "in_ptpz": true, "in_reserve": false, "flagged": false }, "geometry": { "type": "Point", "coordinates": [ 145.52565360988541, -42.554010108931891 ] } },
{ "type": "Feature", "properties": { "patch_id": 3579, "year": 2023, "predicted_prob": 3.0724207e-10, "predicted_class": "not_clearcut", "longitude": 146.11405012098368, "latitude": -42.679774248708625, "in_ptpz": true, "in_reserve": false, "flagged": false }, "geometry": { "type": "Point", "coordinates": [ 146.114050120983677, -42.679774248708625 ] } },
{ "type": "Feature", "properties": { "patch_id": 3590, "year": 2023, "predicted_prob": 3.1091416e-10, "predicted_class": "not_clearcut", "longitude": 145.8571319497255, "latitude": -42.881895187635521, "in_ptpz": true, "in_reserve": false, "flagged": false }, "geometry": { "type": "Point", "coordinates": [ 145.857131949725499, -42.881895187635521 ] } },
{ "type": "Feature", "properties": { "patch_id": 3595, "year": 2023, "predicted_prob": 4.5194064e-08, "predicted_class": "not_clearcut", "longitude": 145.59931546318319, "latitude": -42.585451143876071, "in_ptpz": true, "in_reserve": true, "flagged": false }, "geometry": { "type": "Point", "coordinates": [ 145.599315463183189, -42.585451143876071 ] } },
{ "type": "Feature", "properties": { "patch_id": 3596, "year": 2023, "predicted_prob": 7.855265e-11, "predicted_class": "not_clearcut", "longitude": 145.82569091478132, "latitude": -42.871115404226074, "in_ptpz": true, "in_reserve": false, "flagged": false }, "geometry": { "type": "Point", "coordinates": [ 145.825690914781319, -42.871115404226074 ] } },
{ "type": "Feature", "properties": { "patch_id": 3597, "year": 2023, "predicted_prob": 3.5423263e-08, "predicted_class": "not_clearcut", "longitude": 145.94247190171683, "latitude": -42.834284477577185, "in_ptpz": true, "in_reserve": false, "flagged": false }, "geometry": { "type": "Point", "coordinates": [ 145.942471901716829, -42.834284477577185 ] } },
{ "type": "Feature", "properties": { "patch_id": 3612, "year": 2023, "predicted_prob": 6.2879772e-09, "predicted_class": "not_clearcut", "longitude": 145.53463676272662, "latitude": -42.580061252171362, "in_ptpz": true, "in_reserve": false, "flagged": false }, "geometry": { "type": "Point", "coordinates": [ 145.53463676272662, -42.580061252171362 ] } },
{ "type": "Feature", "properties": { "patch_id": 3615, "year": 2023, "predicted_prob": 8.4873364e-10, "predicted_class": "not_clearcut", "longitude": 145.8571319497255, "latitude": -42.86123393610076, "in_ptpz": true, "in_reserve": false, "flagged": false }, "geometry": { "type": "Point", "coordinates": [ 145.857131949725499, -42.86123393610076 ] } },
{ "type": "Feature", "properties": { "patch_id": 3618, "year": 2023, "predicted_prob": 4.5219731e-06, "predicted_class": "not_clearcut", "longitude": 145.96672641438806, "latitude": -42.82979290115658, "in_ptpz": true, "in_reserve": false, "flagged": false }, "geometry": { "type": "Point", "coordinates": [ 145.966726414388063, -42.82979290115658 ] } },
{ "type": "Feature", "properties": { "patch_id": 3627, "year": 2023, "predicted_prob": 5.3242961e-09, "predicted_class": "not_clearcut", "longitude": 145.50139909721418, "latitude": -42.586349459160189, "in_ptpz": true, "in_reserve": false, "flagged": false }, "geometry": { "type": "Point", "coordinates": [ 145.501399097214176, -42.586349459160189 ] } },
{ "type": "Feature", "properties": { "patch_id": 3629, "year": 2023, "predicted_prob": 8.4500964e-05, "predicted_class": "not_clearcut", "longitude": 145.94965842398983, "latitude": -42.855844044396051, "in_ptpz": true, "in_reserve": false, "flagged": false }, "geometry": { "type": "Point", "coordinates": [ 145.949658423989831, -42.855844044396051 ] } },
{ "type": "Feature", "properties": { "patch_id": 3631, "year": 2023, "predicted_prob": 1.9516425e-10, "predicted_class": "not_clearcut", "longitude": 145.52475529460128, "latitude": -42.596230927285504, "in_ptpz": true, "in_reserve": false, "flagged": false }, "geometry": { "type": "Point", "coordinates": [ 145.524755294601277, -42.596230927285504 ] } },
{ "type": "Feature", "properties": { "patch_id": 3633, "year": 2023, "predicted_prob": 4.1890953e-09, "predicted_class": "not_clearcut", "longitude": 145.57056937409135, "latitude": -42.561196631204851, "in_ptpz": true, "in_reserve": false, "flagged": false }, "geometry": { "type": "Point", "coordinates": [ 145.570569374091349, -42.561196631204851 ] } },
{ "type": "Feature", "properties": { "patch_id": 3639, "year": 2023, "predicted_prob": 1.2580524e-07, "predicted_class": "not_clearcut", "longitude": 146.16884735331496, "latitude": -42.615095548252015, "in_ptpz": true, "in_reserve": false, "flagged": false }, "geometry": { "type": "Point", "coordinates": [ 146.168847353314959, -42.615095548252015 ] } },
{ "type": "Feature", "properties": { "patch_id": 3641, "year": 2023, "predicted_prob": 5.1608486e-09, "predicted_class": "not_clearcut", "longitude": 145.55170475312485, "latitude": -42.554010108931891, "in_ptpz": true, "in_reserve": false, "flagged": false }, "geometry": { "type": "Point", "coordinates": [ 145.551704753124852, -42.554010108931891 ] } },
{ "type": "Feature", "properties": { "patch_id": 3643, "year": 2023, "predicted_prob": 4.9952729e-11, "predicted_class": "not_clearcut", "longitude": 145.97570956722927, "latitude": -43.006761012128123, "in_ptpz": true, "in_reserve": false, "flagged": false }, "geometry": { "type": "Point", "coordinates": [ 145.975709567229273, -43.006761012128123 ] } },
{ "type": "Feature", "properties": { "patch_id": 3647, "year": 2023, "predicted_prob": 1.7112506e-10, "predicted_class": "not_clearcut", "longitude": 145.96942136024046, "latitude": -43.01035427326461, "in_ptpz": true, "in_reserve": false, "flagged": false }, "geometry": { "type": "Point", "coordinates": [ 145.96942136024046, -43.01035427326461 ] } },
{ "type": "Feature", "properties": { "patch_id": 3650, "year": 2023, "predicted_prob": 1.4112125e-09, "predicted_class": "not_clearcut", "longitude": 145.56787442823901, "latitude": -42.584552828591953, "in_ptpz": true, "in_reserve": false, "flagged": false }, "geometry": { "type": "Point", "coordinates": [ 145.567874428239008, -42.584552828591953 ] } },
{ "type": "Feature", "properties": { "patch_id": 3651, "year": 2023, "predicted_prob": 1.0777798e-08, "predicted_class": "not_clearcut", "longitude": 145.50768730420299, "latitude": -42.603417449558464, "in_ptpz": true, "in_reserve": false, "flagged": false }, "geometry": { "type": "Point", "coordinates": [ 145.507687304202989, -42.603417449558464 ] } },
{ "type": "Feature", "properties": { "patch_id": 3653, "year": 2023, "predicted_prob": 9.2872725e-08, "predicted_class": "not_clearcut", "longitude": 145.84635216631608, "latitude": -42.888183394624349, "in_ptpz": true, "in_reserve": false, "flagged": false }, "geometry": { "type": "Point", "coordinates": [ 145.84635216631608, -42.888183394624349 ] } },
{ "type": "Feature", "properties": { "patch_id": 3656, "year": 2023, "predicted_prob": 9.8074352e-06, "predicted_class": "not_clearcut", "longitude": 145.58673904920551, "latitude": -42.586349459160189, "in_ptpz": true, "in_reserve": true, "flagged": false }, "geometry": { "type": "Point", "coordinates": [ 145.586739049205505, -42.586349459160189 ] } },
{ "type": "Feature", "properties": { "patch_id": 3665, "year": 2023, "predicted_prob": 1.4103238e-10, "predicted_class": "not_clearcut", "longitude": 145.84814879688429, "latitude": -42.863928881953129, "in_ptpz": true, "in_reserve": false, "flagged": false }, "geometry": { "type": "Point", "coordinates": [ 145.848148796884288, -42.863928881953129 ] } },
{ "type": "Feature", "properties": { "patch_id": 3667, "year": 2023, "predicted_prob": 2.954563e-12, "predicted_class": "not_clearcut", "longitude": 145.52834855573775, "latitude": -42.571078099330165, "in_ptpz": true, "in_reserve": false, "flagged": false }, "geometry": { "type": "Point", "coordinates": [ 145.52834855573775, -42.571078099330165 ] } },
{ "type": "Feature", "properties": { "patch_id": 3670, "year": 2023, "predicted_prob": 8.2049482e-06, "predicted_class": "not_clearcut", "longitude": 145.57416263522788, "latitude": -42.570179784046047, "in_ptpz": true, "in_reserve": false, "flagged": false }, "geometry": { "type": "Point", "coordinates": [ 145.574162635227879, -42.570179784046047 ] } },
{ "type": "Feature", "properties": { "patch_id": 3672, "year": 2023, "predicted_prob": 8.2384721e-10, "predicted_class": "not_clearcut", "longitude": 145.84635216631608, "latitude": -42.872013719510207, "in_ptpz": true, "in_reserve": false, "flagged": false }, "geometry": { "type": "Point", "coordinates": [ 145.84635216631608, -42.872013719510207 ] } },
{ "type": "Feature", "properties": { "patch_id": 3673, "year": 2023, "predicted_prob": 1.5725288e-10, "predicted_class": "not_clearcut", "longitude": 145.84994542745255, "latitude": -42.884590133487869, "in_ptpz": true, "in_reserve": false, "flagged": false }, "geometry": { "type": "Point", "coordinates": [ 145.849945427452553, -42.884590133487869 ] } },
{ "type": "Feature", "properties": { "patch_id": 3674, "year": 2023, "predicted_prob": 0.020236123, "predicted_class": "not_clearcut", "longitude": 145.71968971125523, "latitude": -42.740859688028749, "in_ptpz": true, "in_reserve": false, "flagged": false }, "geometry": { "type": "Point", "coordinates": [ 145.719689711255228, -42.740859688028749 ] } },
{ "type": "Feature", "properties": { "patch_id": 3678, "year": 2023, "predicted_prob": 0.00042967495, "predicted_class": "not_clearcut", "longitude": 145.61009524659261, "latitude": -42.577366306318993, "in_ptpz": true, "in_reserve": true, "flagged": false }, "geometry": { "type": "Point", "coordinates": [ 145.610095246592607, -42.577366306318993 ] } },
{ "type": "Feature", "properties": { "patch_id": 3679, "year": 2023, "predicted_prob": 1.8348633e-11, "predicted_class": "not_clearcut", "longitude": 145.84006395932721, "latitude": -42.862132251384892, "in_ptpz": true, "in_reserve": false, "flagged": false }, "geometry": { "type": "Point", "coordinates": [ 145.84006395932721, -42.862132251384892 ] } },
{ "type": "Feature", "properties": { "patch_id": 3686, "year": 2023, "predicted_prob": 2.4851165e-06, "predicted_class": "not_clearcut", "longitude": 145.98469272007048, "latitude": -43.006761012128123, "in_ptpz": true, "in_reserve": false, "flagged": false }, "geometry": { "type": "Point", "coordinates": [ 145.984692720070484, -43.006761012128123 ] } },
{ "type": "Feature", "properties": { "patch_id": 3692, "year": 2023, "predicted_prob": 2.5102318e-09, "predicted_class": "not_clearcut", "longitude": 145.50499235835065, "latitude": -42.591739350864913, "in_ptpz": true, "in_reserve": false, "flagged": false }, "geometry": { "type": "Point", "coordinates": [ 145.504992358350648, -42.591739350864913 ] } },
{ "type": "Feature", "properties": { "patch_id": 3693, "year": 2023, "predicted_prob": 2.8044039e-11, "predicted_class": "not_clearcut", "longitude": 145.83467406762253, "latitude": -42.86842045837372, "in_ptpz": true, "in_reserve": false, "flagged": false }, "geometry": { "type": "Point", "coordinates": [ 145.834674067622529, -42.86842045837372 ] } },
{ "type": "Feature", "properties": { "patch_id": 3696, "year": 2023, "predicted_prob": 7.5371951e-05, "predicted_class": "not_clearcut", "longitude": 145.60919693130853, "latitude": -42.590841035580794, "in_ptpz": true, "in_reserve": true, "flagged": false }, "geometry": { "type": "Point", "coordinates": [ 145.609196931308531, -42.590841035580794 ] } },
{ "type": "Feature", "properties": { "patch_id": 3698, "year": 2023, "predicted_prob": 0.00039293212, "predicted_class": "not_clearcut", "longitude": 145.75562232262001, "latitude": -42.715706860073411, "in_ptpz": true, "in_reserve": false, "flagged": false }, "geometry": { "type": "Point", "coordinates": [ 145.755622322620013, -42.715706860073411 ] } },
{ "type": "Feature", "properties": { "patch_id": 3700, "year": 2023, "predicted_prob": 0.00057200686, "predicted_class": "not_clearcut", "longitude": 146.25688225115869, "latitude": -42.793860289791809, "in_ptpz": true, "in_reserve": false, "flagged": false }, "geometry": { "type": "Point", "coordinates": [ 146.256882251158686, -42.793860289791809 ] } },
{ "type": "Feature", "properties": { "patch_id": 3701, "year": 2023, "predicted_prob": 0.0012352153, "predicted_class": "not_clearcut", "longitude": 145.77269031301824, "latitude": -42.725588328198725, "in_ptpz": true, "in_reserve": false, "flagged": false }, "geometry": { "type": "Point", "coordinates": [ 145.772690313018245, -42.725588328198725 ] } },
{ "type": "Feature", "properties": { "patch_id": 3703, "year": 2023, "predicted_prob": 7.6066581e-06, "predicted_class": "not_clearcut", "longitude": 145.75023243091528, "latitude": -42.736368111608158, "in_ptpz": true, "in_reserve": false, "flagged": false }, "geometry": { "type": "Point", "coordinates": [ 145.750232430915275, -42.736368111608158 ] } },
{ "type": "Feature", "properties": { "patch_id": 3705, "year": 2023, "predicted_prob": 3.3919911e-10, "predicted_class": "not_clearcut", "longitude": 145.56068790596606, "latitude": -42.5594000006366, "in_ptpz": true, "in_reserve": false, "flagged": false }, "geometry": { "type": "Point", "coordinates": [ 145.560687905966063, -42.5594000006366 ] } },
{ "type": "Feature", "properties": { "patch_id": 3706, "year": 2023, "predicted_prob": 2.9961178e-10, "predicted_class": "not_clearcut", "longitude": 145.83736901347487, "latitude": -42.854945729111932, "in_ptpz": true, "in_reserve": false, "flagged": false }, "geometry": { "type": "Point", "coordinates": [ 145.83736901347487, -42.854945729111932 ] } },
{ "type": "Feature", "properties": { "patch_id": 3708, "year": 2023, "predicted_prob": 6.8166386e-08, "predicted_class": "not_clearcut", "longitude": 145.93169211830741, "latitude": -42.827996270588343, "in_ptpz": true, "in_reserve": false, "flagged": false }, "geometry": { "type": "Point", "coordinates": [ 145.93169211830741, -42.827996270588343 ] } },
{ "type": "Feature", "properties": { "patch_id": 3709, "year": 2023, "predicted_prob": 8.218614e-11, "predicted_class": "not_clearcut", "longitude": 145.54631486142017, "latitude": -42.579162936887244, "in_ptpz": true, "in_reserve": false, "flagged": false }, "geometry": { "type": "Point", "coordinates": [ 145.546314861420171, -42.579162936887244 ] } },
{ "type": "Feature", "properties": { "patch_id": 3711, "year": 2023, "predicted_prob": 3.916181e-07, "predicted_class": "not_clearcut", "longitude": 145.50948393477125, "latitude": -42.59802755785374, "in_ptpz": true, "in_reserve": false, "flagged": false }, "geometry": { "type": "Point", "coordinates": [ 145.509483934771254, -42.59802755785374 ] } },
{ "type": "Feature", "properties": { "patch_id": 3716, "year": 2023, "predicted_prob": 0.0013715744, "predicted_class": "not_clearcut", "longitude": 146.11764338212015, "latitude": -42.632163538650289, "in_ptpz": true, "in_reserve": false, "flagged": false }, "geometry": { "type": "Point", "coordinates": [ 146.11764338212015, -42.632163538650289 ] } },
{ "type": "Feature", "properties": { "patch_id": 3718, "year": 2023, "predicted_prob": 7.5677929e-07, "predicted_class": "not_clearcut", "longitude": 145.82299596892898, "latitude": -42.846860891554854, "in_ptpz": true, "in_reserve": false, "flagged": false }, "geometry": { "type": "Point", "coordinates": [ 145.822995968928979, -42.846860891554854 ] } },
{ "type": "Feature", "properties": { "patch_id": 3721, "year": 2023, "predicted_prob": 8.9916661e-08, "predicted_class": "not_clearcut", "longitude": 145.86701341785084, "latitude": -42.876505295930798, "in_ptpz": true, "in_reserve": false, "flagged": false }, "geometry": { "type": "Point", "coordinates": [ 145.867013417850842, -42.876505295930798 ] } },
{ "type": "Feature", "properties": { "patch_id": 3725, "year": 2023, "predicted_prob": 9.4806685e-10, "predicted_class": "not_clearcut", "longitude": 145.55619632954546, "latitude": -42.567484838193678, "in_ptpz": true, "in_reserve": false, "flagged": false }, "geometry": { "type": "Point", "coordinates": [ 145.556196329545458, -42.567484838193678 ] } },
{ "type": "Feature", "properties": { "patch_id": 3734, "year": 2023, "predicted_prob": 2.3103511e-13, "predicted_class": "not_clearcut", "longitude": 145.52655192516954, "latitude": -42.564789892341331, "in_ptpz": true, "in_reserve": false, "flagged": false }, "geometry": { "type": "Point", "coordinates": [ 145.526551925169542, -42.564789892341331 ] } },
{ "type": "Feature", "properties": { "patch_id": 3736, "year": 2023, "predicted_prob": 1.5246808e-08, "predicted_class": "not_clearcut", "longitude": 145.55978959068193, "latitude": -42.544128640806576, "in_ptpz": true, "in_reserve": false, "flagged": false }, "geometry": { "type": "Point", "coordinates": [ 145.55978959068193, -42.544128640806576 ] } },
{ "type": "Feature", "properties": { "patch_id": 3738, "year": 2023, "predicted_prob": 0.020511391, "predicted_class": "not_clearcut", "longitude": 146.11584675155194, "latitude": -42.65821468188976, "in_ptpz": true, "in_reserve": false, "flagged": false }, "geometry": { "type": "Point", "coordinates": [ 146.115846751551942, -42.65821468188976 ] } },
{ "type": "Feature", "properties": { "patch_id": 3739, "year": 2023, "predicted_prob": 9.2588534e-06, "predicted_class": "not_clearcut", "longitude": 146.16345746161028, "latitude": -42.615993863536133, "in_ptpz": true, "in_reserve": false, "flagged": false }, "geometry": { "type": "Point", "coordinates": [ 146.163457461610278, -42.615993863536133 ] } },
{ "type": "Feature", "properties": { "patch_id": 3741, "year": 2023, "predicted_prob": 5.8203997e-09, "predicted_class": "not_clearcut", "longitude": 145.81131787023543, "latitude": -43.197203852361469, "in_ptpz": true, "in_reserve": false, "flagged": false }, "geometry": { "type": "Point", "coordinates": [ 145.811317870235428, -43.197203852361469 ] } },
{ "type": "Feature", "properties": { "patch_id": 3742, "year": 2023, "predicted_prob": 6.8999249e-08, "predicted_class": "not_clearcut", "longitude": 145.60290872431966, "latitude": -42.587247774444307, "in_ptpz": true, "in_reserve": true, "flagged": false }, "geometry": { "type": "Point", "coordinates": [ 145.602908724319661, -42.587247774444307 ] } },
{ "type": "Feature", "properties": { "patch_id": 3748, "year": 2023, "predicted_prob": 7.667918e-10, "predicted_class": "not_clearcut", "longitude": 145.55260306840898, "latitude": -42.552213478363655, "in_ptpz": true, "in_reserve": false, "flagged": false }, "geometry": { "type": "Point", "coordinates": [ 145.552603068408985, -42.552213478363655 ] } },
{ "type": "Feature", "properties": { "patch_id": 3757, "year": 2023, "predicted_prob": 4.1509258e-09, "predicted_class": "not_clearcut", "longitude": 145.5660777976708, "latitude": -42.567484838193678, "in_ptpz": true, "in_reserve": false, "flagged": false }, "geometry": { "type": "Point", "coordinates": [ 145.5660777976708, -42.567484838193678 ] } },
{ "type": "Feature", "properties": { "patch_id": 3758, "year": 2023, "predicted_prob": 5.3916593e-10, "predicted_class": "not_clearcut", "longitude": 145.83108080648606, "latitude": -42.873810350078443, "in_ptpz": true, "in_reserve": false, "flagged": false }, "geometry": { "type": "Point", "coordinates": [ 145.831080806486057, -42.873810350078443 ] } },
{ "type": "Feature", "properties": { "patch_id": 3763, "year": 2023, "predicted_prob": 3.5116529e-05, "predicted_class": "not_clearcut", "longitude": 146.40779921889077, "latitude": -42.8998614933179, "in_ptpz": true, "in_reserve": false, "flagged": false }, "geometry": { "type": "Point", "coordinates": [ 146.407799218890773, -42.8998614933179 ] } },
{ "type": "Feature", "properties": { "patch_id": 3764, "year": 2023, "predicted_prob": 0.010186515, "predicted_class": "not_clearcut", "longitude": 146.14728778649612, "latitude": -42.642045006775597, "in_ptpz": true, "in_reserve": false, "flagged": false }, "geometry": { "type": "Point", "coordinates": [ 146.147287786496122, -42.642045006775597 ] } },
{ "type": "Feature", "properties": { "patch_id": 3770, "year": 2023, "predicted_prob": 4.3120979e-10, "predicted_class": "not_clearcut", "longitude": 145.56428116710254, "latitude": -42.584552828591953, "in_ptpz": true, "in_reserve": false, "flagged": false }, "geometry": { "type": "Point", "coordinates": [ 145.564281167102536, -42.584552828591953 ] } },
{ "type": "Feature", "properties": { "patch_id": 3773, "year": 2023, "predicted_prob": 1.6428606e-06, "predicted_class": "not_clearcut", "longitude": 145.57056937409135, "latitude": -42.572874729898402, "in_ptpz": true, "in_reserve": false, "flagged": false }, "geometry": { "type": "Point", "coordinates": [ 145.570569374091349, -42.572874729898402 ] } },
{ "type": "Feature", "properties": { "patch_id": 3776, "year": 2023, "predicted_prob": 5.9193881e-06, "predicted_class": "not_clearcut", "longitude": 145.5894339950579, "latitude": -42.586349459160189, "in_ptpz": true, "in_reserve": true, "flagged": false }, "geometry": { "type": "Point", "coordinates": [ 145.589433995057902, -42.586349459160189 ] } },
{ "type": "Feature", "properties": { "patch_id": 3785, "year": 2023, "predicted_prob": 0.30460495, "predicted_class": "not_clearcut", "longitude": 146.45630824423324, "latitude": -42.333922864322602, "in_ptpz": true, "in_reserve": false, "flagged": false }, "geometry": { "type": "Point", "coordinates": [ 146.456308244233242, -42.333922864322602 ] } },
{ "type": "Feature", "properties": { "patch_id": 3794, "year": 2023, "predicted_prob": 5.1434891e-11, "predicted_class": "not_clearcut", "longitude": 145.82838586063366, "latitude": -42.866623827805483, "in_ptpz": true, "in_reserve": false, "flagged": false }, "geometry": { "type": "Point", "coordinates": [ 145.828385860633659, -42.866623827805483 ] } },
{ "type": "Feature", "properties": { "patch_id": 3799, "year": 2023, "predicted_prob": 0.00015655455, "predicted_class": "not_clearcut", "longitude": 146.15627093933728, "latitude": -42.645638267912076, "in_ptpz": true, "in_reserve": false, "flagged": false }, "geometry": { "type": "Point", "coordinates": [ 146.156270939337276, -42.645638267912076 ] } },
{ "type": "Feature", "properties": { "patch_id": 3803, "year": 2023, "predicted_prob": 0.074962869, "predicted_class": "not_clearcut", "longitude": 146.26676371928403, "latitude": -42.802843442632991, "in_ptpz": true, "in_reserve": false, "flagged": false }, "geometry": { "type": "Point", "coordinates": [ 146.266763719284029, -42.802843442632991 ] } },
{ "type": "Feature", "properties": { "patch_id": 3804, "year": 2023, "predicted_prob": 6.5837821e-11, "predicted_class": "not_clearcut", "longitude": 145.82389428421305, "latitude": -42.874708665362562, "in_ptpz": true, "in_reserve": false, "flagged": false }, "geometry": { "type": "Point", "coordinates": [ 145.823894284213054, -42.874708665362562 ] } },
{ "type": "Feature", "properties": { "patch_id": 3806, "year": 2023, "predicted_prob": 2.7509537e-07, "predicted_class": "not_clearcut", "longitude": 146.16974566859909, "latitude": -42.917827799000293, "in_ptpz": true, "in_reserve": false, "flagged": false }, "geometry": { "type": "Point", "coordinates": [ 146.169745668599091, -42.917827799000293 ] } },
{ "type": "Feature", "properties": { "patch_id": 3807, "year": 2023, "predicted_prob": 1.0724998e-07, "predicted_class": "not_clearcut", "longitude": 145.94247190171683, "latitude": -42.848657522123091, "in_ptpz": true, "in_reserve": false, "flagged": false }, "geometry": { "type": "Point", "coordinates": [ 145.942471901716829, -42.848657522123091 ] } },
{ "type": "Feature", "properties": { "patch_id": 3816, "year": 2023, "predicted_prob": 2.6649556e-07, "predicted_class": "not_clearcut", "longitude": 145.57595926579609, "latitude": -42.556705054784246, "in_ptpz": true, "in_reserve": false, "flagged": false }, "geometry": { "type": "Point", "coordinates": [ 145.575959265796087, -42.556705054784246 ] } },
{ "type": "Feature", "properties": { "patch_id": 3819, "year": 2023, "predicted_prob": 2.5633495e-11, "predicted_class": "not_clearcut", "longitude": 145.52745024045362, "latitude": -42.586349459160189, "in_ptpz": true, "in_reserve": false, "flagged": false }, "geometry": { "type": "Point", "coordinates": [ 145.527450240453618, -42.586349459160189 ] } },
{ "type": "Feature", "properties": { "patch_id": 3820, "year": 2023, "predicted_prob": 1.0802659e-12, "predicted_class": "not_clearcut", "longitude": 145.54361991556777, "latitude": -42.58095956745548, "in_ptpz": true, "in_reserve": false, "flagged": false }, "geometry": { "type": "Point", "coordinates": [ 145.543619915567774, -42.58095956745548 ] } },
{ "type": "Feature", "properties": { "patch_id": 3821, "year": 2023, "predicted_prob": 2.1116175e-06, "predicted_class": "not_clearcut", "longitude": 146.36917166167365, "latitude": -42.909742961443214, "in_ptpz": true, "in_reserve": false, "flagged": false }, "geometry": { "type": "Point", "coordinates": [ 146.369171661673647, -42.909742961443214 ] } },
{ "type": "Feature", "properties": { "patch_id": 3822, "year": 2023, "predicted_prob": 6.2771222e-05, "predicted_class": "not_clearcut", "longitude": 145.97031967552454, "latitude": -42.865725512521365, "in_ptpz": true, "in_reserve": false, "flagged": false }, "geometry": { "type": "Point", "coordinates": [ 145.970319675524536, -42.865725512521365 ] } },
{ "type": "Feature", "properties": { "patch_id": 3825, "year": 2023, "predicted_prob": 0.38773188, "predicted_class": "not_clearcut", "longitude": 146.47876612633621, "latitude": -42.642943322059722, "in_ptpz": true, "in_reserve": false, "flagged": false }, "geometry": { "type": "Point", "coordinates": [ 146.478766126336211, -42.642943322059722 ] } },
{ "type": "Feature", "properties": { "patch_id": 3829, "year": 2023, "predicted_prob": 0.00025509545, "predicted_class": "not_clearcut", "longitude": 146.14010126422318, "latitude": -42.635756799786762, "in_ptpz": true, "in_reserve": false, "flagged": false }, "geometry": { "type": "Point", "coordinates": [ 146.140101264223176, -42.635756799786762 ] } },
{ "type": "Feature", "properties": { "patch_id": 3834, "year": 2023, "predicted_prob": 3.0500491e-12, "predicted_class": "not_clearcut", "longitude": 145.5400266544313, "latitude": -42.587247774444307, "in_ptpz": true, "in_reserve": false, "flagged": false }, "geometry": { "type": "Point", "coordinates": [ 145.540026654431301, -42.587247774444307 ] } },
{ "type": "Feature", "properties": { "patch_id": 3835, "year": 2023, "predicted_prob": 2.0509006e-11, "predicted_class": "not_clearcut", "longitude": 145.83736901347487, "latitude": -42.863928881953129, "in_ptpz": true, "in_reserve": false, "flagged": false }, "geometry": { "type": "Point", "coordinates": [ 145.83736901347487, -42.863928881953129 ] } },
{ "type": "Feature", "properties": { "patch_id": 3842, "year": 2023, "predicted_prob": 6.4474603e-05, "predicted_class": "not_clearcut", "longitude": 145.6082986160244, "latitude": -42.576467991034875, "in_ptpz": true, "in_reserve": true, "flagged": false }, "geometry": { "type": "Point", "coordinates": [ 145.608298616024399, -42.576467991034875 ] } },
{ "type": "Feature", "properties": { "patch_id": 3846, "year": 2023, "predicted_prob": 8.6449756e-05, "predicted_class": "not_clearcut", "longitude": 145.9487601087057, "latitude": -42.836081108145422, "in_ptpz": true, "in_reserve": false, "flagged": false }, "geometry": { "type": "Point", "coordinates": [ 145.948760108705699, -42.836081108145422 ] } },
{ "type": "Feature", "properties": { "patch_id": 3853, "year": 2023, "predicted_prob": 1.4770978e-08, "predicted_class": "not_clearcut", "longitude": 145.51038225005539, "latitude": -42.584552828591953, "in_ptpz": true, "in_reserve": false, "flagged": false }, "geometry": { "type": "Point", "coordinates": [ 145.510382250055386, -42.584552828591953 ] } },
{ "type": "Feature", "properties": { "patch_id": 3854, "year": 2023, "predicted_prob": 0.00017129871, "predicted_class": "not_clearcut", "longitude": 145.84096227461134, "latitude": -43.19630553707735, "in_ptpz": true, "in_reserve": false, "flagged": false }, "geometry": { "type": "Point", "coordinates": [ 145.840962274611343, -43.19630553707735 ] } },
{ "type": "Feature", "properties": { "patch_id": 3855, "year": 2023, "predicted_prob": 3.1521729e-08, "predicted_class": "not_clearcut", "longitude": 145.50948393477125, "latitude": -42.584552828591953, "in_ptpz": true, "in_reserve": false, "flagged": false }, "geometry": { "type": "Point", "coordinates": [ 145.509483934771254, -42.584552828591953 ] } },
{ "type": "Feature", "properties": { "patch_id": 3867, "year": 2023, "predicted_prob": 9.249562e-09, "predicted_class": "not_clearcut", "longitude": 145.50858561948712, "latitude": -42.613298917683778, "in_ptpz": true, "in_reserve": false, "flagged": false }, "geometry": { "type": "Point", "coordinates": [ 145.508585619487121, -42.613298917683778 ] } },
{ "type": "Feature", "properties": { "patch_id": 3878, "year": 2023, "predicted_prob": 2.2538273e-11, "predicted_class": "not_clearcut", "longitude": 145.84455553574782, "latitude": -42.860335620816642, "in_ptpz": true, "in_reserve": false, "flagged": false }, "geometry": { "type": "Point", "coordinates": [ 145.844555535747816, -42.860335620816642 ] } },
{ "type": "Feature", "properties": { "patch_id": 3883, "year": 2023, "predicted_prob": 1.3512195e-09, "predicted_class": "not_clearcut", "longitude": 145.86252184143024, "latitude": -42.876505295930798, "in_ptpz": true, "in_reserve": false, "flagged": false }, "geometry": { "type": "Point", "coordinates": [ 145.862521841430237, -42.876505295930798 ] } },
{ "type": "Feature", "properties": { "patch_id": 3884, "year": 2023, "predicted_prob": 3.624377e-07, "predicted_class": "not_clearcut", "longitude": 145.56877274352314, "latitude": -42.545925271374813, "in_ptpz": true, "in_reserve": false, "flagged": false }, "geometry": { "type": "Point", "coordinates": [ 145.568772743523141, -42.545925271374813 ] } },
{ "type": "Feature", "properties": { "patch_id": 3885, "year": 2023, "predicted_prob": 4.422181e-08, "predicted_class": "not_clearcut", "longitude": 145.52745024045362, "latitude": -42.544128640806576, "in_ptpz": true, "in_reserve": false, "flagged": false }, "geometry": { "type": "Point", "coordinates": [ 145.527450240453618, -42.544128640806576 ] } },
{ "type": "Feature", "properties": { "patch_id": 3891, "year": 2023, "predicted_prob": 2.0788711e-11, "predicted_class": "not_clearcut", "longitude": 145.82658923006545, "latitude": -42.869318773657838, "in_ptpz": true, "in_reserve": false, "flagged": false }, "geometry": { "type": "Point", "coordinates": [ 145.826589230065451, -42.869318773657838 ] } },
{ "type": "Feature", "properties": { "patch_id": 3892, "year": 2023, "predicted_prob": 9.6422217e-11, "predicted_class": "not_clearcut", "longitude": 145.51487382647599, "latitude": -42.618688809388502, "in_ptpz": true, "in_reserve": false, "flagged": false }, "geometry": { "type": "Point", "coordinates": [ 145.514873826475991, -42.618688809388502 ] } },
{ "type": "Feature", "properties": { "patch_id": 3904, "year": 2023, "predicted_prob": 1.5698655e-09, "predicted_class": "not_clearcut", "longitude": 145.50229741249831, "latitude": -42.594434296717267, "in_ptpz": true, "in_reserve": false, "flagged": false }, "geometry": { "type": "Point", "coordinates": [ 145.502297412498308, -42.594434296717267 ] } },
{ "type": "Feature", "properties": { "patch_id": 3905, "year": 2023, "predicted_prob": 7.0897514e-08, "predicted_class": "not_clearcut", "longitude": 145.94337021700096, "latitude": -42.834284477577185, "in_ptpz": true, "in_reserve": false, "flagged": false }, "geometry": { "type": "Point", "coordinates": [ 145.943370217000961, -42.834284477577185 ] } },
{ "type": "Feature", "properties": { "patch_id": 3906, "year": 2023, "predicted_prob": 4.5854149e-06, "predicted_class": "not_clearcut", "longitude": 145.60111209375145, "latitude": -42.583654513307835, "in_ptpz": true, "in_reserve": true, "flagged": false }, "geometry": { "type": "Point", "coordinates": [ 145.601112093751453, -42.583654513307835 ] } },
{ "type": "Feature", "properties": { "patch_id": 3911, "year": 2023, "predicted_prob": 3.0049115e-08, "predicted_class": "not_clearcut", "longitude": 145.57056937409135, "latitude": -42.56658652290956, "in_ptpz": true, "in_reserve": false, "flagged": false }, "geometry": { "type": "Point", "coordinates": [ 145.570569374091349, -42.56658652290956 ] } },
{ "type": "Feature", "properties": { "patch_id": 3914, "year": 2023, "predicted_prob": 3.5726255e-10, "predicted_class": "not_clearcut", "longitude": 145.52026371818067, "latitude": -42.63665511507088, "in_ptpz": true, "in_reserve": false, "flagged": false }, "geometry": { "type": "Point", "coordinates": [ 145.520263718180672, -42.63665511507088 ] } },
{ "type": "Feature", "properties": { "patch_id": 3915, "year": 2023, "predicted_prob": 1.3665989e-10, "predicted_class": "not_clearcut", "longitude": 145.52745024045362, "latitude": -42.577366306318993, "in_ptpz": true, "in_reserve": false, "flagged": false }, "geometry": { "type": "Point", "coordinates": [ 145.527450240453618, -42.577366306318993 ] } },
{ "type": "Feature", "properties": { "patch_id": 3916, "year": 2023, "predicted_prob": 1.4181138e-10, "predicted_class": "not_clearcut", "longitude": 145.85803026500963, "latitude": -42.877403611214909, "in_ptpz": true, "in_reserve": false, "flagged": false }, "geometry": { "type": "Point", "coordinates": [ 145.858030265009631, -42.877403611214909 ] } },
{ "type": "Feature", "properties": { "patch_id": 3918, "year": 2023, "predicted_prob": 9.5807628e-09, "predicted_class": "not_clearcut", "longitude": 145.54451823085191, "latitude": -42.555806739500127, "in_ptpz": true, "in_reserve": false, "flagged": false }, "geometry": { "type": "Point", "coordinates": [ 145.544518230851907, -42.555806739500127 ] } },
{ "type": "Feature", "properties": { "patch_id": 3923, "year": 2023, "predicted_prob": 2.0883415e-11, "predicted_class": "not_clearcut", "longitude": 145.84635216631608, "latitude": -42.856742359680169, "in_ptpz": true, "in_reserve": false, "flagged": false }, "geometry": { "type": "Point", "coordinates": [ 145.84635216631608, -42.856742359680169 ] } },
{ "type": "Feature", "properties": { "patch_id": 3925, "year": 2023, "predicted_prob": 3.1603344e-09, "predicted_class": "not_clearcut", "longitude": 145.93708201001215, "latitude": -42.840572684566013, "in_ptpz": true, "in_reserve": false, "flagged": false }, "geometry": { "type": "Point", "coordinates": [ 145.937082010012148, -42.840572684566013 ] } },
{ "type": "Feature", "properties": { "patch_id": 3927, "year": 2023, "predicted_prob": 1.718753e-08, "predicted_class": "not_clearcut", "longitude": 145.81401281608777, "latitude": -42.855844044396051, "in_ptpz": true, "in_reserve": false, "flagged": false }, "geometry": { "type": "Point", "coordinates": [ 145.814012816087768, -42.855844044396051 ] } },
{ "type": "Feature", "properties": { "patch_id": 3930, "year": 2023, "predicted_prob": 0.1275292, "predicted_class": "not_clearcut", "longitude": 146.12033832797255, "latitude": -42.633061853934407, "in_ptpz": true, "in_reserve": false, "flagged": false }, "geometry": { "type": "Point", "coordinates": [ 146.120338327972547, -42.633061853934407 ] } },
{ "type": "Feature", "properties": { "patch_id": 3937, "year": 2023, "predicted_prob": 4.9014639e-13, "predicted_class": "not_clearcut", "longitude": 145.53733170857896, "latitude": -42.582756198023709, "in_ptpz": true, "in_reserve": false, "flagged": false }, "geometry": { "type": "Point", "coordinates": [ 145.537331708578961, -42.582756198023709 ] } },
{ "type": "Feature", "properties": { "patch_id": 3939, "year": 2023, "predicted_prob": 2.9410439e-06, "predicted_class": "not_clearcut", "longitude": 146.39162954377662, "latitude": -42.908844646159096, "in_ptpz": true, "in_reserve": false, "flagged": false }, "geometry": { "type": "Point", "coordinates": [ 146.391629543776617, -42.908844646159096 ] } },
{ "type": "Feature", "properties": { "patch_id": 3940, "year": 2023, "predicted_prob": 3.3799599e-05, "predicted_class": "not_clearcut", "longitude": 145.57146768937548, "latitude": -42.545026956090695, "in_ptpz": true, "in_reserve": false, "flagged": false }, "geometry": { "type": "Point", "coordinates": [ 145.571467689375481, -42.545026956090695 ] } },
{ "type": "Feature", "properties": { "patch_id": 3948, "year": 2023, "predicted_prob": 5.7295668e-11, "predicted_class": "not_clearcut", "longitude": 145.52745024045362, "latitude": -42.583654513307835, "in_ptpz": true, "in_reserve": false, "flagged": false }, "geometry": { "type": "Point", "coordinates": [ 145.527450240453618, -42.583654513307835 ] } },
{ "type": "Feature", "properties": { "patch_id": 3952, "year": 2023, "predicted_prob": 1.2739552e-05, "predicted_class": "not_clearcut", "longitude": 145.95415000041044, "latitude": -42.860335620816642, "in_ptpz": true, "in_reserve": false, "flagged": false }, "geometry": { "type": "Point", "coordinates": [ 145.954150000410436, -42.860335620816642 ] } },
{ "type": "Feature", "properties": { "patch_id": 3954, "year": 2023, "predicted_prob": 6.2116649e-12, "predicted_class": "not_clearcut", "longitude": 145.53284013215836, "latitude": -42.593535981433149, "in_ptpz": true, "in_reserve": false, "flagged": false }, "geometry": { "type": "Point", "coordinates": [ 145.532840132158356, -42.593535981433149 ] } },
{ "type": "Feature", "properties": { "patch_id": 3958, "year": 2023, "predicted_prob": 2.4954278e-07, "predicted_class": "not_clearcut", "longitude": 145.83108080648606, "latitude": -42.851352467975445, "in_ptpz": true, "in_reserve": false, "flagged": false }, "geometry": { "type": "Point", "coordinates": [ 145.831080806486057, -42.851352467975445 ] } },
{ "type": "Feature", "properties": { "patch_id": 3965, "year": 2023, "predicted_prob": 7.8632307e-05, "predicted_class": "not_clearcut", "longitude": 145.96133652268338, "latitude": -42.83697942342954, "in_ptpz": true, "in_reserve": false, "flagged": false }, "geometry": { "type": "Point", "coordinates": [ 145.961336522683382, -42.83697942342954 ] } },
{ "type": "Feature", "properties": { "patch_id": 3969, "year": 2023, "predicted_prob": 0.00056108233, "predicted_class": "not_clearcut", "longitude": 146.11494843626781, "latitude": -42.632163538650289, "in_ptpz": true, "in_reserve": false, "flagged": false }, "geometry": { "type": "Point", "coordinates": [ 146.114948436267809, -42.632163538650289 ] } },
{ "type": "Feature", "properties": { "patch_id": 3970, "year": 2023, "predicted_prob": 0.02613277, "predicted_class": "not_clearcut", "longitude": 146.13021979609783, "latitude": -42.644739952627958, "in_ptpz": true, "in_reserve": false, "flagged": false }, "geometry": { "type": "Point", "coordinates": [ 146.130219796097833, -42.644739952627958 ] } },
{ "type": "Feature", "properties": { "patch_id": 3971, "year": 2023, "predicted_prob": 5.5209854e-09, "predicted_class": "not_clearcut", "longitude": 145.51217888062359, "latitude": -42.621383755240856, "in_ptpz": true, "in_reserve": false, "flagged": false }, "geometry": { "type": "Point", "coordinates": [ 145.512178880623594, -42.621383755240856 ] } },
{ "type": "Feature", "properties": { "patch_id": 3974, "year": 2023, "predicted_prob": 3.5335818e-11, "predicted_class": "not_clearcut", "longitude": 145.84186058989548, "latitude": -42.856742359680169, "in_ptpz": true, "in_reserve": false, "flagged": false }, "geometry": { "type": "Point", "coordinates": [ 145.841860589895475, -42.856742359680169 ] } },
{ "type": "Feature", "properties": { "patch_id": 3978, "year": 2023, "predicted_prob": 0.011548223, "predicted_class": "not_clearcut", "longitude": 145.96133652268338, "latitude": -42.870217088941949, "in_ptpz": true, "in_reserve": false, "flagged": false }, "geometry": { "type": "Point", "coordinates": [ 145.961336522683382, -42.870217088941949 ] } },
{ "type": "Feature", "properties": { "patch_id": 3986, "year": 2023, "predicted_prob": 2.4960704e-07, "predicted_class": "not_clearcut", "longitude": 145.56967105880727, "latitude": -42.572874729898402, "in_ptpz": true, "in_reserve": false, "flagged": false }, "geometry": { "type": "Point", "coordinates": [ 145.569671058807273, -42.572874729898402 ] } },
{ "type": "Feature", "properties": { "patch_id": 3988, "year": 2023, "predicted_prob": 7.3822349e-07, "predicted_class": "not_clearcut", "longitude": 145.59302725619438, "latitude": -42.569281468761929, "in_ptpz": true, "in_reserve": true, "flagged": false }, "geometry": { "type": "Point", "coordinates": [ 145.593027256194375, -42.569281468761929 ] } },
{ "type": "Feature", "properties": { "patch_id": 3989, "year": 2023, "predicted_prob": 5.8396705e-09, "predicted_class": "not_clearcut", "longitude": 145.73585938636938, "latitude": -42.729181589335198, "in_ptpz": true, "in_reserve": false, "flagged": false }, "geometry": { "type": "Point", "coordinates": [ 145.735859386369384, -42.729181589335198 ] } },
{ "type": "Feature", "properties": { "patch_id": 3992, "year": 2023, "predicted_prob": 0.47720149, "predicted_class": "not_clearcut", "longitude": 145.58045084221669, "latitude": -42.547721901943049, "in_ptpz": true, "in_reserve": false, "flagged": false }, "geometry": { "type": "Point", "coordinates": [ 145.580450842216692, -42.547721901943049 ] } },
{ "type": "Feature", "properties": { "patch_id": 3995, "year": 2023, "predicted_prob": 3.5621822e-05, "predicted_class": "not_clearcut", "longitude": 145.95684494626278, "latitude": -42.431839230291629, "in_ptpz": true, "in_reserve": false, "flagged": false }, "geometry": { "type": "Point", "coordinates": [ 145.956844946262777, -42.431839230291629 ] } },
{ "type": "Feature", "properties": { "patch_id": 4000, "year": 2023, "predicted_prob": 3.854187e-07, "predicted_class": "not_clearcut", "longitude": 145.59482388676258, "latitude": -42.589044405012558, "in_ptpz": true, "in_reserve": true, "flagged": false }, "geometry": { "type": "Point", "coordinates": [ 145.594823886762583, -42.589044405012558 ] } },
{ "type": "Feature", "properties": { "patch_id": 4004, "year": 2023, "predicted_prob": 1.8102531e-06, "predicted_class": "not_clearcut", "longitude": 145.53912833914717, "latitude": -42.540535379670104, "in_ptpz": true, "in_reserve": false, "flagged": false }, "geometry": { "type": "Point", "coordinates": [ 145.539128339147169, -42.540535379670104 ] } },
{ "type": "Feature", "properties": { "patch_id": 4006, "year": 2023, "predicted_prob": 2.8176864e-05, "predicted_class": "not_clearcut", "longitude": 146.49044422502976, "latitude": -43.022032371958161, "in_ptpz": true, "in_reserve": false, "flagged": false }, "geometry": { "type": "Point", "coordinates": [ 146.490444225029762, -43.022032371958161 ] } },
{ "type": "Feature", "properties": { "patch_id": 4010, "year": 2023, "predicted_prob": 1.0612955e-07, "predicted_class": "not_clearcut", "longitude": 146.40240932718604, "latitude": -42.906149700306742, "in_ptpz": true, "in_reserve": false, "flagged": false }, "geometry": { "type": "Point", "coordinates": [ 146.402409327186035, -42.906149700306742 ] } },
{ "type": "Feature", "properties": { "patch_id": 4017, "year": 2023, "predicted_prob": 3.1394329e-09, "predicted_class": "not_clearcut", "longitude": 145.51128056533946, "latitude": -42.606112395410818, "in_ptpz": true, "in_reserve": false, "flagged": false }, "geometry": { "type": "Point", "coordinates": [ 145.511280565339462, -42.606112395410818 ] } },
{ "type": "Feature", "properties": { "patch_id": 4021, "year": 2023, "predicted_prob": 1.5423774e-06, "predicted_class": "not_clearcut", "longitude": 145.59662051733085, "latitude": -42.578264621603111, "in_ptpz": true, "in_reserve": true, "flagged": false }, "geometry": { "type": "Point", "coordinates": [ 145.596620517330848, -42.578264621603111 ] } },
{ "type": "Feature", "properties": { "patch_id": 4025, "year": 2023, "predicted_prob": 8.2207928e-11, "predicted_class": "not_clearcut", "longitude": 145.84814879688429, "latitude": -42.881895187635521, "in_ptpz": true, "in_reserve": false, "flagged": false }, "geometry": { "type": "Point", "coordinates": [ 145.848148796884288, -42.881895187635521 ] } },
{ "type": "Feature", "properties": { "patch_id": 4026, "year": 2023, "predicted_prob": 1.7596589e-09, "predicted_class": "not_clearcut", "longitude": 145.51487382647599, "latitude": -42.608807341263187, "in_ptpz": true, "in_reserve": false, "flagged": false }, "geometry": { "type": "Point", "coordinates": [ 145.514873826475991, -42.608807341263187 ] } },
{ "type": "Feature", "properties": { "patch_id": 4034, "year": 2023, "predicted_prob": 1.1812567e-06, "predicted_class": "not_clearcut", "longitude": 145.86791173313492, "latitude": -42.872912034794325, "in_ptpz": true, "in_reserve": false, "flagged": false }, "geometry": { "type": "Point", "coordinates": [ 145.867911733134918, -42.872912034794325 ] } },
{ "type": "Feature", "properties": { "patch_id": 4036, "year": 2023, "predicted_prob": 2.5830448e-07, "predicted_class": "not_clearcut", "longitude": 145.8122161855195, "latitude": -43.194508906509114, "in_ptpz": true, "in_reserve": false, "flagged": false }, "geometry": { "type": "Point", "coordinates": [ 145.812216185519503, -43.194508906509114 ] } },
{ "type": "Feature", "properties": { "patch_id": 4038, "year": 2023, "predicted_prob": 7.5983479e-08, "predicted_class": "not_clearcut", "longitude": 145.50768730420299, "latitude": -42.577366306318993, "in_ptpz": true, "in_reserve": false, "flagged": false }, "geometry": { "type": "Point", "coordinates": [ 145.507687304202989, -42.577366306318993 ] } },
{ "type": "Feature", "properties": { "patch_id": 4039, "year": 2023, "predicted_prob": 5.3264324e-07, "predicted_class": "not_clearcut", "longitude": 145.59482388676258, "latitude": -42.570179784046047, "in_ptpz": true, "in_reserve": true, "flagged": false }, "geometry": { "type": "Point", "coordinates": [ 145.594823886762583, -42.570179784046047 ] } },
{ "type": "Feature", "properties": { "patch_id": 4041, "year": 2023, "predicted_prob": 4.8906639e-11, "predicted_class": "not_clearcut", "longitude": 145.54811149198838, "latitude": -42.570179784046047, "in_ptpz": true, "in_reserve": false, "flagged": false }, "geometry": { "type": "Point", "coordinates": [ 145.548111491988379, -42.570179784046047 ] } },
{ "type": "Feature", "properties": { "patch_id": 4043, "year": 2023, "predicted_prob": 6.0536287e-10, "predicted_class": "not_clearcut", "longitude": 145.52475529460128, "latitude": -42.607909025979055, "in_ptpz": true, "in_reserve": false, "flagged": false }, "geometry": { "type": "Point", "coordinates": [ 145.524755294601277, -42.607909025979055 ] } },
{ "type": "Feature", "properties": { "patch_id": 4044, "year": 2023, "predicted_prob": 1.705955e-10, "predicted_class": "not_clearcut", "longitude": 145.82119933836071, "latitude": -42.871115404226074, "in_ptpz": true, "in_reserve": false, "flagged": false }, "geometry": { "type": "Point", "coordinates": [ 145.821199338360714, -42.871115404226074 ] } },
{ "type": "Feature", "properties": { "patch_id": 4046, "year": 2023, "predicted_prob": 9.6743997e-06, "predicted_class": "not_clearcut", "longitude": 145.55978959068193, "latitude": -42.541433694954222, "in_ptpz": true, "in_reserve": false, "flagged": false }, "geometry": { "type": "Point", "coordinates": [ 145.55978959068193, -42.541433694954222 ] } },
{ "type": "Feature", "properties": { "patch_id": 4047, "year": 2023, "predicted_prob": 4.0915711e-09, "predicted_class": "not_clearcut", "longitude": 145.55978959068193, "latitude": -42.569281468761929, "in_ptpz": true, "in_reserve": false, "flagged": false }, "geometry": { "type": "Point", "coordinates": [ 145.55978959068193, -42.569281468761929 ] } },
{ "type": "Feature", "properties": { "patch_id": 4049, "year": 2023, "predicted_prob": 0.0086089652, "predicted_class": "not_clearcut", "longitude": 146.29640812365994, "latitude": -42.235108183069457, "in_ptpz": true, "in_reserve": false, "flagged": false }, "geometry": { "type": "Point", "coordinates": [ 146.296408123659944, -42.235108183069457 ] } },
{ "type": "Feature", "properties": { "patch_id": 4050, "year": 2023, "predicted_prob": 0.65903872, "predicted_class": "clearcut", "longitude": 146.46708802764266, "latitude": -42.534247172681262, "in_ptpz": true, "in_reserve": false, "flagged": false }, "geometry": { "type": "Point", "coordinates": [ 146.46708802764266, -42.534247172681262 ] } },
{ "type": "Feature", "properties": { "patch_id": 4051, "year": 2023, "predicted_prob": 2.5728306e-05, "predicted_class": "not_clearcut", "longitude": 145.95145505455804, "latitude": -42.840572684566013, "in_ptpz": true, "in_reserve": false, "flagged": false }, "geometry": { "type": "Point", "coordinates": [ 145.951455054558039, -42.840572684566013 ] } },
{ "type": "Feature", "properties": { "patch_id": 4053, "year": 2023, "predicted_prob": 0.35272902, "predicted_class": "not_clearcut", "longitude": 146.46798634292679, "latitude": -42.533348857397144, "in_ptpz": true, "in_reserve": false, "flagged": false }, "geometry": { "type": "Point", "coordinates": [ 146.467986342926793, -42.533348857397144 ] } },
{ "type": "Feature", "properties": { "patch_id": 4058, "year": 2023, "predicted_prob": 9.7925328e-11, "predicted_class": "not_clearcut", "longitude": 145.52924687102188, "latitude": -42.615993863536133, "in_ptpz": true, "in_reserve": false, "flagged": false }, "geometry": { "type": "Point", "coordinates": [ 145.529246871021883, -42.615993863536133 ] } },
{ "type": "Feature", "properties": { "patch_id": 4060, "year": 2023, "predicted_prob": 5.4355742e-10, "predicted_class": "not_clearcut", "longitude": 145.5400266544313, "latitude": -42.557603370068371, "in_ptpz": true, "in_reserve": false, "flagged": false }, "geometry": { "type": "Point", "coordinates": [ 145.540026654431301, -42.557603370068371 ] } },
{ "type": "Feature", "properties": { "patch_id": 4061, "year": 2023, "predicted_prob": 6.6675071e-10, "predicted_class": "not_clearcut", "longitude": 145.85443700387316, "latitude": -42.878301926499034, "in_ptpz": true, "in_reserve": false, "flagged": false }, "geometry": { "type": "Point", "coordinates": [ 145.854437003873159, -42.878301926499034 ] } },
{ "type": "Feature", "properties": { "patch_id": 4064, "year": 2023, "predicted_prob": 1.4088787e-08, "predicted_class": "not_clearcut", "longitude": 145.50319572778238, "latitude": -42.571976414614291, "in_ptpz": true, "in_reserve": false, "flagged": false }, "geometry": { "type": "Point", "coordinates": [ 145.503195727782384, -42.571976414614291 ] } },
{ "type": "Feature", "properties": { "patch_id": 4068, "year": 2023, "predicted_prob": 2.8475144e-10, "predicted_class": "not_clearcut", "longitude": 145.54541654613604, "latitude": -42.545026956090695, "in_ptpz": true, "in_reserve": false, "flagged": false }, "geometry": { "type": "Point", "coordinates": [ 145.545416546136039, -42.545026956090695 ] } },
{ "type": "Feature", "properties": { "patch_id": 4069, "year": 2023, "predicted_prob": 1.3327323e-08, "predicted_class": "not_clearcut", "longitude": 145.51307719590773, "latitude": -42.593535981433149, "in_ptpz": true, "in_reserve": false, "flagged": false }, "geometry": { "type": "Point", "coordinates": [ 145.513077195907726, -42.593535981433149 ] } },
{ "type": "Feature", "properties": { "patch_id": 4071, "year": 2023, "predicted_prob": 0.002741758, "predicted_class": "not_clearcut", "longitude": 145.612790192445, "latitude": -42.571976414614291, "in_ptpz": true, "in_reserve": true, "flagged": false }, "geometry": { "type": "Point", "coordinates": [ 145.612790192445004, -42.571976414614291 ] } },
{ "type": "Feature", "properties": { "patch_id": 4073, "year": 2023, "predicted_prob": 5.338423e-08, "predicted_class": "not_clearcut", "longitude": 145.59212894091024, "latitude": -42.571976414614291, "in_ptpz": true, "in_reserve": true, "flagged": false }, "geometry": { "type": "Point", "coordinates": [ 145.592128940910243, -42.571976414614291 ] } },
{ "type": "Feature", "properties": { "patch_id": 4080, "year": 2023, "predicted_prob": 1.3226343e-05, "predicted_class": "not_clearcut", "longitude": 145.60740030074027, "latitude": -42.576467991034875, "in_ptpz": true, "in_reserve": true, "flagged": false }, "geometry": { "type": "Point", "coordinates": [ 145.607400300740267, -42.576467991034875 ] } },
{ "type": "Feature", "properties": { "patch_id": 4083, "year": 2023, "predicted_prob": 2.8378007e-12, "predicted_class": "not_clearcut", "longitude": 145.5211620334648, "latitude": -42.557603370068371, "in_ptpz": true, "in_reserve": false, "flagged": false }, "geometry": { "type": "Point", "coordinates": [ 145.521162033464805, -42.557603370068371 ] } },
{ "type": "Feature", "properties": { "patch_id": 4084, "year": 2023, "predicted_prob": 3.1510352e-09, "predicted_class": "not_clearcut", "longitude": 145.86072521086197, "latitude": -42.88279350291964, "in_ptpz": true, "in_reserve": false, "flagged": false }, "geometry": { "type": "Point", "coordinates": [ 145.860725210861972, -42.88279350291964 ] } },
{ "type": "Feature", "properties": { "patch_id": 4086, "year": 2023, "predicted_prob": 8.6559558e-06, "predicted_class": "not_clearcut", "longitude": 145.96492978381983, "latitude": -42.827996270588343, "in_ptpz": true, "in_reserve": false, "flagged": false }, "geometry": { "type": "Point", "coordinates": [ 145.964929783819827, -42.827996270588343 ] } },
{ "type": "Feature", "properties": { "patch_id": 4090, "year": 2023, "predicted_prob": 4.4263746e-12, "predicted_class": "not_clearcut", "longitude": 145.51846708761246, "latitude": -42.56658652290956, "in_ptpz": true, "in_reserve": false, "flagged": false }, "geometry": { "type": "Point", "coordinates": [ 145.518467087612464, -42.56658652290956 ] } },
{ "type": "Feature", "properties": { "patch_id": 4092, "year": 2023, "predicted_prob": 6.1380856e-10, "predicted_class": "not_clearcut", "longitude": 145.5166704570442, "latitude": -42.553111793647773, "in_ptpz": true, "in_reserve": false, "flagged": false }, "geometry": { "type": "Point", "coordinates": [ 145.516670457044199, -42.553111793647773 ] } },
{ "type": "Feature", "properties": { "patch_id": 4093, "year": 2023, "predicted_prob": 3.0192984e-11, "predicted_class": "not_clearcut", "longitude": 145.82928417591779, "latitude": -42.864827197237247, "in_ptpz": true, "in_reserve": false, "flagged": false }, "geometry": { "type": "Point", "coordinates": [ 145.829284175917792, -42.864827197237247 ] } },
{ "type": "Feature", "properties": { "patch_id": 4097, "year": 2023, "predicted_prob": 6.5067438e-11, "predicted_class": "not_clearcut", "longitude": 145.52026371818067, "latitude": -42.58095956745548, "in_ptpz": true, "in_reserve": false, "flagged": false }, "geometry": { "type": "Point", "coordinates": [ 145.520263718180672, -42.58095956745548 ] } },
{ "type": "Feature", "properties": { "patch_id": 4100, "year": 2023, "predicted_prob": 1.610658e-11, "predicted_class": "not_clearcut", "longitude": 145.84904711216842, "latitude": -42.859437305532524, "in_ptpz": true, "in_reserve": false, "flagged": false }, "geometry": { "type": "Point", "coordinates": [ 145.849047112168421, -42.859437305532524 ] } },
{ "type": "Feature", "properties": { "patch_id": 4101, "year": 2023, "predicted_prob": 2.7137099e-05, "predicted_class": "not_clearcut", "longitude": 145.98199777421814, "latitude": -42.418364501029842, "in_ptpz": true, "in_reserve": false, "flagged": false }, "geometry": { "type": "Point", "coordinates": [ 145.981997774218144, -42.418364501029842 ] } },
{ "type": "Feature", "properties": { "patch_id": 4104, "year": 2023, "predicted_prob": 6.9531661e-06, "predicted_class": "not_clearcut", "longitude": 146.12123664325662, "latitude": -42.669892780583311, "in_ptpz": true, "in_reserve": false, "flagged": false }, "geometry": { "type": "Point", "coordinates": [ 146.121236643256623, -42.669892780583311 ] } },
{ "type": "Feature", "properties": { "patch_id": 4105, "year": 2023, "predicted_prob": 2.5704142e-07, "predicted_class": "not_clearcut", "longitude": 145.53463676272662, "latitude": -42.541433694954222, "in_ptpz": true, "in_reserve": false, "flagged": false }, "geometry": { "type": "Point", "coordinates": [ 145.53463676272662, -42.541433694954222 ] } },
{ "type": "Feature", "properties": { "patch_id": 4107, "year": 2023, "predicted_prob": 1.5399185e-09, "predicted_class": "not_clearcut", "longitude": 145.82838586063366, "latitude": -42.879200241783153, "in_ptpz": true, "in_reserve": false, "flagged": false }, "geometry": { "type": "Point", "coordinates": [ 145.828385860633659, -42.879200241783153 ] } },
{ "type": "Feature", "properties": { "patch_id": 4109, "year": 2023, "predicted_prob": 7.4701419e-11, "predicted_class": "not_clearcut", "longitude": 145.51577214176007, "latitude": -42.584552828591953, "in_ptpz": true, "in_reserve": false, "flagged": false }, "geometry": { "type": "Point", "coordinates": [ 145.515772141760067, -42.584552828591953 ] } },
{ "type": "Feature", "properties": { "patch_id": 4113, "year": 2023, "predicted_prob": 2.741795e-09, "predicted_class": "not_clearcut", "longitude": 145.50589067363478, "latitude": -42.569281468761929, "in_ptpz": true, "in_reserve": false, "flagged": false }, "geometry": { "type": "Point", "coordinates": [ 145.505890673634781, -42.569281468761929 ] } },
{ "type": "Feature", "properties": { "patch_id": 4115, "year": 2023, "predicted_prob": 1.7574014e-09, "predicted_class": "not_clearcut", "longitude": 145.55439969897725, "latitude": -42.577366306318993, "in_ptpz": true, "in_reserve": false, "flagged": false }, "geometry": { "type": "Point", "coordinates": [ 145.554399698977249, -42.577366306318993 ] } },
{ "type": "Feature", "properties": { "patch_id": 4116, "year": 2023, "predicted_prob": 0.00010369677, "predicted_class": "not_clearcut", "longitude": 146.48505433332502, "latitude": -43.021134056674043, "in_ptpz": true, "in_reserve": false, "flagged": false }, "geometry": { "type": "Point", "coordinates": [ 146.485054333325024, -43.021134056674043 ] } },
{ "type": "Feature", "properties": { "patch_id": 4117, "year": 2023, "predicted_prob": 5.2670202e-05, "predicted_class": "not_clearcut", "longitude": 145.73046949466465, "latitude": -42.723791697630475, "in_ptpz": true, "in_reserve": false, "flagged": false }, "geometry": { "type": "Point", "coordinates": [ 145.730469494664646, -42.723791697630475 ] } },
{ "type": "Feature", "properties": { "patch_id": 4121, "year": 2023, "predicted_prob": 0.00057608634, "predicted_class": "not_clearcut", "longitude": 145.96672641438806, "latitude": -42.867522143089602, "in_ptpz": true, "in_reserve": false, "flagged": false }, "geometry": { "type": "Point", "coordinates": [ 145.966726414388063, -42.867522143089602 ] } },
{ "type": "Feature", "properties": { "patch_id": 4125, "year": 2023, "predicted_prob": 1.7573621e-08, "predicted_class": "not_clearcut", "longitude": 145.51307719590773, "latitude": -42.595332612001386, "in_ptpz": true, "in_reserve": false, "flagged": false }, "geometry": { "type": "Point", "coordinates": [ 145.513077195907726, -42.595332612001386 ] } },
{ "type": "Feature", "properties": { "patch_id": 4128, "year": 2023, "predicted_prob": 1.3753308e-09, "predicted_class": "not_clearcut", "longitude": 145.98109945893401, "latitude": -42.99867617457106, "in_ptpz": true, "in_reserve": false, "flagged": false }, "geometry": { "type": "Point", "coordinates": [ 145.981099458934011, -42.99867617457106 ] } },
{ "type": "Feature", "properties": { "patch_id": 4130, "year": 2023, "predicted_prob": 5.840754e-08, "predicted_class": "not_clearcut", "longitude": 145.9721163060928, "latitude": -42.836081108145422, "in_ptpz": true, "in_reserve": false, "flagged": false }, "geometry": { "type": "Point", "coordinates": [ 145.972116306092801, -42.836081108145422 ] } },
{ "type": "Feature", "properties": { "patch_id": 4135, "year": 2023, "predicted_prob": 3.9708997e-10, "predicted_class": "not_clearcut", "longitude": 145.55529801426133, "latitude": -42.578264621603111, "in_ptpz": true, "in_reserve": false, "flagged": false }, "geometry": { "type": "Point", "coordinates": [ 145.555298014261325, -42.578264621603111 ] } },
{ "type": "Feature", "properties": { "patch_id": 4136, "year": 2023, "predicted_prob": 4.1947481e-09, "predicted_class": "not_clearcut", "longitude": 145.50409404306652, "latitude": -42.591739350864913, "in_ptpz": true, "in_reserve": false, "flagged": false }, "geometry": { "type": "Point", "coordinates": [ 145.504094043066516, -42.591739350864913 ] } },
{ "type": "Feature", "properties": { "patch_id": 4138, "year": 2023, "predicted_prob": 6.0174408e-08, "predicted_class": "not_clearcut", "longitude": 145.59302725619438, "latitude": -42.587247774444307, "in_ptpz": true, "in_reserve": true, "flagged": false }, "geometry": { "type": "Point", "coordinates": [ 145.593027256194375, -42.587247774444307 ] } },
{ "type": "Feature", "properties": { "patch_id": 4139, "year": 2023, "predicted_prob": 1.6445929e-05, "predicted_class": "not_clearcut", "longitude": 145.96852304495633, "latitude": -42.847759206838973, "in_ptpz": true, "in_reserve": false, "flagged": false }, "geometry": { "type": "Point", "coordinates": [ 145.968523044956328, -42.847759206838973 ] } },
{ "type": "Feature", "properties": { "patch_id": 4145, "year": 2023, "predicted_prob": 0.97569317, "predicted_class": "clearcut", "longitude": 146.46079982065385, "latitude": -42.53514548796538, "in_ptpz": true, "in_reserve": true, "flagged": false }, "geometry": { "type": "Point", "coordinates": [ 146.460799820653847, -42.53514548796538 ] } },
{ "type": "Feature", "properties": { "patch_id": 4149, "year": 2023, "predicted_prob": 2.5217874e-09, "predicted_class": "not_clearcut", "longitude": 145.56697611295488, "latitude": -42.563891577057205, "in_ptpz": true, "in_reserve": false, "flagged": false }, "geometry": { "type": "Point", "coordinates": [ 145.566976112954876, -42.563891577057205 ] } },
{ "type": "Feature", "properties": { "patch_id": 4151, "year": 2023, "predicted_prob": 2.7305589e-09, "predicted_class": "not_clearcut", "longitude": 145.51128056533946, "latitude": -42.6052140801267, "in_ptpz": true, "in_reserve": false, "flagged": false }, "geometry": { "type": "Point", "coordinates": [ 145.511280565339462, -42.6052140801267 ] } },
{ "type": "Feature", "properties": { "patch_id": 4153, "year": 2023, "predicted_prob": 2.7753635e-05, "predicted_class": "not_clearcut", "longitude": 145.50678898891891, "latitude": -42.623180385809093, "in_ptpz": true, "in_reserve": false, "flagged": false }, "geometry": { "type": "Point", "coordinates": [ 145.506788988918913, -42.623180385809093 ] } },
{ "type": "Feature", "properties": { "patch_id": 4156, "year": 2023, "predicted_prob": 2.2621502e-09, "predicted_class": "not_clearcut", "longitude": 145.50319572778238, "latitude": -42.610603971831424, "in_ptpz": true, "in_reserve": false, "flagged": false }, "geometry": { "type": "Point", "coordinates": [ 145.503195727782384, -42.610603971831424 ] } },
{ "type": "Feature", "properties": { "patch_id": 4168, "year": 2023, "predicted_prob": 9.2700803e-10, "predicted_class": "not_clearcut", "longitude": 145.96942136024046, "latitude": -43.003167750991651, "in_ptpz": true, "in_reserve": false, "flagged": false }, "geometry": { "type": "Point", "coordinates": [ 145.96942136024046, -43.003167750991651 ] } },
{ "type": "Feature", "properties": { "patch_id": 4451, "year": 2023, "predicted_prob": 3.3105675e-07, "predicted_class": "not_clearcut", "longitude": 145.9298954877392, "latitude": -42.827097955304225, "in_ptpz": true, "in_reserve": false, "flagged": false }, "geometry": { "type": "Point", "coordinates": [ 145.929895487739202, -42.827097955304225 ] } },
{ "type": "Feature", "properties": { "patch_id": 4943, "year": 2023, "predicted_prob": 2.732408e-07, "predicted_class": "not_clearcut", "longitude": 146.09877876115365, "latitude": -42.622282070524975, "in_ptpz": true, "in_reserve": false, "flagged": false }, "geometry": { "type": "Point", "coordinates": [ 146.098778761153653, -42.622282070524975 ] } },
{ "type": "Feature", "properties": { "patch_id": 3359, "year": 2024, "predicted_prob": 5.5247013e-10, "predicted_class": "not_clearcut", "longitude": 145.94426853228509, "latitude": -42.819911433031265, "in_ptpz": true, "in_reserve": false, "flagged": false }, "geometry": { "type": "Point", "coordinates": [ 145.944268532285093, -42.819911433031265 ] } },
{ "type": "Feature", "properties": { "patch_id": 3500, "year": 2024, "predicted_prob": 0.92508829, "predicted_class": "clearcut", "longitude": 146.46349476650619, "latitude": -42.359974007562073, "in_ptpz": true, "in_reserve": false, "flagged": false }, "geometry": { "type": "Point", "coordinates": [ 146.463494766506187, -42.359974007562073 ] } },
{ "type": "Feature", "properties": { "patch_id": 4074, "year": 2024, "predicted_prob": 7.1308838e-05, "predicted_class": "not_clearcut", "longitude": 146.11135517513134, "latitude": -42.628570277513816, "in_ptpz": true, "in_reserve": false, "flagged": false }, "geometry": { "type": "Point", "coordinates": [ 146.111355175131337, -42.628570277513816 ] } },
{ "type": "Feature", "properties": { "patch_id": 4179, "year": 2024, "predicted_prob": 0.0024287815, "predicted_class": "not_clearcut", "longitude": 146.39073122849248, "latitude": -42.289007100116635, "in_ptpz": true, "in_reserve": false, "flagged": false }, "geometry": { "type": "Point", "coordinates": [ 146.390731228492484, -42.289007100116635 ] } },
{ "type": "Feature", "properties": { "patch_id": 4211, "year": 2024, "predicted_prob": 6.3793282e-09, "predicted_class": "not_clearcut", "longitude": 145.95864157683098, "latitude": -42.866623827805483, "in_ptpz": true, "in_reserve": false, "flagged": false }, "geometry": { "type": "Point", "coordinates": [ 145.958641576830985, -42.866623827805483 ] } },
{ "type": "Feature", "properties": { "patch_id": 4213, "year": 2024, "predicted_prob": 6.9231521e-07, "predicted_class": "not_clearcut", "longitude": 145.96133652268338, "latitude": -42.860335620816642, "in_ptpz": true, "in_reserve": false, "flagged": false }, "geometry": { "type": "Point", "coordinates": [ 145.961336522683382, -42.860335620816642 ] } },
{ "type": "Feature", "properties": { "patch_id": 4236, "year": 2024, "predicted_prob": 5.4503907e-06, "predicted_class": "not_clearcut", "longitude": 146.41408742587959, "latitude": -42.854047413827814, "in_ptpz": true, "in_reserve": false, "flagged": false }, "geometry": { "type": "Point", "coordinates": [ 146.414087425879586, -42.854047413827814 ] } },
{ "type": "Feature", "properties": { "patch_id": 4243, "year": 2024, "predicted_prob": 2.0940183e-10, "predicted_class": "not_clearcut", "longitude": 145.94516684756923, "latitude": -42.847759206838973, "in_ptpz": true, "in_reserve": false, "flagged": false }, "geometry": { "type": "Point", "coordinates": [ 145.945166847569226, -42.847759206838973 ] } },
{ "type": "Feature", "properties": { "patch_id": 4261, "year": 2024, "predicted_prob": 0.99771297, "predicted_class": "clearcut", "longitude": 146.48056275690448, "latitude": -42.683367509845098, "in_ptpz": true, "in_reserve": false, "flagged": false }, "geometry": { "type": "Point", "coordinates": [ 146.480562756904476, -42.683367509845098 ] } },
{ "type": "Feature", "properties": { "patch_id": 4338, "year": 2024, "predicted_prob": 4.7154172e-06, "predicted_class": "not_clearcut", "longitude": 146.15896588518967, "latitude": -42.617790494104369, "in_ptpz": true, "in_reserve": false, "flagged": false }, "geometry": { "type": "Point", "coordinates": [ 146.158965885189673, -42.617790494104369 ] } },
{ "type": "Feature", "properties": { "patch_id": 4422, "year": 2024, "predicted_prob": 0.99992698, "predicted_class": "clearcut", "longitude": 146.47517286519974, "latitude": -42.639350060923249, "in_ptpz": true, "in_reserve": false, "flagged": false }, "geometry": { "type": "Point", "coordinates": [ 146.475172865199738, -42.639350060923249 ] } },
{ "type": "Feature", "properties": { "patch_id": 4425, "year": 2024, "predicted_prob": 0.023611404, "predicted_class": "not_clearcut", "longitude": 146.48595264860916, "latitude": -42.988794706445745, "in_ptpz": true, "in_reserve": false, "flagged": false }, "geometry": { "type": "Point", "coordinates": [ 146.485952648609157, -42.988794706445745 ] } },
{ "type": "Feature", "properties": { "patch_id": 4432, "year": 2024, "predicted_prob": 0.24419038, "predicted_class": "not_clearcut", "longitude": 145.9227089654662, "latitude": -42.719300121209884, "in_ptpz": true, "in_reserve": false, "flagged": false }, "geometry": { "type": "Point", "coordinates": [ 145.9227089654662, -42.719300121209884 ] } },
{ "type": "Feature", "properties": { "patch_id": 4433, "year": 2024, "predicted_prob": 0.20436899, "predicted_class": "not_clearcut", "longitude": 145.92181065018212, "latitude": -42.720198436494002, "in_ptpz": true, "in_reserve": false, "flagged": false }, "geometry": { "type": "Point", "coordinates": [ 145.921810650182124, -42.720198436494002 ] } },
{ "type": "Feature", "properties": { "patch_id": 4439, "year": 2024, "predicted_prob": 0.91220748, "predicted_class": "clearcut", "longitude": 146.48415601804095, "latitude": -42.638451745639131, "in_ptpz": true, "in_reserve": false, "flagged": false }, "geometry": { "type": "Point", "coordinates": [ 146.484156018040949, -42.638451745639131 ] } },
{ "type": "Feature", "properties": { "patch_id": 4550, "year": 2024, "predicted_prob": 0.35045144, "predicted_class": "not_clearcut", "longitude": 146.47876612633621, "latitude": -42.61240060239966, "in_ptpz": true, "in_reserve": false, "flagged": false }, "geometry": { "type": "Point", "coordinates": [ 146.478766126336211, -42.61240060239966 ] } },
{ "type": "Feature", "properties": { "patch_id": 4553, "year": 2024, "predicted_prob": 0.89398456, "predicted_class": "clearcut", "longitude": 146.47966444162034, "latitude": -42.677977618140389, "in_ptpz": true, "in_reserve": false, "flagged": false }, "geometry": { "type": "Point", "coordinates": [ 146.479664441620343, -42.677977618140389 ] } },
{ "type": "Feature", "properties": { "patch_id": 4594, "year": 2024, "predicted_prob": 5.9093585e-05, "predicted_class": "not_clearcut", "longitude": 146.16076251575788, "latitude": -42.615095548252015, "in_ptpz": true, "in_reserve": false, "flagged": false }, "geometry": { "type": "Point", "coordinates": [ 146.160762515757881, -42.615095548252015 ] } },
{ "type": "Feature", "properties": { "patch_id": 4611, "year": 2024, "predicted_prob": 0.022058688, "predicted_class": "not_clearcut", "longitude": 145.89396287637442, "latitude": -42.27193910971836, "in_ptpz": true, "in_reserve": false, "flagged": false }, "geometry": { "type": "Point", "coordinates": [ 145.893962876374417, -42.27193910971836 ] } },
{ "type": "Feature", "properties": { "patch_id": 4622, "year": 2024, "predicted_prob": 0.99550581, "predicted_class": "clearcut", "longitude": 146.45451161366498, "latitude": -42.623180385809093, "in_ptpz": true, "in_reserve": false, "flagged": false }, "geometry": { "type": "Point", "coordinates": [ 146.454511613664977, -42.623180385809093 ] } },
{ "type": "Feature", "properties": { "patch_id": 4667, "year": 2024, "predicted_prob": 0.99191797, "predicted_class": "clearcut", "longitude": 146.45540992894911, "latitude": -42.623180385809093, "in_ptpz": true, "in_reserve": false, "flagged": false }, "geometry": { "type": "Point", "coordinates": [ 146.455409928949109, -42.623180385809093 ] } },
{ "type": "Feature", "properties": { "patch_id": 4684, "year": 2024, "predicted_prob": 0.99967086, "predicted_class": "clearcut", "longitude": 146.48505433332502, "latitude": -42.68246919456098, "in_ptpz": true, "in_reserve": false, "flagged": false }, "geometry": { "type": "Point", "coordinates": [ 146.485054333325024, -42.68246919456098 ] } },
{ "type": "Feature", "properties": { "patch_id": 4704, "year": 2024, "predicted_prob": 0.95699829, "predicted_class": "clearcut", "longitude": 146.45540992894911, "latitude": -42.615993863536133, "in_ptpz": true, "in_reserve": false, "flagged": false }, "geometry": { "type": "Point", "coordinates": [ 146.455409928949109, -42.615993863536133 ] } },
{ "type": "Feature", "properties": { "patch_id": 4735, "year": 2024, "predicted_prob": 0.049615525, "predicted_class": "not_clearcut", "longitude": 145.92899717245507, "latitude": -42.706723707232214, "in_ptpz": true, "in_reserve": false, "flagged": false }, "geometry": { "type": "Point", "coordinates": [ 145.92899717245507, -42.706723707232214 ] } },
{ "type": "Feature", "properties": { "patch_id": 4737, "year": 2024, "predicted_prob": 0.40008047, "predicted_class": "not_clearcut", "longitude": 146.46618971235853, "latitude": -42.688757401549822, "in_ptpz": true, "in_reserve": false, "flagged": false }, "geometry": { "type": "Point", "coordinates": [ 146.466189712358528, -42.688757401549822 ] } },
{ "type": "Feature", "properties": { "patch_id": 4753, "year": 2024, "predicted_prob": 0.32643461, "predicted_class": "not_clearcut", "longitude": 145.9227089654662, "latitude": -42.692350662686295, "in_ptpz": true, "in_reserve": false, "flagged": false }, "geometry": { "type": "Point", "coordinates": [ 145.9227089654662, -42.692350662686295 ] } },
{ "type": "Feature", "properties": { "patch_id": 4769, "year": 2024, "predicted_prob": 0.15768261, "predicted_class": "not_clearcut", "longitude": 145.92360728075033, "latitude": -42.704927076663971, "in_ptpz": true, "in_reserve": false, "flagged": false }, "geometry": { "type": "Point", "coordinates": [ 145.923607280750332, -42.704927076663971 ] } },
{ "type": "Feature", "properties": { "patch_id": 4790, "year": 2024, "predicted_prob": 0.95347744, "predicted_class": "clearcut", "longitude": 146.47337623463147, "latitude": -42.638451745639131, "in_ptpz": true, "in_reserve": false, "flagged": false }, "geometry": { "type": "Point", "coordinates": [ 146.473376234631473, -42.638451745639131 ] } },
{ "type": "Feature", "properties": { "patch_id": 4800, "year": 2024, "predicted_prob": 2.5073936e-07, "predicted_class": "not_clearcut", "longitude": 145.96043820739925, "latitude": -42.869318773657838, "in_ptpz": true, "in_reserve": false, "flagged": false }, "geometry": { "type": "Point", "coordinates": [ 145.96043820739925, -42.869318773657838 ] } },
{ "type": "Feature", "properties": { "patch_id": 4801, "year": 2024, "predicted_prob": 0.29218838, "predicted_class": "not_clearcut", "longitude": 145.92450559603446, "latitude": -42.718401805925765, "in_ptpz": true, "in_reserve": false, "flagged": false }, "geometry": { "type": "Point", "coordinates": [ 145.924505596034464, -42.718401805925765 ] } },
{ "type": "Feature", "properties": { "patch_id": 4814, "year": 2024, "predicted_prob": 0.35422507, "predicted_class": "not_clearcut", "longitude": 146.45271498309677, "latitude": -42.248582912331258, "in_ptpz": true, "in_reserve": false, "flagged": false }, "geometry": { "type": "Point", "coordinates": [ 146.452714983096769, -42.248582912331258 ] } },
{ "type": "Feature", "properties": { "patch_id": 4844, "year": 2024, "predicted_prob": 0.99938643, "predicted_class": "clearcut", "longitude": 146.4509183525285, "latitude": -42.617790494104369, "in_ptpz": true, "in_reserve": false, "flagged": false }, "geometry": { "type": "Point", "coordinates": [ 146.450918352528504, -42.617790494104369 ] } },
{ "type": "Feature", "properties": { "patch_id": 4899, "year": 2024, "predicted_prob": 0.99215889, "predicted_class": "clearcut", "longitude": 146.47427454991561, "latitude": -42.630366908082053, "in_ptpz": true, "in_reserve": false, "flagged": false }, "geometry": { "type": "Point", "coordinates": [ 146.474274549915606, -42.630366908082053 ] } },
{ "type": "Feature", "properties": { "patch_id": 4975, "year": 2024, "predicted_prob": 0.95898515, "predicted_class": "clearcut", "longitude": 146.289221601387, "latitude": -42.227921660796497, "in_ptpz": true, "in_reserve": false, "flagged": false }, "geometry": { "type": "Point", "coordinates": [ 146.289221601386998, -42.227921660796497 ] } },
{ "type": "Feature", "properties": { "patch_id": 4984, "year": 2024, "predicted_prob": 1.5154405e-05, "predicted_class": "not_clearcut", "longitude": 146.40869753417491, "latitude": -42.854945729111932, "in_ptpz": true, "in_reserve": false, "flagged": false }, "geometry": { "type": "Point", "coordinates": [ 146.408697534174905, -42.854945729111932 ] } }
]
}
