{"type":"FeatureCollection","features":[{"type":"Feature","geometry":{"geodesic":false,"type":"Point","coordinates":[146.3853413367878,-42.615095548252015]},"id":"0","properties":{"lossyear":19}},{"type":"Feature","geometry":{"geodesic":false,"type":"Point","coordinates":[146.4131891105955,-42.64923152904856]},"id":"1","properties":{"lossyear":19}},{"type":"Feature","geometry":{"geodesic":false,"type":"Point","coordinates":[146.13920294893904,-41.96381696726536]},"id":"2","properties":{}},{"type":"Feature","geometry":{"geodesic":false,"type":"Point","coordinates":[146.47337623463147,-43.085812757130654]},"id":"3","properties":{"lossyear":19}},{"type":"Feature","geometry":{"geodesic":false,"type":"Point","coordinates":[146.7258028294691,-43.19989879821382]},"id":"4","properties":{"lossyear":19}},{"type":"Feature","geometry":{"geodesic":false,"type":"Point","coordinates":[146.49942737787097,-42.04197039698376]},"id":"5","properties":{"lossyear":19}},{"type":"Feature","geometry":{"geodesic":false,"type":"Point","coordinates":[146.54524145736104,-43.10827063923364]},"id":"6","properties":{"lossyear":19}},{"type":"Feature","geometry":{"geodesic":false,"type":"Point","coordinates":[146.39881606604956,-42.680672563992744]},"id":"7","properties":{"lossyear":19}},{"type":"Feature","geometry":{"geodesic":false,"type":"Point","coordinates":[146.70693820850255,-42.006037785618986]},"id":"8","properties":{"lossyear":19}},{"type":"Feature","geometry":{"geodesic":false,"type":"Point","coordinates":[147.99422401064584,-42.1174288808498]},"id":"9","properties":{"lossyear":19}},{"type":"Feature","geometry":{"geodesic":false,"type":"Point","coordinates":[146.25239067473808,-42.19827725642055]},"id":"10","properties":{"lossyear":19}},{"type":"Feature","geometry":{"geodesic":false,"type":"Point","coordinates":[145.81311450080364,-41.500286280659694]},"id":"11","properties":{"lossyear":19}},{"type":"Feature","geometry":{"geodesic":false,"type":"Point","coordinates":[146.5847673298623,-41.99795294806191]},"id":"12","properties":{"lossyear":19}},{"type":"Feature","geometry":{"geodesic":false,"type":"Point","coordinates":[146.56320776304347,-42.10215752101978]},"id":"13","properties":{"lossyear":19}},{"type":"Feature","geometry":{"geodesic":false,"type":"Point","coordinates":[145.00642737566432,-40.845414438536565]},"id":"14","properties":{"lossyear":19}},{"type":"Feature","geometry":{"geodesic":false,"type":"Point","coordinates":[146.35569693241183,-42.65641805132151]},"id":"15","properties":{"lossyear":19}},{"type":"Feature","geometry":{"geodesic":false,"type":"Point","coordinates":[146.58386901457817,-41.896443320956394]},"id":"16","properties":{"lossyear":19}},{"type":"Feature","geometry":{"geodesic":false,"type":"Point","coordinates":[146.73119272117378,-42.09227605289446]},"id":"17","properties":{"lossyear":19}},{"type":"Feature","geometry":{"geodesic":false,"type":"Point","coordinates":[146.52727515167868,-42.025800721869615]},"id":"18","properties":{"lossyear":19}},{"type":"Feature","geometry":{"geodesic":false,"type":"Point","coordinates":[146.37905312979893,-42.92142106013678]},"id":"19","properties":{"lossyear":19}},{"type":"Feature","geometry":{"geodesic":false,"type":"Point","coordinates":[145.9487601087057,-42.71480854478928]},"id":"20","properties":{}},{"type":"Feature","geometry":{"geodesic":false,"type":"Point","coordinates":[146.3314424197406,-43.13791504360958]},"id":"21","properties":{"lossyear":19}},{"type":"Feature","geometry":{"geodesic":false,"type":"Point","coordinates":[146.64764939975066,-42.0249024065855]},"id":"22","properties":{"lossyear":19}},{"type":"Feature","geometry":{"geodesic":false,"type":"Point","coordinates":[145.62446829113856,-42.95196377979684]},"id":"23","properties":{"lossyear":19}},{"type":"Feature","geometry":{"geodesic":false,"type":"Point","coordinates":[146.67819211941077,-43.11366053093835]},"id":"24","properties":{"lossyear":19}},{"type":"Feature","geometry":{"geodesic":false,"type":"Point","coordinates":[146.514698737701,-43.15408471872374]},"id":"25","properties":{"lossyear":19}},{"type":"Feature","geometry":{"geodesic":false,"type":"Point","coordinates":[146.6206999412271,-41.89374837510404]},"id":"26","properties":{"lossyear":19}},{"type":"Feature","geometry":{"geodesic":false,"type":"Point","coordinates":[146.27844181797758,-42.962743563206274]},"id":"27","properties":{"lossyear":19}},{"type":"Feature","geometry":{"geodesic":false,"type":"Point","coordinates":[146.59554711327172,-41.95213886857181]},"id":"28","properties":{"lossyear":19}},{"type":"Feature","geometry":{"geodesic":false,"type":"Point","coordinates":[146.30000138479642,-42.633960169218525]},"id":"29","properties":{"lossyear":19}},{"type":"Feature","geometry":{"geodesic":false,"type":"Point","coordinates":[145.75472400733588,-42.91513285314794]},"id":"30","properties":{"lossyear":19}},{"type":"Feature","geometry":{"geodesic":false,"type":"Point","coordinates":[146.36557840053717,-43.121745368495425]},"id":"31","properties":{"lossyear":19}},{"type":"Feature","geometry":{"geodesic":false,"type":"Point","coordinates":[145.69004530687926,-42.3797369438127]},"id":"32","properties":{"lossyear":19}},{"type":"Feature","geometry":{"geodesic":false,"type":"Point","coordinates":[146.40779921889077,-42.67079109586743]},"id":"33","properties":{"lossyear":19}},{"type":"Feature","geometry":{"geodesic":false,"type":"Point","coordinates":[145.74035096279,-41.28828387360748]},"id":"34","properties":{"lossyear":19}},{"type":"Feature","geometry":{"geodesic":false,"type":"Point","coordinates":[145.7322661252329,-42.698638869675136]},"id":"35","properties":{}},{"type":"Feature","geometry":{"geodesic":false,"type":"Point","coordinates":[146.6853786416837,-43.15767797986021]},"id":"36","properties":{"lossyear":19}},{"type":"Feature","geometry":{"geodesic":false,"type":"Point","coordinates":[146.9440934435101,-43.23942467071508]},"id":"37","properties":{"lossyear":19}},{"type":"Feature","geometry":{"geodesic":false,"type":"Point","coordinates":[146.552427979634,-42.076106377780306]},"id":"38","properties":{"lossyear":19}},{"type":"Feature","geometry":{"geodesic":false,"type":"Point","coordinates":[146.56949597003228,-42.1497682310781]},"id":"39","properties":{"lossyear":19}},{"type":"Feature","geometry":{"geodesic":false,"type":"Point","coordinates":[145.34778718362975,-41.774272442316146]},"id":"40","properties":{"lossyear":19}},{"type":"Feature","geometry":{"geodesic":false,"type":"Point","coordinates":[146.75005734214028,-43.15228808815549]},"id":"41","properties":{"lossyear":19}},{"type":"Feature","geometry":{"geodesic":false,"type":"Point","coordinates":[146.7446674504356,-43.17384765497437]},"id":"42","properties":{"lossyear":19}},{"type":"Feature","geometry":{"geodesic":false,"type":"Point","coordinates":[145.96852304495633,-42.89626823218143]},"id":"43","properties":{"lossyear":19}},{"type":"Feature","geometry":{"geodesic":false,"type":"Point","coordinates":[147.9681728674064,-42.122818772554524]},"id":"44","properties":{"lossyear":19}},{"type":"Feature","geometry":{"geodesic":false,"type":"Point","coordinates":[146.60992015781767,-41.914409626638786]},"id":"45","properties":{"lossyear":19}},{"type":"Feature","geometry":{"geodesic":false,"type":"Point","coordinates":[146.3224592668994,-42.57736630631899]},"id":"46","properties":{"lossyear":19}},{"type":"Feature","geometry":{"geodesic":false,"type":"Point","coordinates":[145.5759592657961,-42.646536583196195]},"id":"47","properties":{"lossyear":19}},{"type":"Feature","geometry":{"geodesic":false,"type":"Point","coordinates":[145.5337384474425,-42.761520939563496]},"id":"48","properties":{}},{"type":"Feature","geometry":{"geodesic":false,"type":"Point","coordinates":[146.57219091588462,-42.07430974721207]},"id":"49","properties":{"lossyear":19}},{"type":"Feature","geometry":{"geodesic":false,"type":"Point","coordinates":[146.54973303378165,-43.10377906281303]},"id":"50","properties":{"lossyear":19}},{"type":"Feature","geometry":{"geodesic":false,"type":"Point","coordinates":[146.29730643894408,-42.621383755240856]},"id":"51","properties":{"lossyear":19}},{"type":"Feature","geometry":{"geodesic":false,"type":"Point","coordinates":[146.33503568087707,-42.455195427678746]},"id":"52","properties":{"lossyear":19}},{"type":"Feature","geometry":{"geodesic":false,"type":"Point","coordinates":[145.36934675044859,-42.006037785618986]},"id":"53","properties":{"lossyear":8}},{"type":"Feature","geometry":{"geodesic":false,"type":"Point","coordinates":[145.27861690675252,-41.79762863970325]},"id":"54","properties":{"lossyear":19}},{"type":"Feature","geometry":{"geodesic":false,"type":"Point","coordinates":[145.58763736448964,-42.60880734126319]},"id":"55","properties":{"lossyear":19}},{"type":"Feature","geometry":{"geodesic":false,"type":"Point","coordinates":[145.52206034874894,-42.327634657333775]},"id":"56","properties":{"lossyear":19}},{"type":"Feature","geometry":{"geodesic":false,"type":"Point","coordinates":[146.25867888172695,-42.6186888093885]},"id":"57","properties":{"lossyear":19}},{"type":"Feature","geometry":{"geodesic":false,"type":"Point","coordinates":[146.7042432626502,-43.16935607855376]},"id":"58","properties":{"lossyear":12}},{"type":"Feature","geometry":{"geodesic":false,"type":"Point","coordinates":[146.55063134906578,-43.12264368377954]},"id":"59","properties":{"lossyear":19}},{"type":"Feature","geometry":{"geodesic":false,"type":"Point","coordinates":[146.7464640810038,-43.0606599291753]},"id":"60","properties":{"lossyear":19}},{"type":"Feature","geometry":{"geodesic":false,"type":"Point","coordinates":[146.72849777532144,-43.1388133588937]},"id":"61","properties":{"lossyear":19}},{"type":"Feature","geometry":{"geodesic":false,"type":"Point","coordinates":[147.50194723494832,-41.26492767622038]},"id":"62","properties":{"lossyear":19}},{"type":"Feature","geometry":{"geodesic":false,"type":"Point","coordinates":[146.90277094044063,-43.24661119298804]},"id":"63","properties":{"lossyear":19}},{"type":"Feature","geometry":{"geodesic":false,"type":"Point","coordinates":[145.62985818284324,-42.782182191098244]},"id":"64","properties":{"lossyear":19}},{"type":"Feature","geometry":{"geodesic":false,"type":"Point","coordinates":[145.91911570432973,-41.9934613716413]},"id":"65","properties":{"lossyear":19}},{"type":"Feature","geometry":{"geodesic":false,"type":"Point","coordinates":[146.79946468276688,-43.14599988116666]},"id":"66","properties":{"lossyear":19}},{"type":"Feature","geometry":{"geodesic":false,"type":"Point","coordinates":[146.40779921889077,-42.6968422391069]},"id":"67","properties":{"lossyear":19}},{"type":"Feature","geometry":{"geodesic":false,"type":"Point","coordinates":[145.7187913959711,-42.820809748315384]},"id":"68","properties":{"lossyear":19}},{"type":"Feature","geometry":{"geodesic":false,"type":"Point","coordinates":[145.3971945242563,-41.20024897576377]},"id":"69","properties":{"lossyear":19}},{"type":"Feature","geometry":{"geodesic":false,"type":"Point","coordinates":[146.61620836480648,-41.91351131135467]},"id":"70","properties":{"lossyear":19}},{"type":"Feature","geometry":{"geodesic":false,"type":"Point","coordinates":[146.4886475944615,-41.96471528254948]},"id":"71","properties":{"lossyear":19}},{"type":"Feature","geometry":{"geodesic":false,"type":"Point","coordinates":[146.29281486252347,-42.64024837620737]},"id":"72","properties":{"lossyear":19}},{"type":"Feature","geometry":{"geodesic":false,"type":"Point","coordinates":[147.9555964534287,-42.09227605289446]},"id":"73","properties":{}},{"type":"Feature","geometry":{"geodesic":false,"type":"Point","coordinates":[146.9063642015771,-41.028670756496936]},"id":"74","properties":{"lossyear":19}},{"type":"Feature","geometry":{"geodesic":false,"type":"Point","coordinates":[145.5211620334648,-42.72648664348284]},"id":"75","properties":{"lossyear":19}},{"type":"Feature","geometry":{"geodesic":false,"type":"Point","coordinates":[145.0279869424832,-40.941534173937356]},"id":"76","properties":{"lossyear":18}},{"type":"Feature","geometry":{"geodesic":false,"type":"Point","coordinates":[145.7232829723917,-42.92052274485266]},"id":"77","properties":{"lossyear":19}},{"type":"Feature","geometry":{"geodesic":false,"type":"Point","coordinates":[147.965477921554,-42.154259807498704]},"id":"78","properties":{"lossyear":19}},{"type":"Feature","geometry":{"geodesic":false,"type":"Point","coordinates":[146.59464879798765,-42.11653056556568]},"id":"79","properties":{"lossyear":19}},{"type":"Feature","geometry":{"geodesic":false,"type":"Point","coordinates":[145.5615862212502,-42.61329891768378]},"id":"80","properties":{"lossyear":19}},{"type":"Feature","geometry":{"geodesic":false,"type":"Point","coordinates":[146.55602124077046,-42.014122623176064]},"id":"81","properties":{"lossyear":19}},{"type":"Feature","geometry":{"geodesic":false,"type":"Point","coordinates":[145.8122161855195,-42.63126522336617]},"id":"82","properties":{}},{"type":"Feature","geometry":{"geodesic":false,"type":"Point","coordinates":[146.70244663208194,-43.15677966457609]},"id":"83","properties":{}},{"type":"Feature","geometry":{"geodesic":false,"type":"Point","coordinates":[146.50122400843918,-42.05185186510907]},"id":"84","properties":{"lossyear":19}},{"type":"Feature","geometry":{"geodesic":false,"type":"Point","coordinates":[146.4886475944615,-41.94315571573061]},"id":"85","properties":{"lossyear":19}},{"type":"Feature","geometry":{"geodesic":false,"type":"Point","coordinates":[147.89810427524503,-41.93237593232118]},"id":"86","properties":{"lossyear":19}},{"type":"Feature","geometry":{"geodesic":false,"type":"Point","coordinates":[146.65842918316014,-42.05814007209791]},"id":"87","properties":{"lossyear":19}},{"type":"Feature","geometry":{"geodesic":false,"type":"Point","coordinates":[146.61351341895414,-41.86500228601221]},"id":"88","properties":{"lossyear":19}},{"type":"Feature","geometry":{"geodesic":false,"type":"Point","coordinates":[145.8059279785307,-43.024727317810516]},"id":"89","properties":{}},{"type":"Feature","geometry":{"geodesic":false,"type":"Point","coordinates":[146.32515421275178,-42.94387894223976]},"id":"90","properties":{"lossyear":19}},{"type":"Feature","geometry":{"geodesic":false,"type":"Point","coordinates":[145.60021377846732,-41.06101010672525]},"id":"91","properties":{"lossyear":19}},{"type":"Feature","geometry":{"geodesic":false,"type":"Point","coordinates":[146.18232208257677,-43.06515150559589]},"id":"92","properties":{"lossyear":19}},{"type":"Feature","geometry":{"geodesic":false,"type":"Point","coordinates":[145.64423122738918,-42.79386028979181]},"id":"93","properties":{"lossyear":19}},{"type":"Feature","geometry":{"geodesic":false,"type":"Point","coordinates":[146.70873483907081,-42.02849566772197]},"id":"94","properties":{"lossyear":19}},{"type":"Feature","geometry":{"geodesic":false,"type":"Point","coordinates":[146.56769933946407,-42.37434705210799]},"id":"95","properties":{}},{"type":"Feature","geometry":{"geodesic":false,"type":"Point","coordinates":[146.1059652834266,-42.5818578827396]},"id":"96","properties":{}},{"type":"Feature","geometry":{"geodesic":false,"type":"Point","coordinates":[146.3808497603672,-42.691452347402176]},"id":"97","properties":{"lossyear":19}},{"type":"Feature","geometry":{"geodesic":false,"type":"Point","coordinates":[145.53284013215836,-42.58634945916019]},"id":"98","properties":{"lossyear":19}},{"type":"Feature","geometry":{"geodesic":false,"type":"Point","coordinates":[145.49151762908883,-42.685164140413335]},"id":"99","properties":{}},{"type":"Feature","geometry":{"geodesic":false,"type":"Point","coordinates":[146.33773062672947,-42.62497701637733]},"id":"100","properties":{"lossyear":19}},{"type":"Feature","geometry":{"geodesic":false,"type":"Point","coordinates":[147.92595204905274,-41.48142165969318]},"id":"101","properties":{"lossyear":19}},{"type":"Feature","geometry":{"geodesic":false,"type":"Point","coordinates":[146.469782973495,-43.051676776334105]},"id":"102","properties":{"lossyear":19}},{"type":"Feature","geometry":{"geodesic":false,"type":"Point","coordinates":[145.7610122143247,-42.92142106013678]},"id":"103","properties":{"lossyear":19}},{"type":"Feature","geometry":{"geodesic":false,"type":"Point","coordinates":[146.53176672809929,-43.217865103896216]},"id":"104","properties":{"lossyear":19}},{"type":"Feature","geometry":{"geodesic":false,"type":"Point","coordinates":[146.43385036213022,-43.16845776326964]},"id":"105","properties":{"lossyear":19}},{"type":"Feature","geometry":{"geodesic":false,"type":"Point","coordinates":[145.61638345358148,-42.820809748315384]},"id":"106","properties":{"lossyear":19}},{"type":"Feature","geometry":{"geodesic":false,"type":"Point","coordinates":[145.6253666064227,-42.82799627058834]},"id":"107","properties":{"lossyear":19}},{"type":"Feature","geometry":{"geodesic":false,"type":"Point","coordinates":[145.65590932608274,-42.800148496780636]},"id":"108","properties":{}},{"type":"Feature","geometry":{"geodesic":false,"type":"Point","coordinates":[146.48595264860916,-43.19630553707735]},"id":"109","properties":{"lossyear":19}},{"type":"Feature","geometry":{"geodesic":false,"type":"Point","coordinates":[146.79766805219862,-41.97729169652716]},"id":"110","properties":{"lossyear":19}},{"type":"Feature","geometry":{"geodesic":false,"type":"Point","coordinates":[145.55170475312485,-42.65641805132151]},"id":"111","properties":{"lossyear":19}},{"type":"Feature","geometry":{"geodesic":false,"type":"Point","coordinates":[145.70711329727754,-42.800148496780636]},"id":"112","properties":{"lossyear":19}},{"type":"Feature","geometry":{"geodesic":false,"type":"Point","coordinates":[147.97356275911108,-42.10664909744037]},"id":"113","properties":{}},{"type":"Feature","geometry":{"geodesic":false,"type":"Point","coordinates":[146.7446674504356,-42.139886762952784]},"id":"114","properties":{"lossyear":19}},{"type":"Feature","geometry":{"geodesic":false,"type":"Point","coordinates":[146.81832930373338,-43.00496438155989]},"id":"115","properties":{"lossyear":19}},{"type":"Feature","geometry":{"geodesic":false,"type":"Point","coordinates":[145.514873826476,-42.69774055439102]},"id":"116","properties":{"lossyear":19}},{"type":"Feature","geometry":{"geodesic":false,"type":"Point","coordinates":[146.84977033867756,-43.056168352754696]},"id":"117","properties":{"lossyear":19}},{"type":"Feature","geometry":{"geodesic":false,"type":"Point","coordinates":[146.16255914632615,-41.54879530600215]},"id":"118","properties":{"lossyear":19}},{"type":"Feature","geometry":{"geodesic":false,"type":"Point","coordinates":[146.71412473077555,-43.11905042264307]},"id":"119","properties":{"lossyear":19}},{"type":"Feature","geometry":{"geodesic":false,"type":"Point","coordinates":[145.49600920550944,-42.73367316575579]},"id":"120","properties":{"lossyear":19}},{"type":"Feature","geometry":{"geodesic":false,"type":"Point","coordinates":[146.35210367127536,-43.134321782473094]},"id":"121","properties":{"lossyear":7}},{"type":"Feature","geometry":{"geodesic":false,"type":"Point","coordinates":[145.612790192445,-42.79026702865532]},"id":"122","properties":{"lossyear":19}},{"type":"Feature","geometry":{"geodesic":false,"type":"Point","coordinates":[145.56967105880727,-42.6052140801267]},"id":"123","properties":{"lossyear":19}},{"type":"Feature","geometry":{"geodesic":false,"type":"Point","coordinates":[145.25795565521776,-41.81918820652213]},"id":"124","properties":{"lossyear":19}},{"type":"Feature","geometry":{"geodesic":false,"type":"Point","coordinates":[147.21807960516657,-42.24858291233126]},"id":"125","properties":{"lossyear":19}},{"type":"Feature","geometry":{"geodesic":false,"type":"Point","coordinates":[146.0781175096189,-42.924116005989134]},"id":"126","properties":{"lossyear":19}},{"type":"Feature","geometry":{"geodesic":false,"type":"Point","coordinates":[146.30000138479642,-42.49741624603236]},"id":"127","properties":{"lossyear":19}},{"type":"Feature","geometry":{"geodesic":false,"type":"Point","coordinates":[146.52547852111041,-42.05814007209791]},"id":"128","properties":{}},{"type":"Feature","geometry":{"geodesic":false,"type":"Point","coordinates":[146.39612112019722,-42.70941865308457]},"id":"129","properties":{"lossyear":19}},{"type":"Feature","geometry":{"geodesic":false,"type":"Point","coordinates":[145.68555373045865,-42.02849566772197]},"id":"130","properties":{}},{"type":"Feature","geometry":{"geodesic":false,"type":"Point","coordinates":[146.49224085559803,-41.92608772533235]},"id":"131","properties":{}},{"type":"Feature","geometry":{"geodesic":false,"type":"Point","coordinates":[145.73675770165346,-41.55238856713862]},"id":"132","properties":{}},{"type":"Feature","geometry":{"geodesic":false,"type":"Point","coordinates":[148.1343611949685,-41.306250179289876]},"id":"133","properties":{"lossyear":18}},{"type":"Feature","geometry":{"geodesic":false,"type":"Point","coordinates":[146.44013856911909,-43.155881349291974]},"id":"134","properties":{"lossyear":19}},{"type":"Feature","geometry":{"geodesic":false,"type":"Point","coordinates":[146.3125777987741,-42.552213478363655]},"id":"135","properties":{"lossyear":19}},{"type":"Feature","geometry":{"geodesic":false,"type":"Point","coordinates":[146.67819211941077,-43.20528868991855]},"id":"136","properties":{"lossyear":19}},{"type":"Feature","geometry":{"geodesic":false,"type":"Point","coordinates":[147.73281426296705,-42.307871721083146]},"id":"137","properties":{"lossyear":19}},{"type":"Feature","geometry":{"geodesic":false,"type":"Point","coordinates":[145.49151762908883,-42.745351264449354]},"id":"138","properties":{"lossyear":19}},{"type":"Feature","geometry":{"geodesic":false,"type":"Point","coordinates":[146.9189406155548,-43.21517015804386]},"id":"139","properties":{"lossyear":19}},{"type":"Feature","geometry":{"geodesic":false,"type":"Point","coordinates":[146.9979923605573,-43.04988014576587]},"id":"140","properties":{"lossyear":20}},{"type":"Feature","geometry":{"geodesic":false,"type":"Point","coordinates":[146.65034434560306,-42.05454681096144]},"id":"141","properties":{"lossyear":19}},{"type":"Feature","geometry":{"geodesic":false,"type":"Point","coordinates":[145.49870415136184,-42.78757208280297]},"id":"142","properties":{"lossyear":19}},{"type":"Feature","geometry":{"geodesic":false,"type":"Point","coordinates":[146.52547852111041,-43.225949941453294]},"id":"143","properties":{"lossyear":19}},{"type":"Feature","geometry":{"geodesic":false,"type":"Point","coordinates":[146.48954590974563,-42.05364849567732]},"id":"144","properties":{"lossyear":19}},{"type":"Feature","geometry":{"geodesic":false,"type":"Point","coordinates":[145.54272160028364,-42.614197232967896]},"id":"145","properties":{"lossyear":19}},{"type":"Feature","geometry":{"geodesic":false,"type":"Point","coordinates":[146.85156696924582,-43.032812155367594]},"id":"146","properties":{"lossyear":19}},{"type":"Feature","geometry":{"geodesic":false,"type":"Point","coordinates":[146.777905115948,-43.05347340690234]},"id":"147","properties":{"lossyear":19}},{"type":"Feature","geometry":{"geodesic":false,"type":"Point","coordinates":[145.82569091478132,-41.14635005871661]},"id":"148","properties":{"lossyear":19}},{"type":"Feature","geometry":{"geodesic":false,"type":"Point","coordinates":[145.52834855573775,-42.743554633881104]},"id":"149","properties":{"lossyear":19}},{"type":"Feature","geometry":{"geodesic":false,"type":"Point","coordinates":[145.650519434378,-42.94387894223976]},"id":"150","properties":{"lossyear":19}},{"type":"Feature","geometry":{"geodesic":false,"type":"Point","coordinates":[146.32605252803592,-42.55580673950013]},"id":"151","properties":{"lossyear":19}},{"type":"Feature","geometry":{"geodesic":false,"type":"Point","coordinates":[146.37456155337833,-42.57467136046664]},"id":"152","properties":{"lossyear":19}},{"type":"Feature","geometry":{"geodesic":false,"type":"Point","coordinates":[146.60992015781767,-42.13359855596396]},"id":"153","properties":{"lossyear":19}},{"type":"Feature","geometry":{"geodesic":false,"type":"Point","coordinates":[146.69436179452492,-42.02041083016489]},"id":"154","properties":{"lossyear":19}},{"type":"Feature","geometry":{"geodesic":false,"type":"Point","coordinates":[146.78419332293686,-43.06694813616414]},"id":"155","properties":{"lossyear":19}},{"type":"Feature","geometry":{"geodesic":false,"type":"Point","coordinates":[145.54631486142017,-42.916929483716174]},"id":"156","properties":{}},{"type":"Feature","geometry":{"geodesic":false,"type":"Point","coordinates":[145.66579079420802,-42.775893984109416]},"id":"157","properties":{"lossyear":19}},{"type":"Feature","geometry":{"geodesic":false,"type":"Point","coordinates":[146.61531004952235,-42.03568218999493]},"id":"158","properties":{"lossyear":19}},{"type":"Feature","geometry":{"geodesic":false,"type":"Point","coordinates":[146.81114278146043,-42.15515812278282]},"id":"159","properties":{"lossyear":19}},{"type":"Feature","geometry":{"geodesic":false,"type":"Point","coordinates":[146.47966444162034,-42.025800721869615]},"id":"160","properties":{"lossyear":19}},{"type":"Feature","geometry":{"geodesic":false,"type":"Point","coordinates":[146.52727515167868,-41.99076642578895]},"id":"161","properties":{"lossyear":19}},{"type":"Feature","geometry":{"geodesic":false,"type":"Point","coordinates":[146.4634947665062,-41.972800120106555]},"id":"162","properties":{"lossyear":19}},{"type":"Feature","geometry":{"geodesic":false,"type":"Point","coordinates":[146.2532889900222,-42.486636462622926]},"id":"163","properties":{"lossyear":19}},{"type":"Feature","geometry":{"geodesic":false,"type":"Point","coordinates":[146.25059404416987,-41.487709866682025]},"id":"164","properties":{"lossyear":19}},{"type":"Feature","geometry":{"geodesic":false,"type":"Point","coordinates":[145.62985818284324,-42.7893687133712]},"id":"165","properties":{}},{"type":"Feature","geometry":{"geodesic":false,"type":"Point","coordinates":[146.90816083214537,-43.19271227594086]},"id":"166","properties":{"lossyear":19}},{"type":"Feature","geometry":{"geodesic":false,"type":"Point","coordinates":[146.30898453763763,-42.589942720296676]},"id":"167","properties":{"lossyear":19}},{"type":"Feature","geometry":{"geodesic":false,"type":"Point","coordinates":[146.49224085559803,-43.210678581623256]},"id":"168","properties":{"lossyear":19}},{"type":"Feature","geometry":{"geodesic":false,"type":"Point","coordinates":[147.4399634803441,-42.327634657333775]},"id":"169","properties":{}},{"type":"Feature","geometry":{"geodesic":false,"type":"Point","coordinates":[145.71968971125523,-42.827097955304225]},"id":"170","properties":{"lossyear":19}},{"type":"Feature","geometry":{"geodesic":false,"type":"Point","coordinates":[146.8928894723153,-42.75163947143818]},"id":"171","properties":{"lossyear":19}},{"type":"Feature","geometry":{"geodesic":false,"type":"Point","coordinates":[146.36917166167365,-42.71750349064165]},"id":"172","properties":{"lossyear":8}},{"type":"Feature","geometry":{"geodesic":false,"type":"Point","coordinates":[146.52278357525807,-42.0716148013597]},"id":"173","properties":{"lossyear":19}},{"type":"Feature","geometry":{"geodesic":false,"type":"Point","coordinates":[146.82012593430164,-43.03011720951524]},"id":"174","properties":{"lossyear":19}},{"type":"Feature","geometry":{"geodesic":false,"type":"Point","coordinates":[146.7123281002073,-41.875782069421646]},"id":"175","properties":{"lossyear":19}},{"type":"Feature","geometry":{"geodesic":false,"type":"Point","coordinates":[146.2164580633733,-42.467771841656415]},"id":"176","properties":{"lossyear":19}},{"type":"Feature","geometry":{"geodesic":false,"type":"Point","coordinates":[146.64046287747772,-42.04017376641552]},"id":"177","properties":{"lossyear":19}},{"type":"Feature","geometry":{"geodesic":false,"type":"Point","coordinates":[145.58224747278496,-42.8306912164407]},"id":"178","properties":{"lossyear":19}},{"type":"Feature","geometry":{"geodesic":false,"type":"Point","coordinates":[146.6934634792408,-42.04646197340436]},"id":"179","properties":{"lossyear":19}},{"type":"Feature","geometry":{"geodesic":false,"type":"Point","coordinates":[145.77628357415472,-42.831589531724816]},"id":"180","properties":{"lossyear":19}},{"type":"Feature","geometry":{"geodesic":false,"type":"Point","coordinates":[146.30179801536468,-42.69774055439102]},"id":"181","properties":{"lossyear":19}},{"type":"Feature","geometry":{"geodesic":false,"type":"Point","coordinates":[146.4886475944615,-43.18911901480439]},"id":"182","properties":{"lossyear":19}},{"type":"Feature","geometry":{"geodesic":false,"type":"Point","coordinates":[145.80682629381482,-42.93848905053504]},"id":"183","properties":{"lossyear":19}},{"type":"Feature","geometry":{"geodesic":false,"type":"Point","coordinates":[145.7295711793805,-42.91782779900029]},"id":"184","properties":{"lossyear":19}},{"type":"Feature","geometry":{"geodesic":false,"type":"Point","coordinates":[146.48415601804095,-42.04736028868848]},"id":"185","properties":{"lossyear":19}},{"type":"Feature","geometry":{"geodesic":false,"type":"Point","coordinates":[145.57056937409135,-42.878301926499034]},"id":"186","properties":{"lossyear":19}},{"type":"Feature","geometry":{"geodesic":false,"type":"Point","coordinates":[146.56230944775933,-41.90722310436584]},"id":"187","properties":{"lossyear":19}},{"type":"Feature","geometry":{"geodesic":false,"type":"Point","coordinates":[147.93403688660982,-42.11203898914509]},"id":"188","properties":{"lossyear":19}},{"type":"Feature","geometry":{"geodesic":false,"type":"Point","coordinates":[145.69004530687926,-42.98070986888867]},"id":"189","properties":{"lossyear":18}},{"type":"Feature","geometry":{"geodesic":false,"type":"Point","coordinates":[145.69453688329986,-42.812724910758305]},"id":"190","properties":{"lossyear":19}},{"type":"Feature","geometry":{"geodesic":false,"type":"Point","coordinates":[145.48343279153175,-42.526162335124184]},"id":"191","properties":{}},{"type":"Feature","geometry":{"geodesic":false,"type":"Point","coordinates":[146.4976307473027,-43.097490855824205]},"id":"192","properties":{"lossyear":19}},{"type":"Feature","geometry":{"geodesic":false,"type":"Point","coordinates":[146.07632087905068,-42.92681095184149]},"id":"193","properties":{"lossyear":19}},{"type":"Feature","geometry":{"geodesic":false,"type":"Point","coordinates":[146.38444302150367,-42.70313044609573]},"id":"194","properties":{"lossyear":8}},{"type":"Feature","geometry":{"geodesic":false,"type":"Point","coordinates":[146.43385036213022,-43.15138977287137]},"id":"195","properties":{"lossyear":19}},{"type":"Feature","geometry":{"geodesic":false,"type":"Point","coordinates":[146.63776793162538,-42.04197039698376]},"id":"196","properties":{"lossyear":19}},{"type":"Feature","geometry":{"geodesic":false,"type":"Point","coordinates":[146.55063134906578,-43.10467737809715]},"id":"197","properties":{"lossyear":19}},{"type":"Feature","geometry":{"geodesic":false,"type":"Point","coordinates":[145.69184193744752,-42.66270625831035]},"id":"198","properties":{"lossyear":19}},{"type":"Feature","geometry":{"geodesic":false,"type":"Point","coordinates":[146.29011991667113,-42.51448423643063]},"id":"199","properties":{"lossyear":19}},{"type":"Feature","geometry":{"geodesic":false,"type":"Point","coordinates":[145.58584073392143,-42.628570277513816]},"id":"200","properties":{"lossyear":19}},{"type":"Feature","geometry":{"geodesic":false,"type":"Point","coordinates":[146.7536506032768,-43.05976161389118]},"id":"201","properties":{"lossyear":19}},{"type":"Feature","geometry":{"geodesic":false,"type":"Point","coordinates":[146.41139248002725,-43.00676101212812]},"id":"202","properties":{"lossyear":19}},{"type":"Feature","geometry":{"geodesic":false,"type":"Point","coordinates":[146.71412473077555,-43.03101552479936]},"id":"203","properties":{"lossyear":19}},{"type":"Feature","geometry":{"geodesic":false,"type":"Point","coordinates":[145.40258441596103,-41.728458362826046]},"id":"204","properties":{"lossyear":19}},{"type":"Feature","geometry":{"geodesic":false,"type":"Point","coordinates":[145.567874428239,-42.86123393610076]},"id":"205","properties":{}},{"type":"Feature","geometry":{"geodesic":false,"type":"Point","coordinates":[146.3035946459329,-42.45878868881522]},"id":"206","properties":{"lossyear":19}},{"type":"Feature","geometry":{"geodesic":false,"type":"Point","coordinates":[147.17945204794944,-41.13646859059129]},"id":"207","properties":{"lossyear":19}},{"type":"Feature","geometry":{"geodesic":false,"type":"Point","coordinates":[146.88390631947414,-43.064253190311774]},"id":"208","properties":{"lossyear":19}},{"type":"Feature","geometry":{"geodesic":false,"type":"Point","coordinates":[145.56068790596606,-42.684265825129216]},"id":"209","properties":{"lossyear":19}},{"type":"Feature","geometry":{"geodesic":false,"type":"Point","coordinates":[146.39073122849248,-42.518975812851224]},"id":"210","properties":{}},{"type":"Feature","geometry":{"geodesic":false,"type":"Point","coordinates":[146.7042432626502,-43.04988014576587]},"id":"211","properties":{}},{"type":"Feature","geometry":{"geodesic":false,"type":"Point","coordinates":[145.88408140824907,-42.518975812851224]},"id":"212","properties":{}},{"type":"Feature","geometry":{"geodesic":false,"type":"Point","coordinates":[145.60111209375145,-42.84326763041838]},"id":"213","properties":{"lossyear":19}},{"type":"Feature","geometry":{"geodesic":false,"type":"Point","coordinates":[146.52547852111041,-42.0249024065855]},"id":"214","properties":{"lossyear":19}},{"type":"Feature","geometry":{"geodesic":false,"type":"Point","coordinates":[146.9000759945883,-42.858538990248405]},"id":"215","properties":{"lossyear":19}},{"type":"Feature","geometry":{"geodesic":false,"type":"Point","coordinates":[146.3035946459329,-42.50011119188471]},"id":"216","properties":{"lossyear":19}},{"type":"Feature","geometry":{"geodesic":false,"type":"Point","coordinates":[145.7017234055728,-42.82530132473599]},"id":"217","properties":{"lossyear":19}},{"type":"Feature","geometry":{"geodesic":false,"type":"Point","coordinates":[146.4293587857096,-43.17025439383788]},"id":"218","properties":{"lossyear":19}},{"type":"Feature","geometry":{"geodesic":false,"type":"Point","coordinates":[145.27592196090018,-41.82906967464744]},"id":"219","properties":{"lossyear":19}},{"type":"Feature","geometry":{"geodesic":false,"type":"Point","coordinates":[146.0403882676859,-41.449082309464885]},"id":"220","properties":{"lossyear":19}},{"type":"Feature","geometry":{"geodesic":false,"type":"Point","coordinates":[146.5290717822469,-43.24122130128332]},"id":"221","properties":{}},{"type":"Feature","geometry":{"geodesic":false,"type":"Point","coordinates":[146.0655410956412,-42.65821468188976]},"id":"222","properties":{"lossyear":19}},{"type":"Feature","geometry":{"geodesic":false,"type":"Point","coordinates":[146.54524145736104,-41.98537653408424]},"id":"223","properties":{"lossyear":19}},{"type":"Feature","geometry":{"geodesic":false,"type":"Point","coordinates":[146.37456155337833,-43.15857629514433]},"id":"224","properties":{"lossyear":19}},{"type":"Feature","geometry":{"geodesic":false,"type":"Point","coordinates":[144.78095023935032,-40.51483441398058]},"id":"225","properties":{"lossyear":9}},{"type":"Feature","geometry":{"geodesic":false,"type":"Point","coordinates":[146.53535998923576,-41.93866413931002]},"id":"226","properties":{}},{"type":"Feature","geometry":{"geodesic":false,"type":"Point","coordinates":[146.40510427303843,-42.691452347402176]},"id":"227","properties":{"lossyear":19}},{"type":"Feature","geometry":{"geodesic":false,"type":"Point","coordinates":[146.77610848537978,-43.032812155367594]},"id":"228","properties":{"lossyear":19}},{"type":"Feature","geometry":{"geodesic":false,"type":"Point","coordinates":[146.33952725729768,-42.93759073525092]},"id":"229","properties":{"lossyear":19}},{"type":"Feature","geometry":{"geodesic":false,"type":"Point","coordinates":[146.55781787133873,-41.94764729215122]},"id":"230","properties":{"lossyear":19}},{"type":"Feature","geometry":{"geodesic":false,"type":"Point","coordinates":[145.93618369472802,-41.446387363612516]},"id":"231","properties":{"lossyear":19}},{"type":"Feature","geometry":{"geodesic":false,"type":"Point","coordinates":[146.74107418929913,-43.06874476673238]},"id":"232","properties":{"lossyear":19}},{"type":"Feature","geometry":{"geodesic":false,"type":"Point","coordinates":[146.6674123360013,-42.1174288808498]},"id":"233","properties":{"lossyear":19}},{"type":"Feature","geometry":{"geodesic":false,"type":"Point","coordinates":[145.55799296011372,-42.75972430899526]},"id":"234","properties":{"lossyear":20}},{"type":"Feature","geometry":{"geodesic":false,"type":"Point","coordinates":[146.11405012098368,-42.95735367150155]},"id":"235","properties":{"lossyear":19}},{"type":"Feature","geometry":{"geodesic":false,"type":"Point","coordinates":[146.72400619890084,-43.18552575366792]},"id":"236","properties":{"lossyear":19}},{"type":"Feature","geometry":{"geodesic":false,"type":"Point","coordinates":[145.73496107108525,-42.909742961443214]},"id":"237","properties":{"lossyear":19}},{"type":"Feature","geometry":{"geodesic":false,"type":"Point","coordinates":[146.7590404949815,-43.0238290025264]},"id":"238","properties":{}},{"type":"Feature","geometry":{"geodesic":false,"type":"Point","coordinates":[146.62878477878417,-42.04017376641552]},"id":"239","properties":{"lossyear":19}},{"type":"Feature","geometry":{"geodesic":false,"type":"Point","coordinates":[146.50122400843918,-41.9242910947641]},"id":"240","properties":{"lossyear":19}},{"type":"Feature","geometry":{"geodesic":false,"type":"Point","coordinates":[144.9417486752077,-40.98824656871156]},"id":"241","properties":{"lossyear":19}},{"type":"Feature","geometry":{"geodesic":false,"type":"Point","coordinates":[145.5912306256261,-42.59353598143315]},"id":"242","properties":{"lossyear":19}},{"type":"Feature","geometry":{"geodesic":false,"type":"Point","coordinates":[146.59285216741938,-42.04107208169964]},"id":"243","properties":{"lossyear":19}},{"type":"Feature","geometry":{"geodesic":false,"type":"Point","coordinates":[145.70711329727754,-42.90794633087498]},"id":"244","properties":{"lossyear":19}},{"type":"Feature","geometry":{"geodesic":false,"type":"Point","coordinates":[146.65124266088714,-42.07520806249619]},"id":"245","properties":{"lossyear":19}},{"type":"Feature","geometry":{"geodesic":false,"type":"Point","coordinates":[146.46169813593792,-41.17958772422902]},"id":"246","properties":{"lossyear":19}},{"type":"Feature","geometry":{"geodesic":false,"type":"Point","coordinates":[147.54596468387018,-41.54071046844507]},"id":"247","properties":{"lossyear":19}},{"type":"Feature","geometry":{"geodesic":false,"type":"Point","coordinates":[146.28562834025053,-42.629468592797934]},"id":"248","properties":{"lossyear":19}},{"type":"Feature","geometry":{"geodesic":false,"type":"Point","coordinates":[146.65663255259187,-41.8919517445358]},"id":"249","properties":{"lossyear":19}},{"type":"Feature","geometry":{"geodesic":false,"type":"Point","coordinates":[146.8192276190175,-42.17132779789698]},"id":"250","properties":{"lossyear":19}},{"type":"Feature","geometry":{"geodesic":false,"type":"Point","coordinates":[146.30089970008055,-42.61689217882025]},"id":"251","properties":{}},{"type":"Feature","geometry":{"geodesic":false,"type":"Point","coordinates":[146.7231078836167,-43.12444031434778]},"id":"252","properties":{"lossyear":19}},{"type":"Feature","geometry":{"geodesic":false,"type":"Point","coordinates":[146.39342617434488,-43.00496438155989]},"id":"253","properties":{"lossyear":19}},{"type":"Feature","geometry":{"geodesic":false,"type":"Point","coordinates":[146.63327635520477,-41.84793429561395]},"id":"254","properties":{"lossyear":19}},{"type":"Feature","geometry":{"geodesic":false,"type":"Point","coordinates":[145.5382300238631,-42.615095548252015]},"id":"255","properties":{"lossyear":19}},{"type":"Feature","geometry":{"geodesic":false,"type":"Point","coordinates":[145.76460547546117,-42.819911433031265]},"id":"256","properties":{}},{"type":"Feature","geometry":{"geodesic":false,"type":"Point","coordinates":[146.78329500765273,-42.16863285204461]},"id":"257","properties":{"lossyear":19}},{"type":"Feature","geometry":{"geodesic":false,"type":"Point","coordinates":[147.4812859834136,-41.33409795309758]},"id":"258","properties":{"lossyear":19}},{"type":"Feature","geometry":{"geodesic":false,"type":"Point","coordinates":[145.28849837487786,-41.832662935783915]},"id":"259","properties":{"lossyear":19}},{"type":"Feature","geometry":{"geodesic":false,"type":"Point","coordinates":[146.20118670354327,-43.5250889310651]},"id":"260","properties":{"lossyear":19}},{"type":"Feature","geometry":{"geodesic":false,"type":"Point","coordinates":[146.31437442934237,-42.501009507168845]},"id":"261","properties":{"lossyear":19}},{"type":"Feature","geometry":{"geodesic":false,"type":"Point","coordinates":[146.30000138479642,-42.474958363929375]},"id":"262","properties":{}},{"type":"Feature","geometry":{"geodesic":false,"type":"Point","coordinates":[145.5939255714785,-42.88908170990847]},"id":"263","properties":{"lossyear":19}},{"type":"Feature","geometry":{"geodesic":false,"type":"Point","coordinates":[146.91175409328184,-42.191989049431726]},"id":"264","properties":{"lossyear":19}},{"type":"Feature","geometry":{"geodesic":false,"type":"Point","coordinates":[146.39073122849248,-42.667197834730956]},"id":"265","properties":{"lossyear":19}},{"type":"Feature","geometry":{"geodesic":false,"type":"Point","coordinates":[146.68268369583132,-41.875782069421646]},"id":"266","properties":{"lossyear":19}},{"type":"Feature","geometry":{"geodesic":false,"type":"Point","coordinates":[147.96907118269047,-42.10575078215625]},"id":"267","properties":{"lossyear":19}},{"type":"Feature","geometry":{"geodesic":false,"type":"Point","coordinates":[146.4464267761079,-43.12354199906366]},"id":"268","properties":{"lossyear":19}},{"type":"Feature","geometry":{"geodesic":false,"type":"Point","coordinates":[146.4140874258796,-42.66180794302623]},"id":"269","properties":{"lossyear":19}},{"type":"Feature","geometry":{"geodesic":false,"type":"Point","coordinates":[146.45181666781264,-43.12533862963191]},"id":"270","properties":{"lossyear":19}},{"type":"Feature","geometry":{"geodesic":false,"type":"Point","coordinates":[146.68897190282019,-41.86949386243282]},"id":"271","properties":{"lossyear":19}},{"type":"Feature","geometry":{"geodesic":false,"type":"Point","coordinates":[146.5784791228735,-42.00513947033487]},"id":"272","properties":{"lossyear":19}},{"type":"Feature","geometry":{"geodesic":false,"type":"Point","coordinates":[146.65483592202366,-42.00873273147134]},"id":"273","properties":{"lossyear":19}},{"type":"Feature","geometry":{"geodesic":false,"type":"Point","coordinates":[145.55799296011372,-42.61329891768378]},"id":"274","properties":{"lossyear":19}},{"type":"Feature","geometry":{"geodesic":false,"type":"Point","coordinates":[145.78167346585946,-42.540535379670104]},"id":"275","properties":{"lossyear":19}},{"type":"Feature","geometry":{"geodesic":false,"type":"Point","coordinates":[146.5021223237233,-42.0482586039726]},"id":"276","properties":{"lossyear":19}},{"type":"Feature","geometry":{"geodesic":false,"type":"Point","coordinates":[147.84600198876615,-42.83338616229307]},"id":"277","properties":{}},{"type":"Feature","geometry":{"geodesic":false,"type":"Point","coordinates":[146.71053146963902,-43.04898183048175]},"id":"278","properties":{"lossyear":19}},{"type":"Feature","geometry":{"geodesic":false,"type":"Point","coordinates":[146.57668249230522,-42.01322430789193]},"id":"279","properties":{"lossyear":19}},{"type":"Feature","geometry":{"geodesic":false,"type":"Point","coordinates":[146.8192276190175,-42.153361492214586]},"id":"280","properties":{"lossyear":19}},{"type":"Feature","geometry":{"geodesic":false,"type":"Point","coordinates":[146.5757841770211,-41.99705463277779]},"id":"281","properties":{"lossyear":19}},{"type":"Feature","geometry":{"geodesic":false,"type":"Point","coordinates":[146.31347611405823,-42.589942720296676]},"id":"282","properties":{"lossyear":19}},{"type":"Feature","geometry":{"geodesic":false,"type":"Point","coordinates":[146.32335758218352,-42.51178929057828]},"id":"283","properties":{"lossyear":19}},{"type":"Feature","geometry":{"geodesic":false,"type":"Point","coordinates":[146.8039562591875,-42.122818772554524]},"id":"284","properties":{"lossyear":19}},{"type":"Feature","geometry":{"geodesic":false,"type":"Point","coordinates":[146.8039562591875,-43.051676776334105]},"id":"285","properties":{"lossyear":19}},{"type":"Feature","geometry":{"geodesic":false,"type":"Point","coordinates":[145.94696347813743,-42.216243562102946]},"id":"286","properties":{"lossyear":19}},{"type":"Feature","geometry":{"geodesic":false,"type":"Point","coordinates":[146.28383170968226,-42.685164140413335]},"id":"287","properties":{"lossyear":19}},{"type":"Feature","geometry":{"geodesic":false,"type":"Point","coordinates":[146.00535397160525,-42.68965571683394]},"id":"288","properties":{}},{"type":"Feature","geometry":{"geodesic":false,"type":"Point","coordinates":[146.19220355070206,-43.526885561633335]},"id":"289","properties":{"lossyear":19}},{"type":"Feature","geometry":{"geodesic":false,"type":"Point","coordinates":[146.16076251575788,-41.518252586342086]},"id":"290","properties":{"lossyear":19}},{"type":"Feature","geometry":{"geodesic":false,"type":"Point","coordinates":[144.86090029963697,-40.901109986151965]},"id":"291","properties":{}},{"type":"Feature","geometry":{"geodesic":false,"type":"Point","coordinates":[146.01074386330993,-42.955557040933314]},"id":"292","properties":{}},{"type":"Feature","geometry":{"geodesic":false,"type":"Point","coordinates":[146.51110547656452,-41.994359686925435]},"id":"293","properties":{"lossyear":19}},{"type":"Feature","geometry":{"geodesic":false,"type":"Point","coordinates":[146.71951462248023,-43.0929992794036]},"id":"294","properties":{}},{"type":"Feature","geometry":{"geodesic":false,"type":"Point","coordinates":[146.28742497081873,-42.52975559626066]},"id":"295","properties":{"lossyear":19}},{"type":"Feature","geometry":{"geodesic":false,"type":"Point","coordinates":[146.70244663208194,-41.87398543885341]},"id":"296","properties":{}},{"type":"Feature","geometry":{"geodesic":false,"type":"Point","coordinates":[147.18933351607473,-42.28092226255956]},"id":"297","properties":{}},{"type":"Feature","geometry":{"geodesic":false,"type":"Point","coordinates":[146.54613977264518,-42.05634344152968]},"id":"298","properties":{"lossyear":19}},{"type":"Feature","geometry":{"geodesic":false,"type":"Point","coordinates":[146.70514157793434,-41.87488375413753]},"id":"299","properties":{"lossyear":19}},{"type":"Feature","geometry":{"geodesic":false,"type":"Point","coordinates":[146.54613977264518,-41.91890120305939]},"id":"300","properties":{"lossyear":19}},{"type":"Feature","geometry":{"geodesic":false,"type":"Point","coordinates":[146.25508562059048,-42.962743563206274]},"id":"301","properties":{"lossyear":19}},{"type":"Feature","geometry":{"geodesic":false,"type":"Point","coordinates":[146.84348213168875,-42.14078507823692]},"id":"302","properties":{"lossyear":19}},{"type":"Feature","geometry":{"geodesic":false,"type":"Point","coordinates":[146.6979550556614,-42.00783441618722]},"id":"303","properties":{"lossyear":19}},{"type":"Feature","geometry":{"geodesic":false,"type":"Point","coordinates":[145.75202906148354,-42.92950589769384]},"id":"304","properties":{"lossyear":19}},{"type":"Feature","geometry":{"geodesic":false,"type":"Point","coordinates":[146.78060006180038,-42.121920457270406]},"id":"305","properties":{"lossyear":19}},{"type":"Feature","geometry":{"geodesic":false,"type":"Point","coordinates":[146.5874622757147,-41.99615631749367]},"id":"306","properties":{"lossyear":19}},{"type":"Feature","geometry":{"geodesic":false,"type":"Point","coordinates":[146.92253387669126,-43.04628688462938]},"id":"307","properties":{"lossyear":1}},{"type":"Feature","geometry":{"geodesic":false,"type":"Point","coordinates":[146.26496708871576,-42.44711059012167]},"id":"308","properties":{"lossyear":19}},{"type":"Feature","geometry":{"geodesic":false,"type":"Point","coordinates":[146.36288345468478,-42.71750349064165]},"id":"309","properties":{"lossyear":19}},{"type":"Feature","geometry":{"geodesic":false,"type":"Point","coordinates":[146.37096829224186,-43.14599988116666]},"id":"310","properties":{"lossyear":19}},{"type":"Feature","geometry":{"geodesic":false,"type":"Point","coordinates":[146.56949597003228,-42.146174969941626]},"id":"311","properties":{"lossyear":19}},{"type":"Feature","geometry":{"geodesic":false,"type":"Point","coordinates":[146.33503568087707,-42.50729771415767]},"id":"312","properties":{"lossyear":19}},{"type":"Feature","geometry":{"geodesic":false,"type":"Point","coordinates":[146.90995746271358,-43.19989879821382]},"id":"313","properties":{"lossyear":19}},{"type":"Feature","geometry":{"geodesic":false,"type":"Point","coordinates":[147.1039935640834,-41.30086028758515]},"id":"314","properties":{}},{"type":"Feature","geometry":{"geodesic":false,"type":"Point","coordinates":[146.3296457891724,-42.54682358665893]},"id":"315","properties":{"lossyear":19}},{"type":"Feature","geometry":{"geodesic":false,"type":"Point","coordinates":[146.46079982065385,-43.047185199913514]},"id":"316","properties":{"lossyear":19}},{"type":"Feature","geometry":{"geodesic":false,"type":"Point","coordinates":[145.612790192445,-42.96813345491098]},"id":"317","properties":{"lossyear":19}},{"type":"Feature","geometry":{"geodesic":false,"type":"Point","coordinates":[146.30988285292176,-42.65731636660564]},"id":"318","properties":{"lossyear":19}},{"type":"Feature","geometry":{"geodesic":false,"type":"Point","coordinates":[146.31167948348997,-42.673486041719784]},"id":"319","properties":{"lossyear":19}},{"type":"Feature","geometry":{"geodesic":false,"type":"Point","coordinates":[146.7770068006639,-42.13719181710043]},"id":"320","properties":{"lossyear":19}},{"type":"Feature","geometry":{"geodesic":false,"type":"Point","coordinates":[146.65842918316014,-42.069818170791464]},"id":"321","properties":{"lossyear":19}},{"type":"Feature","geometry":{"geodesic":false,"type":"Point","coordinates":[146.740175874015,-41.45626883173783]},"id":"322","properties":{"lossyear":19}},{"type":"Feature","geometry":{"geodesic":false,"type":"Point","coordinates":[145.5310435015901,-42.69504560853865]},"id":"323","properties":{"lossyear":19}},{"type":"Feature","geometry":{"geodesic":false,"type":"Point","coordinates":[146.51380042241686,-42.006936100903104]},"id":"324","properties":{"lossyear":19}},{"type":"Feature","geometry":{"geodesic":false,"type":"Point","coordinates":[145.69902845972047,-42.834284477577185]},"id":"325","properties":{"lossyear":19}},{"type":"Feature","geometry":{"geodesic":false,"type":"Point","coordinates":[146.65393760673953,-42.00783441618722]},"id":"326","properties":{"lossyear":19}},{"type":"Feature","geometry":{"geodesic":false,"type":"Point","coordinates":[146.88031305833766,-43.21966173446445]},"id":"327","properties":{}},{"type":"Feature","geometry":{"geodesic":false,"type":"Point","coordinates":[145.18159885606764,-41.20114729104789]},"id":"328","properties":{"lossyear":19}},{"type":"Feature","geometry":{"geodesic":false,"type":"Point","coordinates":[146.47157960406327,-42.74085968802875]},"id":"329","properties":{"lossyear":19}},{"type":"Feature","geometry":{"geodesic":false,"type":"Point","coordinates":[147.22885938857598,-42.29978688352607]},"id":"330","properties":{"lossyear":19}},{"type":"Feature","geometry":{"geodesic":false,"type":"Point","coordinates":[145.67926552346984,-42.783978821666494]},"id":"331","properties":{"lossyear":19}},{"type":"Feature","geometry":{"geodesic":false,"type":"Point","coordinates":[146.35839187826417,-42.49202635432765]},"id":"332","properties":{"lossyear":19}},{"type":"Feature","geometry":{"geodesic":false,"type":"Point","coordinates":[145.5256536098854,-42.68965571683394]},"id":"333","properties":{"lossyear":19}},{"type":"Feature","geometry":{"geodesic":false,"type":"Point","coordinates":[146.44822340667616,-41.856917448455135]},"id":"334","properties":{}},{"type":"Feature","geometry":{"geodesic":false,"type":"Point","coordinates":[146.08350740132363,-42.94657388809212]},"id":"335","properties":{"lossyear":19}},{"type":"Feature","geometry":{"geodesic":false,"type":"Point","coordinates":[146.42396889400493,-43.114558846222465]},"id":"336","properties":{}},{"type":"Feature","geometry":{"geodesic":false,"type":"Point","coordinates":[147.93403688660982,-43.187322384236154]},"id":"337","properties":{"lossyear":19}},{"type":"Feature","geometry":{"geodesic":false,"type":"Point","coordinates":[146.6081235272494,-42.12461540312276]},"id":"338","properties":{"lossyear":19}},{"type":"Feature","geometry":{"geodesic":false,"type":"Point","coordinates":[146.45271498309677,-42.67707930285627]},"id":"339","properties":{"lossyear":19}},{"type":"Feature","geometry":{"geodesic":false,"type":"Point","coordinates":[146.53625830451983,-42.03658050527905]},"id":"340","properties":{}},{"type":"Feature","geometry":{"geodesic":false,"type":"Point","coordinates":[146.59015722156704,-41.95213886857181]},"id":"341","properties":{"lossyear":19}},{"type":"Feature","geometry":{"geodesic":false,"type":"Point","coordinates":[146.90097430987237,-43.039998677640554]},"id":"342","properties":{"lossyear":19}},{"type":"Feature","geometry":{"geodesic":false,"type":"Point","coordinates":[146.02511690785587,-42.59892587313787]},"id":"343","properties":{"lossyear":19}},{"type":"Feature","geometry":{"geodesic":false,"type":"Point","coordinates":[145.47265300812234,-42.667197834730956]},"id":"344","properties":{"lossyear":19}},{"type":"Feature","geometry":{"geodesic":false,"type":"Point","coordinates":[146.46708802764266,-43.136118413041345]},"id":"345","properties":{"lossyear":19}},{"type":"Feature","geometry":{"geodesic":false,"type":"Point","coordinates":[145.37473664215332,-42.01951251488077]},"id":"346","properties":{"lossyear":19}},{"type":"Feature","geometry":{"geodesic":false,"type":"Point","coordinates":[146.2425092066128,-42.94926883394447]},"id":"347","properties":{"lossyear":19}},{"type":"Feature","geometry":{"geodesic":false,"type":"Point","coordinates":[146.66561570543308,-42.038377135847284]},"id":"348","properties":{"lossyear":19}},{"type":"Feature","geometry":{"geodesic":false,"type":"Point","coordinates":[145.55350138369312,-42.93938736581916]},"id":"349","properties":{"lossyear":19}},{"type":"Feature","geometry":{"geodesic":false,"type":"Point","coordinates":[145.49241594437296,-42.79206365922356]},"id":"350","properties":{"lossyear":19}},{"type":"Feature","geometry":{"geodesic":false,"type":"Point","coordinates":[145.6172817688656,-42.596230927285504]},"id":"351","properties":{}},{"type":"Feature","geometry":{"geodesic":false,"type":"Point","coordinates":[145.54990812255664,-42.78038556053001]},"id":"352","properties":{"lossyear":19}},{"type":"Feature","geometry":{"geodesic":false,"type":"Point","coordinates":[146.31796769047884,-42.64473995262796]},"id":"353","properties":{"lossyear":19}},{"type":"Feature","geometry":{"geodesic":false,"type":"Point","coordinates":[146.29191654723934,-42.96004861735392]},"id":"354","properties":{"lossyear":19}},{"type":"Feature","geometry":{"geodesic":false,"type":"Point","coordinates":[145.59662051733085,-42.86303056666901]},"id":"355","properties":{"lossyear":19}},{"type":"Feature","geometry":{"geodesic":false,"type":"Point","coordinates":[146.33683231144533,-42.51178929057828]},"id":"356","properties":{"lossyear":19}},{"type":"Feature","geometry":{"geodesic":false,"type":"Point","coordinates":[145.49600920550944,-42.79386028979181]},"id":"357","properties":{"lossyear":19}},{"type":"Feature","geometry":{"geodesic":false,"type":"Point","coordinates":[145.62446829113856,-42.81901311774715]},"id":"358","properties":{"lossyear":19}},{"type":"Feature","geometry":{"geodesic":false,"type":"Point","coordinates":[146.47966444162034,-41.96561359783361]},"id":"359","properties":{"lossyear":19}},{"type":"Feature","geometry":{"geodesic":false,"type":"Point","coordinates":[146.8192276190175,-43.09120264883536]},"id":"360","properties":{"lossyear":19}},{"type":"Feature","geometry":{"geodesic":false,"type":"Point","coordinates":[146.71412473077555,-42.07430974721207]},"id":"361","properties":{"lossyear":19}},{"type":"Feature","geometry":{"geodesic":false,"type":"Point","coordinates":[146.68717527225192,-41.86051070959162]},"id":"362","properties":{"lossyear":19}},{"type":"Feature","geometry":{"geodesic":false,"type":"Point","coordinates":[146.2631704581475,-42.603417449558464]},"id":"363","properties":{"lossyear":19}},{"type":"Feature","geometry":{"geodesic":false,"type":"Point","coordinates":[146.5236818905422,-42.04197039698376]},"id":"364","properties":{"lossyear":19}},{"type":"Feature","geometry":{"geodesic":false,"type":"Point","coordinates":[146.58207238400996,-41.852425872034544]},"id":"365","properties":{}},{"type":"Feature","geometry":{"geodesic":false,"type":"Point","coordinates":[145.51307719590773,-42.73546979632404]},"id":"366","properties":{"lossyear":19}},{"type":"Feature","geometry":{"geodesic":false,"type":"Point","coordinates":[145.85084374273669,-42.293498676537226]},"id":"367","properties":{}},{"type":"Feature","geometry":{"geodesic":false,"type":"Point","coordinates":[146.80126131333515,-42.13809013238455]},"id":"368","properties":{"lossyear":19}},{"type":"Feature","geometry":{"geodesic":false,"type":"Point","coordinates":[146.514698737701,-43.12533862963191]},"id":"369","properties":{"lossyear":19}},{"type":"Feature","geometry":{"geodesic":false,"type":"Point","coordinates":[146.52008862940573,-42.030292298290206]},"id":"370","properties":{"lossyear":19}},{"type":"Feature","geometry":{"geodesic":false,"type":"Point","coordinates":[146.73837924344673,-42.10125920573566]},"id":"371","properties":{"lossyear":19}},{"type":"Feature","geometry":{"geodesic":false,"type":"Point","coordinates":[145.72058802653936,-42.788470398087085]},"id":"372","properties":{"lossyear":19}},{"type":"Feature","geometry":{"geodesic":false,"type":"Point","coordinates":[146.4131891105955,-42.63665511507088]},"id":"373","properties":{"lossyear":19}},{"type":"Feature","geometry":{"geodesic":false,"type":"Point","coordinates":[146.13740631837078,-42.51538255171475]},"id":"374","properties":{}},{"type":"Feature","geometry":{"geodesic":false,"type":"Point","coordinates":[145.55799296011372,-42.90345475445439]},"id":"375","properties":{"lossyear":19}},{"type":"Feature","geometry":{"geodesic":false,"type":"Point","coordinates":[146.39073122849248,-42.51178929057828]},"id":"376","properties":{"lossyear":19}},{"type":"Feature","geometry":{"geodesic":false,"type":"Point","coordinates":[145.75023243091528,-42.74445294916522]},"id":"377","properties":{}},{"type":"Feature","geometry":{"geodesic":false,"type":"Point","coordinates":[146.73298935174205,-43.14959314230313]},"id":"378","properties":{"lossyear":19}},{"type":"Feature","geometry":{"geodesic":false,"type":"Point","coordinates":[145.80952123966716,-42.962743563206274]},"id":"379","properties":{}},{"type":"Feature","geometry":{"geodesic":false,"type":"Point","coordinates":[146.08620234717597,-42.935794104682685]},"id":"380","properties":{"lossyear":19}},{"type":"Feature","geometry":{"geodesic":false,"type":"Point","coordinates":[145.78975830341653,-42.94477725752388]},"id":"381","properties":{"lossyear":19}},{"type":"Feature","geometry":{"geodesic":false,"type":"Point","coordinates":[146.26496708871576,-42.61958712467262]},"id":"382","properties":{"lossyear":19}},{"type":"Feature","geometry":{"geodesic":false,"type":"Point","coordinates":[147.6887968140452,-41.15443489627367]},"id":"383","properties":{"lossyear":9}},{"type":"Feature","geometry":{"geodesic":false,"type":"Point","coordinates":[145.54990812255664,-42.63935006092325]},"id":"384","properties":{"lossyear":19}},{"type":"Feature","geometry":{"geodesic":false,"type":"Point","coordinates":[145.93798032529628,-42.21085367039824]},"id":"385","properties":{}},{"type":"Feature","geometry":{"geodesic":false,"type":"Point","coordinates":[146.6485477150348,-42.09047942232621]},"id":"386","properties":{"lossyear":19}},{"type":"Feature","geometry":{"geodesic":false,"type":"Point","coordinates":[145.41336419937045,-41.755407821349635]},"id":"387","properties":{"lossyear":19}},{"type":"Feature","geometry":{"geodesic":false,"type":"Point","coordinates":[146.81743098844925,-43.05347340690234]},"id":"388","properties":{}},{"type":"Feature","geometry":{"geodesic":false,"type":"Point","coordinates":[146.57758080758936,-41.99705463277779]},"id":"389","properties":{"lossyear":19}},{"type":"Feature","geometry":{"geodesic":false,"type":"Point","coordinates":[146.5191903141216,-42.02939398300609]},"id":"390","properties":{"lossyear":19}},{"type":"Feature","geometry":{"geodesic":false,"type":"Point","coordinates":[146.50302063900745,-43.085812757130654]},"id":"391","properties":{"lossyear":19}},{"type":"Feature","geometry":{"geodesic":false,"type":"Point","coordinates":[145.74843580034707,-42.38243188966506]},"id":"392","properties":{"lossyear":19}},{"type":"Feature","geometry":{"geodesic":false,"type":"Point","coordinates":[145.34688886834562,-40.93344933638028]},"id":"393","properties":{}},{"type":"Feature","geometry":{"geodesic":false,"type":"Point","coordinates":[145.49690752079357,-42.782182191098244]},"id":"394","properties":{"lossyear":19}},{"type":"Feature","geometry":{"geodesic":false,"type":"Point","coordinates":[146.46439308179032,-43.07682960428946]},"id":"395","properties":{"lossyear":19}},{"type":"Feature","geometry":{"geodesic":false,"type":"Point","coordinates":[146.29640812365994,-42.52256907398771]},"id":"396","properties":{"lossyear":19}},{"type":"Feature","geometry":{"geodesic":false,"type":"Point","coordinates":[147.0572811693092,-42.180310950738175]},"id":"397","properties":{"lossyear":19}},{"type":"Feature","geometry":{"geodesic":false,"type":"Point","coordinates":[146.9234321919754,-43.05077846104999]},"id":"398","properties":{"lossyear":19}},{"type":"Feature","geometry":{"geodesic":false,"type":"Point","coordinates":[147.46511630829946,-41.333199637813465]},"id":"399","properties":{"lossyear":19}},{"type":"Feature","geometry":{"geodesic":false,"type":"Point","coordinates":[146.61980162594296,-42.08958110704209]},"id":"400","properties":{"lossyear":19}},{"type":"Feature","geometry":{"geodesic":false,"type":"Point","coordinates":[146.49493580145037,-43.09569422525597]},"id":"401","properties":{"lossyear":19}},{"type":"Feature","geometry":{"geodesic":false,"type":"Point","coordinates":[146.7913798452098,-41.50118459594381]},"id":"402","properties":{"lossyear":19}},{"type":"Feature","geometry":{"geodesic":false,"type":"Point","coordinates":[145.47714458454294,-42.653723105469155]},"id":"403","properties":{"lossyear":19}},{"type":"Feature","geometry":{"geodesic":false,"type":"Point","coordinates":[146.50661390014392,-41.928782671184706]},"id":"404","properties":{"lossyear":19}},{"type":"Feature","geometry":{"geodesic":false,"type":"Point","coordinates":[146.80485457447162,-43.04538856934526]},"id":"405","properties":{"lossyear":19}},{"type":"Feature","geometry":{"geodesic":false,"type":"Point","coordinates":[146.67280222770603,-42.00873273147134]},"id":"406","properties":{"lossyear":19}},{"type":"Feature","geometry":{"geodesic":false,"type":"Point","coordinates":[146.51200379184866,-41.915307941922904]},"id":"407","properties":{"lossyear":19}},{"type":"Feature","geometry":{"geodesic":false,"type":"Point","coordinates":[146.60273363554472,-42.09047942232621]},"id":"408","properties":{"lossyear":19}},{"type":"Feature","geometry":{"geodesic":false,"type":"Point","coordinates":[146.31347611405823,-42.557603370068364]},"id":"409","properties":{"lossyear":19}},{"type":"Feature","geometry":{"geodesic":false,"type":"Point","coordinates":[146.800362998051,-42.988794706445745]},"id":"410","properties":{"lossyear":19}},{"type":"Feature","geometry":{"geodesic":false,"type":"Point","coordinates":[146.31976432104705,-42.64384163734384]},"id":"411","properties":{"lossyear":19}},{"type":"Feature","geometry":{"geodesic":false,"type":"Point","coordinates":[146.16076251575788,-42.32943128790201]},"id":"412","properties":{}},{"type":"Feature","geometry":{"geodesic":false,"type":"Point","coordinates":[146.52547852111041,-41.95213886857181]},"id":"413","properties":{"lossyear":19}},{"type":"Feature","geometry":{"geodesic":false,"type":"Point","coordinates":[147.251317270679,-42.32404139619729]},"id":"414","properties":{}},{"type":"Feature","geometry":{"geodesic":false,"type":"Point","coordinates":[146.56949597003228,-42.13629350181631]},"id":"415","properties":{"lossyear":19}},{"type":"Feature","geometry":{"geodesic":false,"type":"Point","coordinates":[146.78778658407333,-42.73277485047167]},"id":"416","properties":{"lossyear":19}},{"type":"Feature","geometry":{"geodesic":false,"type":"Point","coordinates":[145.5633828518184,-42.722893382346356]},"id":"417","properties":{"lossyear":19}},{"type":"Feature","geometry":{"geodesic":false,"type":"Point","coordinates":[146.58656396043057,-41.90362984322935]},"id":"418","properties":{"lossyear":19}},{"type":"Feature","geometry":{"geodesic":false,"type":"Point","coordinates":[146.4742745499156,-43.08221949599417]},"id":"419","properties":{"lossyear":19}},{"type":"Feature","geometry":{"geodesic":false,"type":"Point","coordinates":[146.56500439361167,-43.27266233622751]},"id":"420","properties":{"lossyear":19}},{"type":"Feature","geometry":{"geodesic":false,"type":"Point","coordinates":[146.7698202783909,-42.12102214198629]},"id":"421","properties":{"lossyear":19}},{"type":"Feature","geometry":{"geodesic":false,"type":"Point","coordinates":[146.70514157793434,-43.128931890768385]},"id":"422","properties":{"lossyear":19}},{"type":"Feature","geometry":{"geodesic":false,"type":"Point","coordinates":[146.2164580633733,-42.448907220689904]},"id":"423","properties":{"lossyear":19}},{"type":"Feature","geometry":{"geodesic":false,"type":"Point","coordinates":[146.35569693241183,-42.26744753329777]},"id":"424","properties":{"lossyear":19}},{"type":"Feature","geometry":{"geodesic":false,"type":"Point","coordinates":[145.5759592657961,-42.91962442956853]},"id":"425","properties":{"lossyear":19}},{"type":"Feature","geometry":{"geodesic":false,"type":"Point","coordinates":[145.92181065018212,-43.00765932741224]},"id":"426","properties":{"lossyear":19}},{"type":"Feature","geometry":{"geodesic":false,"type":"Point","coordinates":[146.64225950804598,-42.04736028868848]},"id":"427","properties":{"lossyear":19}},{"type":"Feature","geometry":{"geodesic":false,"type":"Point","coordinates":[146.5551229254864,-42.09047942232621]},"id":"428","properties":{}},{"type":"Feature","geometry":{"geodesic":false,"type":"Point","coordinates":[145.29658321243494,-41.759899397770226]},"id":"429","properties":{"lossyear":19}},{"type":"Feature","geometry":{"geodesic":false,"type":"Point","coordinates":[146.5236818905422,-43.2403229859992]},"id":"430","properties":{"lossyear":19}},{"type":"Feature","geometry":{"geodesic":false,"type":"Point","coordinates":[146.82102424958578,-42.138988447668666]},"id":"431","properties":{"lossyear":19}},{"type":"Feature","geometry":{"geodesic":false,"type":"Point","coordinates":[145.33880403078854,-41.787747171577934]},"id":"432","properties":{"lossyear":19}},{"type":"Feature","geometry":{"geodesic":false,"type":"Point","coordinates":[145.61638345358148,-42.66989278058331]},"id":"433","properties":{"lossyear":19}},{"type":"Feature","geometry":{"geodesic":false,"type":"Point","coordinates":[145.57865421164843,-42.94657388809212]},"id":"434","properties":{"lossyear":19}},{"type":"Feature","geometry":{"geodesic":false,"type":"Point","coordinates":[146.17154229916736,-41.55238856713862]},"id":"435","properties":{"lossyear":19}},{"type":"Feature","geometry":{"geodesic":false,"type":"Point","coordinates":[145.49600920550944,-42.71660517535753]},"id":"436","properties":{"lossyear":19}},{"type":"Feature","geometry":{"geodesic":false,"type":"Point","coordinates":[146.59914037440825,-42.02849566772197]},"id":"437","properties":{"lossyear":19}},{"type":"Feature","geometry":{"geodesic":false,"type":"Point","coordinates":[146.10506696814247,-42.969031770195116]},"id":"438","properties":{"lossyear":19}},{"type":"Feature","geometry":{"geodesic":false,"type":"Point","coordinates":[146.5784791228735,-41.98357990351599]},"id":"439","properties":{"lossyear":19}},{"type":"Feature","geometry":{"geodesic":false,"type":"Point","coordinates":[146.39342617434488,-43.12533862963191]},"id":"440","properties":{"lossyear":19}},{"type":"Feature","geometry":{"geodesic":false,"type":"Point","coordinates":[146.31167948348997,-42.45699205824698]},"id":"441","properties":{"lossyear":19}},{"type":"Feature","geometry":{"geodesic":false,"type":"Point","coordinates":[146.29730643894408,-42.44441564426931]},"id":"442","properties":{"lossyear":19}},{"type":"Feature","geometry":{"geodesic":false,"type":"Point","coordinates":[145.84455553574782,-43.21606847332798]},"id":"443","properties":{"lossyear":19}},{"type":"Feature","geometry":{"geodesic":false,"type":"Point","coordinates":[145.5912306256261,-42.86303056666901]},"id":"444","properties":{"lossyear":19}},{"type":"Feature","geometry":{"geodesic":false,"type":"Point","coordinates":[145.6172817688656,-42.66899446529919]},"id":"445","properties":{"lossyear":19}},{"type":"Feature","geometry":{"geodesic":false,"type":"Point","coordinates":[145.83197912177013,-42.55580673950013]},"id":"446","properties":{}},{"type":"Feature","geometry":{"geodesic":false,"type":"Point","coordinates":[146.33862894201354,-42.58724777444431]},"id":"447","properties":{"lossyear":19}},{"type":"Feature","geometry":{"geodesic":false,"type":"Point","coordinates":[146.50481726957565,-41.9332742476053]},"id":"448","properties":{"lossyear":19}},{"type":"Feature","geometry":{"geodesic":false,"type":"Point","coordinates":[145.6972318291522,-42.77050409240469]},"id":"449","properties":{"lossyear":19}},{"type":"Feature","geometry":{"geodesic":false,"type":"Point","coordinates":[145.32083772510617,-41.82188315237448]},"id":"450","properties":{"lossyear":19}},{"type":"Feature","geometry":{"geodesic":false,"type":"Point","coordinates":[146.52997009753102,-43.24661119298804]},"id":"451","properties":{"lossyear":19}},{"type":"Feature","geometry":{"geodesic":false,"type":"Point","coordinates":[146.4230705787208,-42.66899446529919]},"id":"452","properties":{"lossyear":19}},{"type":"Feature","geometry":{"geodesic":false,"type":"Point","coordinates":[145.59572220204672,-42.743554633881104]},"id":"453","properties":{"lossyear":19}},{"type":"Feature","geometry":{"geodesic":false,"type":"Point","coordinates":[146.27125529570458,-42.46867015694053]},"id":"454","properties":{"lossyear":19}},{"type":"Feature","geometry":{"geodesic":false,"type":"Point","coordinates":[146.3359339961612,-42.603417449558464]},"id":"455","properties":{"lossyear":19}},{"type":"Feature","geometry":{"geodesic":false,"type":"Point","coordinates":[146.54164819622457,-42.08778447647386]},"id":"456","properties":{"lossyear":19}},{"type":"Feature","geometry":{"geodesic":false,"type":"Point","coordinates":[147.54596468387018,-41.50208291122793]},"id":"457","properties":{"lossyear":19}},{"type":"Feature","geometry":{"geodesic":false,"type":"Point","coordinates":[146.72670114475318,-42.00783441618722]},"id":"458","properties":{"lossyear":19}},{"type":"Feature","geometry":{"geodesic":false,"type":"Point","coordinates":[146.77071859367504,-43.11366053093835]},"id":"459","properties":{"lossyear":19}},{"type":"Feature","geometry":{"geodesic":false,"type":"Point","coordinates":[146.26047551229516,-42.47855162506585]},"id":"460","properties":{"lossyear":19}},{"type":"Feature","geometry":{"geodesic":false,"type":"Point","coordinates":[146.58207238400996,-41.88835848339933]},"id":"461","properties":{"lossyear":19}},{"type":"Feature","geometry":{"geodesic":false,"type":"Point","coordinates":[146.66381907486482,-41.98807147993659]},"id":"462","properties":{"lossyear":19}},{"type":"Feature","geometry":{"geodesic":false,"type":"Point","coordinates":[146.5236818905422,-42.084191215337384]},"id":"463","properties":{"lossyear":19}},{"type":"Feature","geometry":{"geodesic":false,"type":"Point","coordinates":[147.9636812909858,-42.14886991579398]},"id":"464","properties":{"lossyear":19}},{"type":"Feature","geometry":{"geodesic":false,"type":"Point","coordinates":[146.67998874997897,-42.0940726834627]},"id":"465","properties":{"lossyear":19}},{"type":"Feature","geometry":{"geodesic":false,"type":"Point","coordinates":[145.28760005959373,-41.806611792544444]},"id":"466","properties":{"lossyear":19}},{"type":"Feature","geometry":{"geodesic":false,"type":"Point","coordinates":[145.7637071601771,-42.84057268456601]},"id":"467","properties":{"lossyear":19}},{"type":"Feature","geometry":{"geodesic":false,"type":"Point","coordinates":[145.6082986160244,-42.738164742176394]},"id":"468","properties":{"lossyear":19}},{"type":"Feature","geometry":{"geodesic":false,"type":"Point","coordinates":[145.6487228038098,-42.82619964002011]},"id":"469","properties":{"lossyear":19}},{"type":"Feature","geometry":{"geodesic":false,"type":"Point","coordinates":[146.61800499537475,-41.8775786999899]},"id":"470","properties":{"lossyear":19}},{"type":"Feature","geometry":{"geodesic":false,"type":"Point","coordinates":[146.6206999412271,-42.023105776017246]},"id":"471","properties":{"lossyear":19}},{"type":"Feature","geometry":{"geodesic":false,"type":"Point","coordinates":[145.71609645011876,-41.485014920829656]},"id":"472","properties":{"lossyear":19}},{"type":"Feature","geometry":{"geodesic":false,"type":"Point","coordinates":[146.78060006180038,-42.138988447668666]},"id":"473","properties":{"lossyear":19}},{"type":"Feature","geometry":{"geodesic":false,"type":"Point","coordinates":[146.49673243201858,-42.02849566772197]},"id":"474","properties":{"lossyear":19}},{"type":"Feature","geometry":{"geodesic":false,"type":"Point","coordinates":[147.04739970118385,-42.1955823105682]},"id":"475","properties":{"lossyear":19}},{"type":"Feature","geometry":{"geodesic":false,"type":"Point","coordinates":[146.26945866513637,-42.58634945916019]},"id":"476","properties":{"lossyear":19}},{"type":"Feature","geometry":{"geodesic":false,"type":"Point","coordinates":[145.74574085449467,-42.93489578939857]},"id":"477","properties":{"lossyear":19}},{"type":"Feature","geometry":{"geodesic":false,"type":"Point","coordinates":[146.6296830940683,-42.018614199596655]},"id":"478","properties":{"lossyear":19}},{"type":"Feature","geometry":{"geodesic":false,"type":"Point","coordinates":[146.80934615089217,-42.15066654636223]},"id":"479","properties":{"lossyear":19}},{"type":"Feature","geometry":{"geodesic":false,"type":"Point","coordinates":[146.60722521196533,-41.898239951524644]},"id":"480","properties":{"lossyear":19}},{"type":"Feature","geometry":{"geodesic":false,"type":"Point","coordinates":[145.64692617324152,-42.84506426098662]},"id":"481","properties":{"lossyear":19}},{"type":"Feature","geometry":{"geodesic":false,"type":"Point","coordinates":[146.58117406872583,-41.953935499140044]},"id":"482","properties":{"lossyear":19}},{"type":"Feature","geometry":{"geodesic":false,"type":"Point","coordinates":[146.67280222770603,-42.0392754511314]},"id":"483","properties":{"lossyear":19}},{"type":"Feature","geometry":{"geodesic":false,"type":"Point","coordinates":[145.56967105880727,-42.648333213764445]},"id":"484","properties":{"lossyear":19}},{"type":"Feature","geometry":{"geodesic":false,"type":"Point","coordinates":[145.3504821294821,-41.77966233402087]},"id":"485","properties":{"lossyear":19}},{"type":"Feature","geometry":{"geodesic":false,"type":"Point","coordinates":[145.7565206379041,-42.93309915883033]},"id":"486","properties":{"lossyear":19}},{"type":"Feature","geometry":{"geodesic":false,"type":"Point","coordinates":[146.59824205912412,-42.018614199596655]},"id":"487","properties":{"lossyear":19}},{"type":"Feature","geometry":{"geodesic":false,"type":"Point","coordinates":[147.9088840586545,-41.504777857080285]},"id":"488","properties":{"lossyear":19}},{"type":"Feature","geometry":{"geodesic":false,"type":"Point","coordinates":[145.30197310413962,-42.083292900053266]},"id":"489","properties":{"lossyear":19}},{"type":"Feature","geometry":{"geodesic":false,"type":"Point","coordinates":[146.2910182319552,-42.576467991034875]},"id":"490","properties":{"lossyear":19}},{"type":"Feature","geometry":{"geodesic":false,"type":"Point","coordinates":[146.31347611405823,-42.47046678750877]},"id":"491","properties":{"lossyear":19}},{"type":"Feature","geometry":{"geodesic":false,"type":"Point","coordinates":[147.10938345578813,-41.299961972301034]},"id":"492","properties":{"lossyear":19}},{"type":"Feature","geometry":{"geodesic":false,"type":"Point","coordinates":[146.1652540921785,-43.05527003747058]},"id":"493","properties":{"lossyear":19}},{"type":"Feature","geometry":{"geodesic":false,"type":"Point","coordinates":[146.41139248002725,-42.64384163734384]},"id":"494","properties":{"lossyear":19}},{"type":"Feature","geometry":{"geodesic":false,"type":"Point","coordinates":[146.38354470621954,-42.672587726435665]},"id":"495","properties":{"lossyear":19}},{"type":"Feature","geometry":{"geodesic":false,"type":"Point","coordinates":[145.4016861006769,-41.72666173225781]},"id":"496","properties":{"lossyear":19}},{"type":"Feature","geometry":{"geodesic":false,"type":"Point","coordinates":[146.67998874997897,-41.856917448455135]},"id":"497","properties":{"lossyear":19}},{"type":"Feature","geometry":{"geodesic":false,"type":"Point","coordinates":[145.71699476540283,-42.79026702865532]},"id":"498","properties":{"lossyear":19}},{"type":"Feature","geometry":{"geodesic":false,"type":"Point","coordinates":[146.66651402071722,-41.87218880828517]},"id":"499","properties":{"lossyear":19}},{"type":"Feature","geometry":{"geodesic":false,"type":"Point","coordinates":[145.62446829113856,-42.73277485047167]},"id":"500","properties":{"lossyear":19}},{"type":"Feature","geometry":{"geodesic":false,"type":"Point","coordinates":[145.55350138369312,-42.61689217882025]},"id":"501","properties":{"lossyear":19}},{"type":"Feature","geometry":{"geodesic":false,"type":"Point","coordinates":[145.5490098072725,-42.97172671604747]},"id":"502","properties":{"lossyear":19}},{"type":"Feature","geometry":{"geodesic":false,"type":"Point","coordinates":[146.49403748616623,-41.96381696726536]},"id":"503","properties":{"lossyear":19}},{"type":"Feature","geometry":{"geodesic":false,"type":"Point","coordinates":[146.92163556140713,-41.2433681094015]},"id":"504","properties":{}},{"type":"Feature","geometry":{"geodesic":false,"type":"Point","coordinates":[146.5937504827035,-42.06622490965499]},"id":"505","properties":{"lossyear":19}},{"type":"Feature","geometry":{"geodesic":false,"type":"Point","coordinates":[146.29910306951228,-42.463280265235824]},"id":"506","properties":{"lossyear":19}},{"type":"Feature","geometry":{"geodesic":false,"type":"Point","coordinates":[145.6406379662527,-41.1095191320677]},"id":"507","properties":{}},{"type":"Feature","geometry":{"geodesic":false,"type":"Point","coordinates":[145.5022974124983,-42.672587726435665]},"id":"508","properties":{"lossyear":19}},{"type":"Feature","geometry":{"geodesic":false,"type":"Point","coordinates":[145.37922821857393,-40.939737543369105]},"id":"509","properties":{}},{"type":"Feature","geometry":{"geodesic":false,"type":"Point","coordinates":[146.2802384485458,-42.43273754557576]},"id":"510","properties":{"lossyear":19}},{"type":"Feature","geometry":{"geodesic":false,"type":"Point","coordinates":[146.58117406872583,-43.25469603054512]},"id":"511","properties":{"lossyear":19}},{"type":"Feature","geometry":{"geodesic":false,"type":"Point","coordinates":[145.5310435015901,-42.65821468188976]},"id":"512","properties":{}},{"type":"Feature","geometry":{"geodesic":false,"type":"Point","coordinates":[145.6172817688656,-42.730978219903434]},"id":"513","properties":{"lossyear":19}},{"type":"Feature","geometry":{"geodesic":false,"type":"Point","coordinates":[145.4933142596571,-42.698638869675136]},"id":"514","properties":{"lossyear":19}},{"type":"Feature","geometry":{"geodesic":false,"type":"Point","coordinates":[146.49673243201858,-43.15857629514433]},"id":"515","properties":{"lossyear":19}},{"type":"Feature","geometry":{"geodesic":false,"type":"Point","coordinates":[146.62788646350003,-41.86769723186458]},"id":"516","properties":{"lossyear":19}},{"type":"Feature","geometry":{"geodesic":false,"type":"Point","coordinates":[145.72597791824404,-42.77140240768881]},"id":"517","properties":{"lossyear":7}},{"type":"Feature","geometry":{"geodesic":false,"type":"Point","coordinates":[145.64782448852566,-42.768707461836456]},"id":"518","properties":{"lossyear":19}},{"type":"Feature","geometry":{"geodesic":false,"type":"Point","coordinates":[145.63434975926384,-42.948370518660354]},"id":"519","properties":{"lossyear":19}},{"type":"Feature","geometry":{"geodesic":false,"type":"Point","coordinates":[147.2935380890326,-42.88818339462435]},"id":"520","properties":{}},{"type":"Feature","geometry":{"geodesic":false,"type":"Point","coordinates":[146.59914037440825,-41.86500228601221]},"id":"521","properties":{"lossyear":19}},{"type":"Feature","geometry":{"geodesic":false,"type":"Point","coordinates":[146.48146107218855,-43.218763419180334]},"id":"522","properties":{"lossyear":19}},{"type":"Feature","geometry":{"geodesic":false,"type":"Point","coordinates":[145.52655192516954,-42.680672563992744]},"id":"523","properties":{"lossyear":19}},{"type":"Feature","geometry":{"geodesic":false,"type":"Point","coordinates":[146.35659524769596,-41.49489638895497]},"id":"524","properties":{"lossyear":19}},{"type":"Feature","geometry":{"geodesic":false,"type":"Point","coordinates":[145.5849424186373,-42.72648664348284]},"id":"525","properties":{}},{"type":"Feature","geometry":{"geodesic":false,"type":"Point","coordinates":[145.1061403722016,-41.679051022199474]},"id":"526","properties":{}},{"type":"Feature","geometry":{"geodesic":false,"type":"Point","coordinates":[146.66381907486482,-41.883866906978724]},"id":"527","properties":{"lossyear":19}},{"type":"Feature","geometry":{"geodesic":false,"type":"Point","coordinates":[145.59033231034198,-42.60072250370611]},"id":"528","properties":{"lossyear":19}},{"type":"Feature","geometry":{"geodesic":false,"type":"Point","coordinates":[146.6036319508288,-42.006936100903104]},"id":"529","properties":{}},{"type":"Feature","geometry":{"geodesic":false,"type":"Point","coordinates":[145.7699953671659,-41.531727315603874]},"id":"530","properties":{"lossyear":19}},{"type":"Feature","geometry":{"geodesic":false,"type":"Point","coordinates":[145.72058802653936,-42.91513285314794]},"id":"531","properties":{"lossyear":19}},{"type":"Feature","geometry":{"geodesic":false,"type":"Point","coordinates":[146.84438044697288,-43.13971167417782]},"id":"532","properties":{"lossyear":19}},{"type":"Feature","geometry":{"geodesic":false,"type":"Point","coordinates":[146.4652913970744,-43.08491444184652]},"id":"533","properties":{"lossyear":19}},{"type":"Feature","geometry":{"geodesic":false,"type":"Point","coordinates":[146.23891594547632,-42.442619013701076]},"id":"534","properties":{"lossyear":19}},{"type":"Feature","geometry":{"geodesic":false,"type":"Point","coordinates":[145.26604049277483,-41.79583200913501]},"id":"535","properties":{"lossyear":19}},{"type":"Feature","geometry":{"geodesic":false,"type":"Point","coordinates":[146.56949597003228,-43.29332358776226]},"id":"536","properties":{"lossyear":19}},{"type":"Feature","geometry":{"geodesic":false,"type":"Point","coordinates":[147.01146708981906,-41.005314559109834]},"id":"537","properties":{"lossyear":19}},{"type":"Feature","geometry":{"geodesic":false,"type":"Point","coordinates":[146.55781787133873,-43.097490855824205]},"id":"538","properties":{"lossyear":19}},{"type":"Feature","geometry":{"geodesic":false,"type":"Point","coordinates":[145.35856696703917,-42.01232599260781]},"id":"539","properties":{"lossyear":19}},{"type":"Feature","geometry":{"geodesic":false,"type":"Point","coordinates":[146.514698737701,-41.92518941004822]},"id":"540","properties":{"lossyear":19}},{"type":"Feature","geometry":{"geodesic":false,"type":"Point","coordinates":[145.76730042131356,-42.93938736581916]},"id":"541","properties":{"lossyear":19}},{"type":"Feature","geometry":{"geodesic":false,"type":"Point","coordinates":[146.33503568087707,-42.680672563992744]},"id":"542","properties":{"lossyear":19}},{"type":"Feature","geometry":{"geodesic":false,"type":"Point","coordinates":[145.37024506573272,-42.01681756902842]},"id":"543","properties":{"lossyear":19}},{"type":"Feature","geometry":{"geodesic":false,"type":"Point","coordinates":[146.8084478356081,-43.15138977287137]},"id":"544","properties":{"lossyear":19}},{"type":"Feature","geometry":{"geodesic":false,"type":"Point","coordinates":[146.37725649923073,-42.660909627742114]},"id":"545","properties":{"lossyear":19}},{"type":"Feature","geometry":{"geodesic":false,"type":"Point","coordinates":[146.56230944775933,-42.09856425988329]},"id":"546","properties":{"lossyear":19}},{"type":"Feature","geometry":{"geodesic":false,"type":"Point","coordinates":[145.51936540289654,-42.704028761379845]},"id":"547","properties":{"lossyear":19}},{"type":"Feature","geometry":{"geodesic":false,"type":"Point","coordinates":[145.33880403078854,-41.806611792544444]},"id":"548","properties":{"lossyear":19}},{"type":"Feature","geometry":{"geodesic":false,"type":"Point","coordinates":[146.4230705787208,-42.69414729325453]},"id":"549","properties":{"lossyear":19}},{"type":"Feature","geometry":{"geodesic":false,"type":"Point","coordinates":[146.55422461020225,-41.96291865198124]},"id":"550","properties":{"lossyear":19}},{"type":"Feature","geometry":{"geodesic":false,"type":"Point","coordinates":[146.17064398388322,-42.52885728097654]},"id":"551","properties":{}},{"type":"Feature","geometry":{"geodesic":false,"type":"Point","coordinates":[146.65214097617127,-41.98178327294775]},"id":"552","properties":{"lossyear":19}},{"type":"Feature","geometry":{"geodesic":false,"type":"Point","coordinates":[146.19939007297506,-42.501009507168845]},"id":"553","properties":{"lossyear":19}},{"type":"Feature","geometry":{"geodesic":false,"type":"Point","coordinates":[145.55080643784072,-42.812724910758305]},"id":"554","properties":{"lossyear":19}},{"type":"Feature","geometry":{"geodesic":false,"type":"Point","coordinates":[146.31347611405823,-42.45339879711051]},"id":"555","properties":{"lossyear":19}},{"type":"Feature","geometry":{"geodesic":false,"type":"Point","coordinates":[146.83988887055227,-42.17671768960169]},"id":"556","properties":{"lossyear":19}},{"type":"Feature","geometry":{"geodesic":false,"type":"Point","coordinates":[146.71771799191202,-43.19989879821382]},"id":"557","properties":{"lossyear":19}},{"type":"Feature","geometry":{"geodesic":false,"type":"Point","coordinates":[146.7698202783909,-43.02652394837875]},"id":"558","properties":{"lossyear":19}},{"type":"Feature","geometry":{"geodesic":false,"type":"Point","coordinates":[145.5759592657961,-42.91243790729558]},"id":"559","properties":{}},{"type":"Feature","geometry":{"geodesic":false,"type":"Point","coordinates":[145.46366985528113,-41.70869542657542]},"id":"560","properties":{"lossyear":19}},{"type":"Feature","geometry":{"geodesic":false,"type":"Point","coordinates":[146.19669512712267,-42.493822984895885]},"id":"561","properties":{"lossyear":19}},{"type":"Feature","geometry":{"geodesic":false,"type":"Point","coordinates":[145.85623363444137,-42.75163947143818]},"id":"562","properties":{"lossyear":19}},{"type":"Feature","geometry":{"geodesic":false,"type":"Point","coordinates":[146.4976307473027,-42.00873273147134]},"id":"563","properties":{"lossyear":19}},{"type":"Feature","geometry":{"geodesic":false,"type":"Point","coordinates":[147.94930824643984,-42.122818772554524]},"id":"564","properties":{"lossyear":19}},{"type":"Feature","geometry":{"geodesic":false,"type":"Point","coordinates":[146.64136119276185,-41.70869542657542]},"id":"565","properties":{"lossyear":19}},{"type":"Feature","geometry":{"geodesic":false,"type":"Point","coordinates":[146.469782973495,-41.96920685897008]},"id":"566","properties":{"lossyear":19}},{"type":"Feature","geometry":{"geodesic":false,"type":"Point","coordinates":[146.9189406155548,-43.39573153015188]},"id":"567","properties":{}},{"type":"Feature","geometry":{"geodesic":false,"type":"Point","coordinates":[144.93995204463948,-40.98375499229097]},"id":"568","properties":{"lossyear":19}},{"type":"Feature","geometry":{"geodesic":false,"type":"Point","coordinates":[146.25508562059048,-42.42824596915516]},"id":"569","properties":{"lossyear":19}},{"type":"Feature","geometry":{"geodesic":false,"type":"Point","coordinates":[146.9108557779977,-43.13072852133662]},"id":"570","properties":{}},{"type":"Feature","geometry":{"geodesic":false,"type":"Point","coordinates":[146.289221601387,-42.58006125217136]},"id":"571","properties":{"lossyear":19}},{"type":"Feature","geometry":{"geodesic":false,"type":"Point","coordinates":[145.7843684117118,-42.33841444074321]},"id":"572","properties":{}},{"type":"Feature","geometry":{"geodesic":false,"type":"Point","coordinates":[145.2462775565242,-40.985551622859205]},"id":"573","properties":{"lossyear":19}},{"type":"Feature","geometry":{"geodesic":false,"type":"Point","coordinates":[146.43115541627787,-43.167559447985525]},"id":"574","properties":{"lossyear":19}},{"type":"Feature","geometry":{"geodesic":false,"type":"Point","coordinates":[147.18035036323357,-42.218938507955315]},"id":"575","properties":{}},{"type":"Feature","geometry":{"geodesic":false,"type":"Point","coordinates":[145.48612773738415,-42.629468592797934]},"id":"576","properties":{"lossyear":19}},{"type":"Feature","geometry":{"geodesic":false,"type":"Point","coordinates":[146.62698814821596,-43.12533862963191]},"id":"577","properties":{"lossyear":19}},{"type":"Feature","geometry":{"geodesic":false,"type":"Point","coordinates":[146.8919911570312,-42.749842840869945]},"id":"578","properties":{"lossyear":7}},{"type":"Feature","geometry":{"geodesic":false,"type":"Point","coordinates":[146.7725152242433,-43.06694813616414]},"id":"579","properties":{"lossyear":19}},{"type":"Feature","geometry":{"geodesic":false,"type":"Point","coordinates":[146.81653267316517,-42.18839578829524]},"id":"580","properties":{"lossyear":19}},{"type":"Feature","geometry":{"geodesic":false,"type":"Point","coordinates":[145.64692617324152,-41.10772250149947]},"id":"581","properties":{"lossyear":19}},{"type":"Feature","geometry":{"geodesic":false,"type":"Point","coordinates":[145.5912306256261,-42.88728507934023]},"id":"582","properties":{"lossyear":19}},{"type":"Feature","geometry":{"geodesic":false,"type":"Point","coordinates":[146.59285216741938,-42.139886762952784]},"id":"583","properties":{"lossyear":19}},{"type":"Feature","geometry":{"geodesic":false,"type":"Point","coordinates":[146.4742745499156,-42.03388555942669]},"id":"584","properties":{}},{"type":"Feature","geometry":{"geodesic":false,"type":"Point","coordinates":[146.37545986866246,-42.930404212977976]},"id":"585","properties":{"lossyear":19}},{"type":"Feature","geometry":{"geodesic":false,"type":"Point","coordinates":[145.58763736448964,-42.897166547465545]},"id":"586","properties":{"lossyear":19}},{"type":"Feature","geometry":{"geodesic":false,"type":"Point","coordinates":[146.3530019865595,-42.51987412813534]},"id":"587","properties":{"lossyear":19}},{"type":"Feature","geometry":{"geodesic":false,"type":"Point","coordinates":[146.4230705787208,-43.16845776326964]},"id":"588","properties":{"lossyear":19}},{"type":"Feature","geometry":{"geodesic":false,"type":"Point","coordinates":[145.67746889290157,-42.795656920360045]},"id":"589","properties":{"lossyear":19}},{"type":"Feature","geometry":{"geodesic":false,"type":"Point","coordinates":[146.22813616206685,-42.660909627742114]},"id":"590","properties":{"lossyear":19}},{"type":"Feature","geometry":{"geodesic":false,"type":"Point","coordinates":[146.28203507911405,-42.602519134274345]},"id":"591","properties":{"lossyear":19}},{"type":"Feature","geometry":{"geodesic":false,"type":"Point","coordinates":[145.567874428239,-42.60431576484258]},"id":"592","properties":{"lossyear":19}},{"type":"Feature","geometry":{"geodesic":false,"type":"Point","coordinates":[146.31078116820584,-42.51448423643063]},"id":"593","properties":{"lossyear":19}},{"type":"Feature","geometry":{"geodesic":false,"type":"Point","coordinates":[145.5912306256261,-42.77140240768881]},"id":"594","properties":{"lossyear":19}},{"type":"Feature","geometry":{"geodesic":false,"type":"Point","coordinates":[146.1293214808137,-41.30086028758515]},"id":"595","properties":{}},{"type":"Feature","geometry":{"geodesic":false,"type":"Point","coordinates":[146.48595264860916,-43.154983034007856]},"id":"596","properties":{"lossyear":19}},{"type":"Feature","geometry":{"geodesic":false,"type":"Point","coordinates":[145.5993154631832,-42.76780914655234]},"id":"597","properties":{"lossyear":10}},{"type":"Feature","geometry":{"geodesic":false,"type":"Point","coordinates":[145.64423122738918,-43.008557642696374]},"id":"598","properties":{"lossyear":19}},{"type":"Feature","geometry":{"geodesic":false,"type":"Point","coordinates":[146.9162456697024,-42.13359855596396]},"id":"599","properties":{"lossyear":19}},{"type":"Feature","geometry":{"geodesic":false,"type":"Point","coordinates":[147.04829801646798,-42.16773453676049]},"id":"600","properties":{"lossyear":19}},{"type":"Feature","geometry":{"geodesic":false,"type":"Point","coordinates":[146.48325770275682,-43.148694827019014]},"id":"601","properties":{"lossyear":19}},{"type":"Feature","geometry":{"geodesic":false,"type":"Point","coordinates":[145.5615862212502,-42.891776655760836]},"id":"602","properties":{"lossyear":19}},{"type":"Feature","geometry":{"geodesic":false,"type":"Point","coordinates":[146.2613738275793,-42.59443429671727]},"id":"603","properties":{"lossyear":19}},{"type":"Feature","geometry":{"geodesic":false,"type":"Point","coordinates":[145.67028237062863,-42.90794633087498]},"id":"604","properties":{"lossyear":19}},{"type":"Feature","geometry":{"geodesic":false,"type":"Point","coordinates":[146.90456757100884,-43.213373527475625]},"id":"605","properties":{"lossyear":19}},{"type":"Feature","geometry":{"geodesic":false,"type":"Point","coordinates":[146.6593274984442,-43.08760938769889]},"id":"606","properties":{"lossyear":19}},{"type":"Feature","geometry":{"geodesic":false,"type":"Point","coordinates":[145.55529801426133,-42.81002996490595]},"id":"607","properties":{"lossyear":19}},{"type":"Feature","geometry":{"geodesic":false,"type":"Point","coordinates":[145.74933411563114,-41.54699867543391]},"id":"608","properties":{}},{"type":"Feature","geometry":{"geodesic":false,"type":"Point","coordinates":[147.97805433553168,-42.13180192539572]},"id":"609","properties":{}},{"type":"Feature","geometry":{"geodesic":false,"type":"Point","coordinates":[145.33521076965206,-41.80032358555562]},"id":"610","properties":{"lossyear":19}},{"type":"Feature","geometry":{"geodesic":false,"type":"Point","coordinates":[145.79424987983714,-41.42123453565718]},"id":"611","properties":{"lossyear":19}},{"type":"Feature","geometry":{"geodesic":false,"type":"Point","coordinates":[146.45900319008558,-43.232238148442136]},"id":"612","properties":{"lossyear":19}},{"type":"Feature","geometry":{"geodesic":false,"type":"Point","coordinates":[146.45900319008558,-41.96561359783361]},"id":"613","properties":{"lossyear":19}},{"type":"Feature","geometry":{"geodesic":false,"type":"Point","coordinates":[146.45630824423324,-41.934172562889415]},"id":"614","properties":{"lossyear":19}},{"type":"Feature","geometry":{"geodesic":false,"type":"Point","coordinates":[146.46708802764266,-43.155881349291974]},"id":"615","properties":{"lossyear":19}},{"type":"Feature","geometry":{"geodesic":false,"type":"Point","coordinates":[147.91696889621159,-41.50837111821677]},"id":"616","properties":{"lossyear":19}},{"type":"Feature","geometry":{"geodesic":false,"type":"Point","coordinates":[146.4275621551414,-43.147796511734896]},"id":"617","properties":{"lossyear":19}},{"type":"Feature","geometry":{"geodesic":false,"type":"Point","coordinates":[146.37096829224186,-42.58634945916019]},"id":"618","properties":{"lossyear":19}},{"type":"Feature","geometry":{"geodesic":false,"type":"Point","coordinates":[146.6314797246365,-43.116355476790716]},"id":"619","properties":{"lossyear":19}},{"type":"Feature","geometry":{"geodesic":false,"type":"Point","coordinates":[146.58836059099878,-43.110067269801874]},"id":"620","properties":{}},{"type":"Feature","geometry":{"geodesic":false,"type":"Point","coordinates":[145.73406275580112,-42.79386028979181]},"id":"621","properties":{"lossyear":19}},{"type":"Feature","geometry":{"geodesic":false,"type":"Point","coordinates":[145.62356997585442,-42.99867617457106]},"id":"622","properties":{"lossyear":19}},{"type":"Feature","geometry":{"geodesic":false,"type":"Point","coordinates":[147.94840993115577,-42.154259807498704]},"id":"623","properties":{}},{"type":"Feature","geometry":{"geodesic":false,"type":"Point","coordinates":[146.3637817699689,-42.99238796758222]},"id":"624","properties":{"lossyear":19}},{"type":"Feature","geometry":{"geodesic":false,"type":"Point","coordinates":[146.37725649923073,-42.59353598143315]},"id":"625","properties":{"lossyear":19}},{"type":"Feature","geometry":{"geodesic":false,"type":"Point","coordinates":[146.71951462248023,-42.04286871226789]},"id":"626","properties":{"lossyear":19}},{"type":"Feature","geometry":{"geodesic":false,"type":"Point","coordinates":[146.60003868969233,-43.07952455014181]},"id":"627","properties":{"lossyear":19}},{"type":"Feature","geometry":{"geodesic":false,"type":"Point","coordinates":[145.5633828518184,-42.935794104682685]},"id":"628","properties":{"lossyear":19}},{"type":"Feature","geometry":{"geodesic":false,"type":"Point","coordinates":[145.5615862212502,-42.704927076663964]},"id":"629","properties":{"lossyear":19}},{"type":"Feature","geometry":{"geodesic":false,"type":"Point","coordinates":[147.5450663685861,-41.50387954179617]},"id":"630","properties":{"lossyear":19}},{"type":"Feature","geometry":{"geodesic":false,"type":"Point","coordinates":[146.34581546428655,-42.947472203376236]},"id":"631","properties":{"lossyear":19}},{"type":"Feature","geometry":{"geodesic":false,"type":"Point","coordinates":[145.56428116710254,-42.93489578939857]},"id":"632","properties":{"lossyear":19}},{"type":"Feature","geometry":{"geodesic":false,"type":"Point","coordinates":[148.02835999144236,-41.08526461939647]},"id":"633","properties":{"lossyear":19}},{"type":"Feature","geometry":{"geodesic":false,"type":"Point","coordinates":[146.695260109809,-42.0392754511314]},"id":"634","properties":{"lossyear":19}},{"type":"Feature","geometry":{"geodesic":false,"type":"Point","coordinates":[145.06841113026854,-41.60538916890168]},"id":"635","properties":{"lossyear":19}},{"type":"Feature","geometry":{"geodesic":false,"type":"Point","coordinates":[145.69902845972047,-42.801046812064754]},"id":"636","properties":{"lossyear":19}},{"type":"Feature","geometry":{"geodesic":false,"type":"Point","coordinates":[146.27754350269345,-42.63755343035501]},"id":"637","properties":{"lossyear":19}},{"type":"Feature","geometry":{"geodesic":false,"type":"Point","coordinates":[146.36827334638951,-43.14689819645078]},"id":"638","properties":{"lossyear":19}},{"type":"Feature","geometry":{"geodesic":false,"type":"Point","coordinates":[146.85246528452996,-42.180310950738175]},"id":"639","properties":{"lossyear":19}},{"type":"Feature","geometry":{"geodesic":false,"type":"Point","coordinates":[146.59285216741938,-41.87039217771694]},"id":"640","properties":{"lossyear":19}},{"type":"Feature","geometry":{"geodesic":false,"type":"Point","coordinates":[146.55422461020225,-42.02041083016489]},"id":"641","properties":{"lossyear":19}},{"type":"Feature","geometry":{"geodesic":false,"type":"Point","coordinates":[145.70890992784575,-42.3653638992668]},"id":"642","properties":{"lossyear":19}},{"type":"Feature","geometry":{"geodesic":false,"type":"Point","coordinates":[146.4042059577543,-42.65012984433268]},"id":"643","properties":{"lossyear":19}},{"type":"Feature","geometry":{"geodesic":false,"type":"Point","coordinates":[146.3997143813337,-42.57736630631899]},"id":"644","properties":{"lossyear":19}},{"type":"Feature","geometry":{"geodesic":false,"type":"Point","coordinates":[145.52385697931715,-42.742656318596985]},"id":"645","properties":{}},{"type":"Feature","geometry":{"geodesic":false,"type":"Point","coordinates":[145.60290872431966,-42.76511420069998]},"id":"646","properties":{"lossyear":19}},{"type":"Feature","geometry":{"geodesic":false,"type":"Point","coordinates":[145.73046949466465,-41.538015522592715]},"id":"647","properties":{}},{"type":"Feature","geometry":{"geodesic":false,"type":"Point","coordinates":[145.88138646239673,-42.51628086699887]},"id":"648","properties":{}},{"type":"Feature","geometry":{"geodesic":false,"type":"Point","coordinates":[145.7610122143247,-42.91962442956853]},"id":"649","properties":{"lossyear":19}},{"type":"Feature","geometry":{"geodesic":false,"type":"Point","coordinates":[146.3503070407071,-42.5818578827396]},"id":"650","properties":{"lossyear":19}},{"type":"Feature","geometry":{"geodesic":false,"type":"Point","coordinates":[146.80485457447162,-42.160548014487546]},"id":"651","properties":{"lossyear":19}},{"type":"Feature","geometry":{"geodesic":false,"type":"Point","coordinates":[146.83000740242693,-42.14797160050986]},"id":"652","properties":{}},{"type":"Feature","geometry":{"geodesic":false,"type":"Point","coordinates":[146.53266504338336,-43.225949941453294]},"id":"653","properties":{"lossyear":19}},{"type":"Feature","geometry":{"geodesic":false,"type":"Point","coordinates":[145.73855433222172,-42.39949988006333]},"id":"654","properties":{}},{"type":"Feature","geometry":{"geodesic":false,"type":"Point","coordinates":[146.35210367127536,-42.9591503020698]},"id":"655","properties":{"lossyear":19}},{"type":"Feature","geometry":{"geodesic":false,"type":"Point","coordinates":[146.68897190282019,-43.1846274383838]},"id":"656","properties":{"lossyear":19}},{"type":"Feature","geometry":{"geodesic":false,"type":"Point","coordinates":[146.777905115948,-43.064253190311774]},"id":"657","properties":{"lossyear":19}},{"type":"Feature","geometry":{"geodesic":false,"type":"Point","coordinates":[146.740175874015,-43.13072852133662]},"id":"658","properties":{"lossyear":19}},{"type":"Feature","geometry":{"geodesic":false,"type":"Point","coordinates":[146.01343880916232,-42.89806486274966]},"id":"659","properties":{}},{"type":"Feature","geometry":{"geodesic":false,"type":"Point","coordinates":[146.31796769047884,-42.63935006092325]},"id":"660","properties":{"lossyear":19}},{"type":"Feature","geometry":{"geodesic":false,"type":"Point","coordinates":[146.34851041013889,-42.588146089728426]},"id":"661","properties":{"lossyear":19}},{"type":"Feature","geometry":{"geodesic":false,"type":"Point","coordinates":[145.72238465710757,-41.57843971037809]},"id":"662","properties":{"lossyear":19}},{"type":"Feature","geometry":{"geodesic":false,"type":"Point","coordinates":[146.74736239628794,-42.07880132363266]},"id":"663","properties":{}},{"type":"Feature","geometry":{"geodesic":false,"type":"Point","coordinates":[146.43385036213022,-42.67528267228802]},"id":"664","properties":{"lossyear":19}},{"type":"Feature","geometry":{"geodesic":false,"type":"Point","coordinates":[146.36468008525304,-42.698638869675136]},"id":"665","properties":{"lossyear":19}},{"type":"Feature","geometry":{"geodesic":false,"type":"Point","coordinates":[145.612790192445,-42.94028568110329]},"id":"666","properties":{"lossyear":19}},{"type":"Feature","geometry":{"geodesic":false,"type":"Point","coordinates":[146.52188525997394,-42.03388555942669]},"id":"667","properties":{"lossyear":19}},{"type":"Feature","geometry":{"geodesic":false,"type":"Point","coordinates":[145.05403808572265,-40.93704259751675]},"id":"668","properties":{"lossyear":19}},{"type":"Feature","geometry":{"geodesic":false,"type":"Point","coordinates":[146.54344482679284,-42.038377135847284]},"id":"669","properties":{"lossyear":19}},{"type":"Feature","geometry":{"geodesic":false,"type":"Point","coordinates":[146.8425838164046,-43.05706666803883]},"id":"670","properties":{}},{"type":"Feature","geometry":{"geodesic":false,"type":"Point","coordinates":[146.65663255259187,-42.1174288808498]},"id":"671","properties":{"lossyear":19}},{"type":"Feature","geometry":{"geodesic":false,"type":"Point","coordinates":[145.57685758108022,-42.74894452558583]},"id":"672","properties":{"lossyear":19}},{"type":"Feature","geometry":{"geodesic":false,"type":"Point","coordinates":[148.21520957053923,-42.08688616118974]},"id":"673","properties":{"lossyear":19}},{"type":"Feature","geometry":{"geodesic":false,"type":"Point","coordinates":[145.63255312869563,-42.83697942342954]},"id":"674","properties":{"lossyear":19}},{"type":"Feature","geometry":{"geodesic":false,"type":"Point","coordinates":[148.2870747932688,-41.39338676184947]},"id":"675","properties":{}},{"type":"Feature","geometry":{"geodesic":false,"type":"Point","coordinates":[146.8596518068029,-43.19091564537263]},"id":"676","properties":{"lossyear":19}},{"type":"Feature","geometry":{"geodesic":false,"type":"Point","coordinates":[146.19579681183853,-42.49292466961177]},"id":"677","properties":{"lossyear":19}},{"type":"Feature","geometry":{"geodesic":false,"type":"Point","coordinates":[146.31437442934237,-42.513585921146515]},"id":"678","properties":{"lossyear":19}},{"type":"Feature","geometry":{"geodesic":false,"type":"Point","coordinates":[145.80143640211008,-41.21462202030969]},"id":"679","properties":{"lossyear":19}},{"type":"Feature","geometry":{"geodesic":false,"type":"Point","coordinates":[145.7610122143247,-42.93309915883033]},"id":"680","properties":{"lossyear":19}},{"type":"Feature","geometry":{"geodesic":false,"type":"Point","coordinates":[145.6487228038098,-42.945675572808]},"id":"681","properties":{"lossyear":19}},{"type":"Feature","geometry":{"geodesic":false,"type":"Point","coordinates":[146.5614111324752,-43.253797715261]},"id":"682","properties":{"lossyear":19}},{"type":"Feature","geometry":{"geodesic":false,"type":"Point","coordinates":[147.50374386551658,-41.33409795309758]},"id":"683","properties":{"lossyear":19}},{"type":"Feature","geometry":{"geodesic":false,"type":"Point","coordinates":[147.91157900450685,-41.75271287549728]},"id":"684","properties":{"lossyear":19}},{"type":"Feature","geometry":{"geodesic":false,"type":"Point","coordinates":[145.99637081876403,-41.17060457138783]},"id":"685","properties":{"lossyear":19}},{"type":"Feature","geometry":{"geodesic":false,"type":"Point","coordinates":[145.55350138369312,-42.72828327405108]},"id":"686","properties":{"lossyear":19}},{"type":"Feature","geometry":{"geodesic":false,"type":"Point","coordinates":[145.29029500544607,-41.79134043271442]},"id":"687","properties":{"lossyear":19}},{"type":"Feature","geometry":{"geodesic":false,"type":"Point","coordinates":[146.32515421275178,-42.47136510279289]},"id":"688","properties":{"lossyear":19}},{"type":"Feature","geometry":{"geodesic":false,"type":"Point","coordinates":[145.56248453653427,-42.935794104682685]},"id":"689","properties":{"lossyear":19}},{"type":"Feature","geometry":{"geodesic":false,"type":"Point","coordinates":[146.3224592668994,-42.55490842421601]},"id":"690","properties":{"lossyear":19}},{"type":"Feature","geometry":{"geodesic":false,"type":"Point","coordinates":[146.30539127650115,-42.66270625831035]},"id":"691","properties":{"lossyear":19}},{"type":"Feature","geometry":{"geodesic":false,"type":"Point","coordinates":[145.5256536098854,-42.769605777120574]},"id":"692","properties":{"lossyear":19}},{"type":"Feature","geometry":{"geodesic":false,"type":"Point","coordinates":[145.59841714789906,-42.84147099985013]},"id":"693","properties":{"lossyear":19}},{"type":"Feature","geometry":{"geodesic":false,"type":"Point","coordinates":[146.88929621117882,-43.064253190311774]},"id":"694","properties":{"lossyear":19}},{"type":"Feature","geometry":{"geodesic":false,"type":"Point","coordinates":[146.27125529570458,-42.615095548252015]},"id":"695","properties":{"lossyear":19}},{"type":"Feature","geometry":{"geodesic":false,"type":"Point","coordinates":[145.4762462692588,-42.63935006092325]},"id":"696","properties":{"lossyear":19}},{"type":"Feature","geometry":{"geodesic":false,"type":"Point","coordinates":[146.30988285292176,-42.58545114387607]},"id":"697","properties":{"lossyear":19}},{"type":"Feature","geometry":{"geodesic":false,"type":"Point","coordinates":[145.64423122738918,-42.77948724524589]},"id":"698","properties":{"lossyear":19}},{"type":"Feature","geometry":{"geodesic":false,"type":"Point","coordinates":[146.64046287747772,-42.05544512624556]},"id":"699","properties":{"lossyear":19}},{"type":"Feature","geometry":{"geodesic":false,"type":"Point","coordinates":[146.88390631947414,-43.21606847332798]},"id":"700","properties":{"lossyear":19}},{"type":"Feature","geometry":{"geodesic":false,"type":"Point","coordinates":[146.40510427303843,-43.00945595798049]},"id":"701","properties":{"lossyear":19}},{"type":"Feature","geometry":{"geodesic":false,"type":"Point","coordinates":[145.32982087794733,-41.80930673839681]},"id":"702","properties":{"lossyear":19}},{"type":"Feature","geometry":{"geodesic":false,"type":"Point","coordinates":[145.9532516851263,-42.218938507955315]},"id":"703","properties":{"lossyear":19}},{"type":"Feature","geometry":{"geodesic":false,"type":"Point","coordinates":[146.4140874258796,-43.09838917110832]},"id":"704","properties":{"lossyear":19}},{"type":"Feature","geometry":{"geodesic":false,"type":"Point","coordinates":[147.98434254252055,-40.965788686608576]},"id":"705","properties":{"lossyear":19}},{"type":"Feature","geometry":{"geodesic":false,"type":"Point","coordinates":[147.93134194075748,-42.108445728008604]},"id":"706","properties":{"lossyear":19}},{"type":"Feature","geometry":{"geodesic":false,"type":"Point","coordinates":[146.55332629491812,-42.09946257516741]},"id":"707","properties":{}},{"type":"Feature","geometry":{"geodesic":false,"type":"Point","coordinates":[146.33234073502473,-43.13971167417782]},"id":"708","properties":{"lossyear":19}},{"type":"Feature","geometry":{"geodesic":false,"type":"Point","coordinates":[146.2470007830334,-42.429144284439275]},"id":"709","properties":{"lossyear":19}},{"type":"Feature","geometry":{"geodesic":false,"type":"Point","coordinates":[146.59464879798765,-41.66377966236945]},"id":"710","properties":{"lossyear":19}},{"type":"Feature","geometry":{"geodesic":false,"type":"Point","coordinates":[146.89468610288355,-42.74714789501759]},"id":"711","properties":{"lossyear":19}},{"type":"Feature","geometry":{"geodesic":false,"type":"Point","coordinates":[146.38174807565133,-42.57377304518252]},"id":"712","properties":{"lossyear":19}},{"type":"Feature","geometry":{"geodesic":false,"type":"Point","coordinates":[145.85353868858903,-43.07233802786885]},"id":"713","properties":{}},{"type":"Feature","geometry":{"geodesic":false,"type":"Point","coordinates":[145.55619632954546,-42.74624957973347]},"id":"714","properties":{}},{"type":"Feature","geometry":{"geodesic":false,"type":"Point","coordinates":[146.75275228799268,-42.095869314030935]},"id":"715","properties":{"lossyear":19}},{"type":"Feature","geometry":{"geodesic":false,"type":"Point","coordinates":[146.4131891105955,-43.01035427326461]},"id":"716","properties":{"lossyear":19}},{"type":"Feature","geometry":{"geodesic":false,"type":"Point","coordinates":[146.76263375611796,-43.155881349291974]},"id":"717","properties":{}},{"type":"Feature","geometry":{"geodesic":false,"type":"Point","coordinates":[146.20567827996388,-43.063354875027656]},"id":"718","properties":{"lossyear":19}},{"type":"Feature","geometry":{"geodesic":false,"type":"Point","coordinates":[145.55350138369312,-42.94208231167153]},"id":"719","properties":{"lossyear":19}},{"type":"Feature","geometry":{"geodesic":false,"type":"Point","coordinates":[146.55063134906578,-43.11905042264307]},"id":"720","properties":{"lossyear":19}},{"type":"Feature","geometry":{"geodesic":false,"type":"Point","coordinates":[146.5021223237233,-43.167559447985525]},"id":"721","properties":{"lossyear":19}},{"type":"Feature","geometry":{"geodesic":false,"type":"Point","coordinates":[145.43043218976874,-41.75271287549728]},"id":"722","properties":{"lossyear":19}},{"type":"Feature","geometry":{"geodesic":false,"type":"Point","coordinates":[145.02619031191495,-40.82205824114945]},"id":"723","properties":{"lossyear":19}},{"type":"Feature","geometry":{"geodesic":false,"type":"Point","coordinates":[146.4104941647431,-43.00316775099165]},"id":"724","properties":{"lossyear":19}},{"type":"Feature","geometry":{"geodesic":false,"type":"Point","coordinates":[146.61531004952235,-41.88207027641049]},"id":"725","properties":{"lossyear":19}},{"type":"Feature","geometry":{"geodesic":false,"type":"Point","coordinates":[145.59751883261498,-42.634858484502644]},"id":"726","properties":{"lossyear":19}},{"type":"Feature","geometry":{"geodesic":false,"type":"Point","coordinates":[146.60722521196533,-43.10737232394952]},"id":"727","properties":{"lossyear":19}},{"type":"Feature","geometry":{"geodesic":false,"type":"Point","coordinates":[146.56859765474815,-43.25110276940863]},"id":"728","properties":{"lossyear":19}},{"type":"Feature","geometry":{"geodesic":false,"type":"Point","coordinates":[146.740175874015,-42.11114067386097]},"id":"729","properties":{"lossyear":19}},{"type":"Feature","geometry":{"geodesic":false,"type":"Point","coordinates":[146.70244663208194,-42.08958110704209]},"id":"730","properties":{}},{"type":"Feature","geometry":{"geodesic":false,"type":"Point","coordinates":[146.5021223237233,-43.07323634315297]},"id":"731","properties":{"lossyear":19}},{"type":"Feature","geometry":{"geodesic":false,"type":"Point","coordinates":[146.7168196766279,-42.02669903715373]},"id":"732","properties":{"lossyear":19}},{"type":"Feature","geometry":{"geodesic":false,"type":"Point","coordinates":[145.4528900718717,-41.73205162396253]},"id":"733","properties":{"lossyear":19}},{"type":"Feature","geometry":{"geodesic":false,"type":"Point","coordinates":[146.58656396043057,-42.09317436817858]},"id":"734","properties":{"lossyear":19}},{"type":"Feature","geometry":{"geodesic":false,"type":"Point","coordinates":[146.9234321919754,-42.86392888195313]},"id":"735","properties":{"lossyear":19}},{"type":"Feature","geometry":{"geodesic":false,"type":"Point","coordinates":[146.32605252803592,-42.93220084354621]},"id":"736","properties":{"lossyear":19}},{"type":"Feature","geometry":{"geodesic":false,"type":"Point","coordinates":[146.43834193855082,-43.10467737809715]},"id":"737","properties":{"lossyear":19}},{"type":"Feature","geometry":{"geodesic":false,"type":"Point","coordinates":[146.5874622757147,-42.07341143192795]},"id":"738","properties":{}},{"type":"Feature","geometry":{"geodesic":false,"type":"Point","coordinates":[145.33521076965206,-41.805713477260326]},"id":"739","properties":{"lossyear":19}},{"type":"Feature","geometry":{"geodesic":false,"type":"Point","coordinates":[146.2910182319552,-42.61599386353613]},"id":"740","properties":{"lossyear":19}},{"type":"Feature","geometry":{"geodesic":false,"type":"Point","coordinates":[146.5757841770211,-43.12084705321131]},"id":"741","properties":{"lossyear":19}},{"type":"Feature","geometry":{"geodesic":false,"type":"Point","coordinates":[146.2937131778076,-41.46974356099963]},"id":"742","properties":{}},{"type":"Feature","geometry":{"geodesic":false,"type":"Point","coordinates":[144.88605312759228,-41.051128638599934]},"id":"743","properties":{"lossyear":19}},{"type":"Feature","geometry":{"geodesic":false,"type":"Point","coordinates":[146.23711931490806,-42.45878868881522]},"id":"744","properties":{"lossyear":19}},{"type":"Feature","geometry":{"geodesic":false,"type":"Point","coordinates":[145.54811149198838,-41.1185022849089]},"id":"745","properties":{"lossyear":19}},{"type":"Feature","geometry":{"geodesic":false,"type":"Point","coordinates":[145.68735036102692,-42.90345475445439]},"id":"746","properties":{"lossyear":19}},{"type":"Feature","geometry":{"geodesic":false,"type":"Point","coordinates":[145.67746889290157,-42.7893687133712]},"id":"747","properties":{"lossyear":19}},{"type":"Feature","geometry":{"geodesic":false,"type":"Point","coordinates":[147.05638285402506,-42.16503959090814]},"id":"748","properties":{"lossyear":19}},{"type":"Feature","geometry":{"geodesic":false,"type":"Point","coordinates":[146.7464640810038,-42.04915691925672]},"id":"749","properties":{"lossyear":19}},{"type":"Feature","geometry":{"geodesic":false,"type":"Point","coordinates":[146.5057155848598,-43.116355476790716]},"id":"750","properties":{"lossyear":19}},{"type":"Feature","geometry":{"geodesic":false,"type":"Point","coordinates":[145.7744869435865,-41.52723573918328]},"id":"751","properties":{"lossyear":19}},{"type":"Feature","geometry":{"geodesic":false,"type":"Point","coordinates":[145.5993154631832,-42.814521541326556]},"id":"752","properties":{"lossyear":19}},{"type":"Feature","geometry":{"geodesic":false,"type":"Point","coordinates":[146.6674123360013,-42.00963104675546]},"id":"753","properties":{"lossyear":19}},{"type":"Feature","geometry":{"geodesic":false,"type":"Point","coordinates":[146.57398754645288,-42.13809013238455]},"id":"754","properties":{"lossyear":19}},{"type":"Feature","geometry":{"geodesic":false,"type":"Point","coordinates":[146.51200379184866,-43.2771539126481]},"id":"755","properties":{"lossyear":19}},{"type":"Feature","geometry":{"geodesic":false,"type":"Point","coordinates":[146.57398754645288,-42.12551371840688]},"id":"756","properties":{"lossyear":19}},{"type":"Feature","geometry":{"geodesic":false,"type":"Point","coordinates":[146.5847673298623,-41.9377658240259]},"id":"757","properties":{"lossyear":19}},{"type":"Feature","geometry":{"geodesic":false,"type":"Point","coordinates":[147.63579621228217,-40.98914488399568]},"id":"758","properties":{"lossyear":19}},{"type":"Feature","geometry":{"geodesic":false,"type":"Point","coordinates":[145.60560367017206,-42.93489578939857]},"id":"759","properties":{"lossyear":19}},{"type":"Feature","geometry":{"geodesic":false,"type":"Point","coordinates":[145.64962111909387,-42.96364187849039]},"id":"760","properties":{"lossyear":19}},{"type":"Feature","geometry":{"geodesic":false,"type":"Point","coordinates":[146.35569693241183,-42.628570277513816]},"id":"761","properties":{"lossyear":19}},{"type":"Feature","geometry":{"geodesic":false,"type":"Point","coordinates":[146.66112412901248,-42.09137773761033]},"id":"762","properties":{"lossyear":19}},{"type":"Feature","geometry":{"geodesic":false,"type":"Point","coordinates":[146.6359713010571,-41.83895114277276]},"id":"763","properties":{"lossyear":19}},{"type":"Feature","geometry":{"geodesic":false,"type":"Point","coordinates":[146.14549115592786,-41.31074175571047]},"id":"764","properties":{"lossyear":19}},{"type":"Feature","geometry":{"geodesic":false,"type":"Point","coordinates":[146.8928894723153,-42.74714789501759]},"id":"765","properties":{"lossyear":19}},{"type":"Feature","geometry":{"geodesic":false,"type":"Point","coordinates":[146.18950860484972,-43.50622431009859]},"id":"766","properties":{"lossyear":19}},{"type":"Feature","geometry":{"geodesic":false,"type":"Point","coordinates":[145.5615862212502,-42.75163947143818]},"id":"767","properties":{"lossyear":19}},{"type":"Feature","geometry":{"geodesic":false,"type":"Point","coordinates":[145.68375709989044,-42.79116534393944]},"id":"768","properties":{"lossyear":19}},{"type":"Feature","geometry":{"geodesic":false,"type":"Point","coordinates":[146.68717527225192,-43.22684825673741]},"id":"769","properties":{"lossyear":19}},{"type":"Feature","geometry":{"geodesic":false,"type":"Point","coordinates":[146.21735637865743,-42.62407870109321]},"id":"770","properties":{}},{"type":"Feature","geometry":{"geodesic":false,"type":"Point","coordinates":[145.76280884489296,-41.52993068503564]},"id":"771","properties":{}},{"type":"Feature","geometry":{"geodesic":false,"type":"Point","coordinates":[146.5802757534417,-42.01681756902842]},"id":"772","properties":{"lossyear":19}},{"type":"Feature","geometry":{"geodesic":false,"type":"Point","coordinates":[146.36557840053717,-42.52885728097654]},"id":"773","properties":{"lossyear":19}},{"type":"Feature","geometry":{"geodesic":false,"type":"Point","coordinates":[146.45810487480145,-43.056168352754696]},"id":"774","properties":{}},{"type":"Feature","geometry":{"geodesic":false,"type":"Point","coordinates":[146.15627093933728,-41.52004921691032]},"id":"775","properties":{"lossyear":19}},{"type":"Feature","geometry":{"geodesic":false,"type":"Point","coordinates":[145.733164440517,-42.36805884511915]},"id":"776","properties":{"lossyear":19}},{"type":"Feature","geometry":{"geodesic":false,"type":"Point","coordinates":[145.6550110107986,-43.01035427326461]},"id":"777","properties":{"lossyear":19}},{"type":"Feature","geometry":{"geodesic":false,"type":"Point","coordinates":[146.4086975341749,-42.6968422391069]},"id":"778","properties":{"lossyear":19}},{"type":"Feature","geometry":{"geodesic":false,"type":"Point","coordinates":[146.88570295004234,-42.199175571704686]},"id":"779","properties":{"lossyear":19}},{"type":"Feature","geometry":{"geodesic":false,"type":"Point","coordinates":[146.64315782333006,-42.07341143192795]},"id":"780","properties":{"lossyear":19}},{"type":"Feature","geometry":{"geodesic":false,"type":"Point","coordinates":[146.36288345468478,-42.53873874910185]},"id":"781","properties":{"lossyear":19}},{"type":"Feature","geometry":{"geodesic":false,"type":"Point","coordinates":[146.86055012208703,-42.19109073414761]},"id":"782","properties":{"lossyear":19}},{"type":"Feature","geometry":{"geodesic":false,"type":"Point","coordinates":[146.777905115948,-43.07503297372121]},"id":"783","properties":{"lossyear":19}},{"type":"Feature","geometry":{"geodesic":false,"type":"Point","coordinates":[146.75814217969736,-42.061733333234386]},"id":"784","properties":{"lossyear":19}},{"type":"Feature","geometry":{"geodesic":false,"type":"Point","coordinates":[145.30736299584436,-41.78415391044146]},"id":"785","properties":{"lossyear":19}},{"type":"Feature","geometry":{"geodesic":false,"type":"Point","coordinates":[147.90349416694977,-41.47782839855671]},"id":"786","properties":{"lossyear":19}},{"type":"Feature","geometry":{"geodesic":false,"type":"Point","coordinates":[146.244305837181,-42.455195427678746]},"id":"787","properties":{"lossyear":19}},{"type":"Feature","geometry":{"geodesic":false,"type":"Point","coordinates":[146.28383170968226,-42.6510281596168]},"id":"788","properties":{"lossyear":19}},{"type":"Feature","geometry":{"geodesic":false,"type":"Point","coordinates":[146.32425589746765,-42.66899446529919]},"id":"789","properties":{"lossyear":19}},{"type":"Feature","geometry":{"geodesic":false,"type":"Point","coordinates":[146.54524145736104,-42.08958110704209]},"id":"790","properties":{"lossyear":19}},{"type":"Feature","geometry":{"geodesic":false,"type":"Point","coordinates":[146.36557840053717,-42.64563826791208]},"id":"791","properties":{"lossyear":19}},{"type":"Feature","geometry":{"geodesic":false,"type":"Point","coordinates":[145.25975228578602,-41.786848856293815]},"id":"792","properties":{"lossyear":19}},{"type":"Feature","geometry":{"geodesic":false,"type":"Point","coordinates":[146.64046287747772,-42.04646197340436]},"id":"793","properties":{"lossyear":19}},{"type":"Feature","geometry":{"geodesic":false,"type":"Point","coordinates":[146.45990150536971,-41.96202033669712]},"id":"794","properties":{"lossyear":19}},{"type":"Feature","geometry":{"geodesic":false,"type":"Point","coordinates":[146.73388766702618,-42.11024235857684]},"id":"795","properties":{}},{"type":"Feature","geometry":{"geodesic":false,"type":"Point","coordinates":[146.31527274462644,-42.61599386353613]},"id":"796","properties":{"lossyear":19}},{"type":"Feature","geometry":{"geodesic":false,"type":"Point","coordinates":[146.4042059577543,-42.62497701637733]},"id":"797","properties":{"lossyear":19}},{"type":"Feature","geometry":{"geodesic":false,"type":"Point","coordinates":[145.76011389904062,-42.93489578939857]},"id":"798","properties":{"lossyear":19}},{"type":"Feature","geometry":{"geodesic":false,"type":"Point","coordinates":[146.52458020582628,-43.116355476790716]},"id":"799","properties":{"lossyear":19}},{"type":"Feature","geometry":{"geodesic":false,"type":"Point","coordinates":[146.86324506793937,-43.032812155367594]},"id":"800","properties":{"lossyear":19}},{"type":"Feature","geometry":{"geodesic":false,"type":"Point","coordinates":[145.54721317670425,-42.77948724524589]},"id":"801","properties":{"lossyear":19}},{"type":"Feature","geometry":{"geodesic":false,"type":"Point","coordinates":[147.74628899222887,-42.76780914655234]},"id":"802","properties":{"lossyear":19}},{"type":"Feature","geometry":{"geodesic":false,"type":"Point","coordinates":[147.8999009058133,-42.204565463409395]},"id":"803","properties":{}},{"type":"Feature","geometry":{"geodesic":false,"type":"Point","coordinates":[146.88660126532648,-42.800148496780636]},"id":"804","properties":{"lossyear":19}},{"type":"Feature","geometry":{"geodesic":false,"type":"Point","coordinates":[146.95846648805605,-42.390516727222135]},"id":"805","properties":{}},{"type":"Feature","geometry":{"geodesic":false,"type":"Point","coordinates":[147.3663016270463,-41.806611792544444]},"id":"806","properties":{"lossyear":19}},{"type":"Feature","geometry":{"geodesic":false,"type":"Point","coordinates":[145.08098754424623,-41.77876401873674]},"id":"807","properties":{}},{"type":"Feature","geometry":{"geodesic":false,"type":"Point","coordinates":[146.8407871858364,-43.04538856934526]},"id":"808","properties":{}},{"type":"Feature","geometry":{"geodesic":false,"type":"Point","coordinates":[146.37995144508307,-42.50460276830532]},"id":"809","properties":{}},{"type":"Feature","geometry":{"geodesic":false,"type":"Point","coordinates":[146.61531004952235,-41.96561359783361]},"id":"810","properties":{"lossyear":19}},{"type":"Feature","geometry":{"geodesic":false,"type":"Point","coordinates":[145.61548513829734,-42.73367316575579]},"id":"811","properties":{"lossyear":19}},{"type":"Feature","geometry":{"geodesic":false,"type":"Point","coordinates":[145.2849051137414,-41.806611792544444]},"id":"812","properties":{"lossyear":19}},{"type":"Feature","geometry":{"geodesic":false,"type":"Point","coordinates":[146.3637817699689,-42.99777785928693]},"id":"813","properties":{"lossyear":19}},{"type":"Feature","geometry":{"geodesic":false,"type":"Point","coordinates":[146.3404255725818,-42.47316173336114]},"id":"814","properties":{"lossyear":19}},{"type":"Feature","geometry":{"geodesic":false,"type":"Point","coordinates":[146.48146107218855,-43.05796498332295]},"id":"815","properties":{}},{"type":"Feature","geometry":{"geodesic":false,"type":"Point","coordinates":[145.59033231034198,-42.74894452558583]},"id":"816","properties":{"lossyear":19}},{"type":"Feature","geometry":{"geodesic":false,"type":"Point","coordinates":[146.67998874997897,-41.85332418731866]},"id":"817","properties":{"lossyear":19}},{"type":"Feature","geometry":{"geodesic":false,"type":"Point","coordinates":[147.11477334749281,-41.299961972301034]},"id":"818","properties":{"lossyear":19}},{"type":"Feature","geometry":{"geodesic":false,"type":"Point","coordinates":[146.50841053071218,-41.99615631749367]},"id":"819","properties":{"lossyear":19}},{"type":"Feature","geometry":{"geodesic":false,"type":"Point","coordinates":[146.39342617434488,-42.589942720296676]},"id":"820","properties":{"lossyear":19}},{"type":"Feature","geometry":{"geodesic":false,"type":"Point","coordinates":[146.65034434560306,-41.84703598032982]},"id":"821","properties":{"lossyear":19}},{"type":"Feature","geometry":{"geodesic":false,"type":"Point","coordinates":[146.61261510367,-41.97369843539067]},"id":"822","properties":{"lossyear":19}},{"type":"Feature","geometry":{"geodesic":false,"type":"Point","coordinates":[146.39073122849248,-42.52346738927183]},"id":"823","properties":{"lossyear":19}},{"type":"Feature","geometry":{"geodesic":false,"type":"Point","coordinates":[146.4185790023002,-43.00496438155989]},"id":"824","properties":{"lossyear":19}},{"type":"Feature","geometry":{"geodesic":false,"type":"Point","coordinates":[146.4958341167345,-43.22056004974857]},"id":"825","properties":{"lossyear":19}},{"type":"Feature","geometry":{"geodesic":false,"type":"Point","coordinates":[145.54182328499957,-42.72469001291459]},"id":"826","properties":{"lossyear":19}},{"type":"Feature","geometry":{"geodesic":false,"type":"Point","coordinates":[145.73855433222172,-42.90255643917027]},"id":"827","properties":{"lossyear":19}},{"type":"Feature","geometry":{"geodesic":false,"type":"Point","coordinates":[146.68627695696784,-42.00154620919838]},"id":"828","properties":{"lossyear":19}},{"type":"Feature","geometry":{"geodesic":false,"type":"Point","coordinates":[147.11567166277695,-41.30535186400576]},"id":"829","properties":{"lossyear":19}},{"type":"Feature","geometry":{"geodesic":false,"type":"Point","coordinates":[145.27592196090018,-41.81020505368093]},"id":"830","properties":{"lossyear":19}},{"type":"Feature","geometry":{"geodesic":false,"type":"Point","coordinates":[145.75202906148354,-42.410279663472764]},"id":"831","properties":{"lossyear":19}},{"type":"Feature","geometry":{"geodesic":false,"type":"Point","coordinates":[145.8167077619401,-42.82440300945187]},"id":"832","properties":{"lossyear":19}},{"type":"Feature","geometry":{"geodesic":false,"type":"Point","coordinates":[145.31724446396964,-41.81918820652213]},"id":"833","properties":{"lossyear":19}},{"type":"Feature","geometry":{"geodesic":false,"type":"Point","coordinates":[147.42828538165054,-41.106824186215334]},"id":"834","properties":{"lossyear":20}},{"type":"Feature","geometry":{"geodesic":false,"type":"Point","coordinates":[146.13920294893904,-42.71570686007341]},"id":"835","properties":{"lossyear":20}},{"type":"Feature","geometry":{"geodesic":false,"type":"Point","coordinates":[147.88912112240388,-42.51089097529416]},"id":"836","properties":{}},{"type":"Feature","geometry":{"geodesic":false,"type":"Point","coordinates":[148.00680042462352,-41.704203850154826]},"id":"837","properties":{"lossyear":3}},{"type":"Feature","geometry":{"geodesic":false,"type":"Point","coordinates":[145.35227876005035,-42.43902575256459]},"id":"838","properties":{"lossyear":20}},{"type":"Feature","geometry":{"geodesic":false,"type":"Point","coordinates":[146.86504169850758,-41.692525751461275]},"id":"839","properties":{}},{"type":"Feature","geometry":{"geodesic":false,"type":"Point","coordinates":[145.3639568587439,-41.94046076987826]},"id":"840","properties":{"lossyear":20}},{"type":"Feature","geometry":{"geodesic":false,"type":"Point","coordinates":[145.33970234607267,-42.0024445244825]},"id":"841","properties":{"lossyear":20}},{"type":"Feature","geometry":{"geodesic":false,"type":"Point","coordinates":[148.27539669457525,-41.3808103478718]},"id":"842","properties":{"lossyear":20}},{"type":"Feature","geometry":{"geodesic":false,"type":"Point","coordinates":[144.92827394594593,-41.54699867543391]},"id":"843","properties":{"lossyear":20}},{"type":"Feature","geometry":{"geodesic":false,"type":"Point","coordinates":[145.84635216631608,-41.28469061247101]},"id":"844","properties":{"lossyear":20}},{"type":"Feature","geometry":{"geodesic":false,"type":"Point","coordinates":[145.28939669016194,-41.748221299076675]},"id":"845","properties":{"lossyear":20}},{"type":"Feature","geometry":{"geodesic":false,"type":"Point","coordinates":[145.03876672589263,-41.51016774878501]},"id":"846","properties":{"lossyear":20}},{"type":"Feature","geometry":{"geodesic":false,"type":"Point","coordinates":[146.8919911570312,-42.807335019053596]},"id":"847","properties":{"lossyear":20}},{"type":"Feature","geometry":{"geodesic":false,"type":"Point","coordinates":[146.06464278035713,-42.5037044530212]},"id":"848","properties":{"lossyear":20}},{"type":"Feature","geometry":{"geodesic":false,"type":"Point","coordinates":[145.29478658186667,-42.474958363929375]},"id":"849","properties":{"lossyear":20}},{"type":"Feature","geometry":{"geodesic":false,"type":"Point","coordinates":[147.89361269882448,-41.563168350548054]},"id":"850","properties":{"lossyear":20}},{"type":"Feature","geometry":{"geodesic":false,"type":"Point","coordinates":[148.05351281939772,-41.712288687711904]},"id":"851","properties":{"lossyear":20}},{"type":"Feature","geometry":{"geodesic":false,"type":"Point","coordinates":[145.30107478885554,-42.46597521108818]},"id":"852","properties":{"lossyear":7}},{"type":"Feature","geometry":{"geodesic":false,"type":"Point","coordinates":[145.7187913959711,-41.454472201169594]},"id":"853","properties":{}},{"type":"Feature","geometry":{"geodesic":false,"type":"Point","coordinates":[145.91462412790918,-41.53532057674035]},"id":"854","properties":{"lossyear":20}},{"type":"Feature","geometry":{"geodesic":false,"type":"Point","coordinates":[147.7615603520589,-41.043942116326974]},"id":"855","properties":{"lossyear":20}},{"type":"Feature","geometry":{"geodesic":false,"type":"Point","coordinates":[145.67297731648102,-41.58652454793517]},"id":"856","properties":{}},{"type":"Feature","geometry":{"geodesic":false,"type":"Point","coordinates":[147.59537202449678,-42.44441564426931]},"id":"857","properties":{"lossyear":14}},{"type":"Feature","geometry":{"geodesic":false,"type":"Point","coordinates":[145.31095625698083,-42.01681756902842]},"id":"858","properties":{"lossyear":20}},{"type":"Feature","geometry":{"geodesic":false,"type":"Point","coordinates":[145.8337757523384,-41.383505293724156]},"id":"859","properties":{"lossyear":20}},{"type":"Feature","geometry":{"geodesic":false,"type":"Point","coordinates":[148.06788586394362,-41.71857689470073]},"id":"860","properties":{"lossyear":20}},{"type":"Feature","geometry":{"geodesic":false,"type":"Point","coordinates":[147.21987623573483,-41.8775786999899]},"id":"861","properties":{"lossyear":20}},{"type":"Feature","geometry":{"geodesic":false,"type":"Point","coordinates":[146.91355072385005,-43.39483321486776]},"id":"862","properties":{"lossyear":20}},{"type":"Feature","geometry":{"geodesic":false,"type":"Point","coordinates":[144.9974442228231,-41.4823199749773]},"id":"863","properties":{"lossyear":20}},{"type":"Feature","geometry":{"geodesic":false,"type":"Point","coordinates":[147.0312300260697,-42.607909025979055]},"id":"864","properties":{"lossyear":20}},{"type":"Feature","geometry":{"geodesic":false,"type":"Point","coordinates":[147.69957659745467,-42.31505824335609]},"id":"865","properties":{"lossyear":20}},{"type":"Feature","geometry":{"geodesic":false,"type":"Point","coordinates":[144.75939067253142,-41.314335016846954]},"id":"866","properties":{"lossyear":20}},{"type":"Feature","geometry":{"geodesic":false,"type":"Point","coordinates":[148.01398694689647,-41.73294993924665]},"id":"867","properties":{"lossyear":20}},{"type":"Feature","geometry":{"geodesic":false,"type":"Point","coordinates":[145.55080643784072,-41.794035378566775]},"id":"868","properties":{"lossyear":20}},{"type":"Feature","geometry":{"geodesic":false,"type":"Point","coordinates":[146.54074988094044,-42.383330204949175]},"id":"869","properties":{"lossyear":20}},{"type":"Feature","geometry":{"geodesic":false,"type":"Point","coordinates":[146.93151702953247,-43.06515150559589]},"id":"870","properties":{"lossyear":20}},{"type":"Feature","geometry":{"geodesic":false,"type":"Point","coordinates":[146.05296468166358,-42.506399398873555]},"id":"871","properties":{"lossyear":20}},{"type":"Feature","geometry":{"geodesic":false,"type":"Point","coordinates":[144.90042617213822,-40.678327795690336]},"id":"872","properties":{"lossyear":20}},{"type":"Feature","geometry":{"geodesic":false,"type":"Point","coordinates":[146.71951462248023,-42.652824790185036]},"id":"873","properties":{"lossyear":19}},{"type":"Feature","geometry":{"geodesic":false,"type":"Point","coordinates":[148.02476673030588,-41.64401672611882]},"id":"874","properties":{}},{"type":"Feature","geometry":{"geodesic":false,"type":"Point","coordinates":[148.0382414595677,-41.69522069731363]},"id":"875","properties":{"lossyear":20}},{"type":"Feature","geometry":{"geodesic":false,"type":"Point","coordinates":[145.53284013215836,-42.94477725752388]},"id":"876","properties":{"lossyear":20}},{"type":"Feature","geometry":{"geodesic":false,"type":"Point","coordinates":[146.12662653496136,-42.74714789501759]},"id":"877","properties":{"lossyear":20}},{"type":"Feature","geometry":{"geodesic":false,"type":"Point","coordinates":[147.8343238900726,-41.62335547458406]},"id":"878","properties":{"lossyear":20}},{"type":"Feature","geometry":{"geodesic":false,"type":"Point","coordinates":[147.33486059210213,-41.280199036050405]},"id":"879","properties":{"lossyear":20}},{"type":"Feature","geometry":{"geodesic":false,"type":"Point","coordinates":[146.1275248502455,-42.74175800331287]},"id":"880","properties":{"lossyear":20}},{"type":"Feature","geometry":{"geodesic":false,"type":"Point","coordinates":[148.02746167615828,-41.6431184108347]},"id":"881","properties":{"lossyear":20}},{"type":"Feature","geometry":{"geodesic":false,"type":"Point","coordinates":[146.59914037440825,-42.21354861625059]},"id":"882","properties":{"lossyear":20}},{"type":"Feature","geometry":{"geodesic":false,"type":"Point","coordinates":[145.4295338744846,-41.05382358445229]},"id":"883","properties":{"lossyear":20}},{"type":"Feature","geometry":{"geodesic":false,"type":"Point","coordinates":[147.9448166700193,-42.10575078215625]},"id":"884","properties":{"lossyear":20}},{"type":"Feature","geometry":{"geodesic":false,"type":"Point","coordinates":[145.2723286997637,-41.750916244929044]},"id":"885","properties":{}},{"type":"Feature","geometry":{"geodesic":false,"type":"Point","coordinates":[145.57955252693256,-41.094247772237665]},"id":"886","properties":{"lossyear":20}},{"type":"Feature","geometry":{"geodesic":false,"type":"Point","coordinates":[146.0655410956412,-42.680672563992744]},"id":"887","properties":{"lossyear":20}},{"type":"Feature","geometry":{"geodesic":false,"type":"Point","coordinates":[147.86576492501678,-41.58293128679868]},"id":"888","properties":{}},{"type":"Feature","geometry":{"geodesic":false,"type":"Point","coordinates":[145.34509223777735,-42.00963104675546]},"id":"889","properties":{"lossyear":20}},{"type":"Feature","geometry":{"geodesic":false,"type":"Point","coordinates":[147.1255531309023,-41.299961972301034]},"id":"890","properties":{"lossyear":20}},{"type":"Feature","geometry":{"geodesic":false,"type":"Point","coordinates":[146.0655410956412,-42.68965571683394]},"id":"891","properties":{"lossyear":20}},{"type":"Feature","geometry":{"geodesic":false,"type":"Point","coordinates":[145.04146167174497,-41.530829000319756]},"id":"892","properties":{"lossyear":20}},{"type":"Feature","geometry":{"geodesic":false,"type":"Point","coordinates":[146.8084478356081,-43.50352936424622]},"id":"893","properties":{"lossyear":20}},{"type":"Feature","geometry":{"geodesic":false,"type":"Point","coordinates":[148.06339428752307,-41.64132178026645]},"id":"894","properties":{"lossyear":5}},{"type":"Feature","geometry":{"geodesic":false,"type":"Point","coordinates":[145.019003789642,-41.52993068503564]},"id":"895","properties":{"lossyear":20}},{"type":"Feature","geometry":{"geodesic":false,"type":"Point","coordinates":[148.06878417922775,-41.704203850154826]},"id":"896","properties":{}},{"type":"Feature","geometry":{"geodesic":false,"type":"Point","coordinates":[148.02746167615828,-41.72217015583722]},"id":"897","properties":{}},{"type":"Feature","geometry":{"geodesic":false,"type":"Point","coordinates":[147.47050620000414,-42.79116534393944]},"id":"898","properties":{}},{"type":"Feature","geometry":{"geodesic":false,"type":"Point","coordinates":[147.74359404637647,-41.40686149111126]},"id":"899","properties":{}},{"type":"Feature","geometry":{"geodesic":false,"type":"Point","coordinates":[147.70586480444348,-42.77230072297293]},"id":"900","properties":{}},{"type":"Feature","geometry":{"geodesic":false,"type":"Point","coordinates":[147.829832313652,-41.5838296020828]},"id":"901","properties":{"lossyear":20}},{"type":"Feature","geometry":{"geodesic":false,"type":"Point","coordinates":[145.63345144397977,-41.45806546230608]},"id":"902","properties":{"lossyear":20}},{"type":"Feature","geometry":{"geodesic":false,"type":"Point","coordinates":[148.0786656473531,-41.144553428148356]},"id":"903","properties":{"lossyear":9}},{"type":"Feature","geometry":{"geodesic":false,"type":"Point","coordinates":[148.02835999144236,-41.68264428333596]},"id":"904","properties":{"lossyear":20}},{"type":"Feature","geometry":{"geodesic":false,"type":"Point","coordinates":[147.88642617655148,-41.57933802566221]},"id":"905","properties":{"lossyear":20}},{"type":"Feature","geometry":{"geodesic":false,"type":"Point","coordinates":[147.90798574337038,-41.26492767622038]},"id":"906","properties":{"lossyear":20}},{"type":"Feature","geometry":{"geodesic":false,"type":"Point","coordinates":[148.03913977485183,-41.66108471651708]},"id":"907","properties":{"lossyear":20}},{"type":"Feature","geometry":{"geodesic":false,"type":"Point","coordinates":[147.93583351717808,-42.12820866425923]},"id":"908","properties":{"lossyear":20}},{"type":"Feature","geometry":{"geodesic":false,"type":"Point","coordinates":[147.20280824533654,-41.37901371730355]},"id":"909","properties":{}},{"type":"Feature","geometry":{"geodesic":false,"type":"Point","coordinates":[145.5615862212502,-41.074484835987036]},"id":"910","properties":{"lossyear":20}},{"type":"Feature","geometry":{"geodesic":false,"type":"Point","coordinates":[145.00732569094845,-41.52184584747856]},"id":"911","properties":{"lossyear":20}},{"type":"Feature","geometry":{"geodesic":false,"type":"Point","coordinates":[145.25795565521776,-42.46148363466757]},"id":"912","properties":{"lossyear":20}},{"type":"Feature","geometry":{"geodesic":false,"type":"Point","coordinates":[147.78850981058247,-42.04197039698376]},"id":"913","properties":{"lossyear":20}},{"type":"Feature","geometry":{"geodesic":false,"type":"Point","coordinates":[145.25166744822894,-42.46597521108818]},"id":"914","properties":{}},{"type":"Feature","geometry":{"geodesic":false,"type":"Point","coordinates":[147.40762413011578,-41.12299386132949]},"id":"915","properties":{}},{"type":"Feature","geometry":{"geodesic":false,"type":"Point","coordinates":[146.58117406872583,-42.31505824335609]},"id":"916","properties":{"lossyear":20}},{"type":"Feature","geometry":{"geodesic":false,"type":"Point","coordinates":[145.65860427193508,-41.299961972301034]},"id":"917","properties":{"lossyear":20}},{"type":"Feature","geometry":{"geodesic":false,"type":"Point","coordinates":[146.8039562591875,-42.684265825129216]},"id":"918","properties":{"lossyear":20}},{"type":"Feature","geometry":{"geodesic":false,"type":"Point","coordinates":[148.11908983513848,-41.67725439163124]},"id":"919","properties":{"lossyear":20}},{"type":"Feature","geometry":{"geodesic":false,"type":"Point","coordinates":[145.44300860374642,-40.92177123768671]},"id":"920","properties":{"lossyear":20}},{"type":"Feature","geometry":{"geodesic":false,"type":"Point","coordinates":[145.7843684117118,-41.78415391044146]},"id":"921","properties":{"lossyear":20}},{"type":"Feature","geometry":{"geodesic":false,"type":"Point","coordinates":[148.21520957053923,-41.97729169652716]},"id":"922","properties":{"lossyear":20}},{"type":"Feature","geometry":{"geodesic":false,"type":"Point","coordinates":[147.89361269882448,-41.5838296020828]},"id":"923","properties":{}},{"type":"Feature","geometry":{"geodesic":false,"type":"Point","coordinates":[146.552427979634,-42.39141504250625]},"id":"924","properties":{"lossyear":20}},{"type":"Feature","geometry":{"geodesic":false,"type":"Point","coordinates":[147.07524747499156,-41.960223706128886]},"id":"925","properties":{"lossyear":20}},{"type":"Feature","geometry":{"geodesic":false,"type":"Point","coordinates":[148.00500379405526,-41.65569482481237]},"id":"926","properties":{"lossyear":20}},{"type":"Feature","geometry":{"geodesic":false,"type":"Point","coordinates":[145.58404410335316,-42.60431576484258]},"id":"927","properties":{"lossyear":20}},{"type":"Feature","geometry":{"geodesic":false,"type":"Point","coordinates":[146.1059652834266,-42.211751985682355]},"id":"928","properties":{"lossyear":20}},{"type":"Feature","geometry":{"geodesic":false,"type":"Point","coordinates":[146.73658261287852,-42.30697340579903]},"id":"929","properties":{"lossyear":20}},{"type":"Feature","geometry":{"geodesic":false,"type":"Point","coordinates":[147.8783413389944,-41.58293128679868]},"id":"930","properties":{"lossyear":20}},{"type":"Feature","geometry":{"geodesic":false,"type":"Point","coordinates":[145.04325830231323,-41.530829000319756]},"id":"931","properties":{"lossyear":4}},{"type":"Feature","geometry":{"geodesic":false,"type":"Point","coordinates":[145.01181726736905,-41.49579470423909]},"id":"932","properties":{"lossyear":20}},{"type":"Feature","geometry":{"geodesic":false,"type":"Point","coordinates":[147.78671318001426,-41.59999927719696]},"id":"933","properties":{"lossyear":20}},{"type":"Feature","geometry":{"geodesic":false,"type":"Point","coordinates":[145.32083772510617,-42.01681756902842]},"id":"934","properties":{"lossyear":20}},{"type":"Feature","geometry":{"geodesic":false,"type":"Point","coordinates":[146.70065000151374,-42.403991456483936]},"id":"935","properties":{"lossyear":15}},{"type":"Feature","geometry":{"geodesic":false,"type":"Point","coordinates":[147.81545926910604,-41.58113465623045]},"id":"936","properties":{"lossyear":20}},{"type":"Feature","geometry":{"geodesic":false,"type":"Point","coordinates":[147.9376301477463,-41.59910096191284]},"id":"937","properties":{}},{"type":"Feature","geometry":{"geodesic":false,"type":"Point","coordinates":[145.2741253303319,-40.999924667405125]},"id":"938","properties":{"lossyear":20}},{"type":"Feature","geometry":{"geodesic":false,"type":"Point","coordinates":[147.88642617655148,-41.576643079809855]},"id":"939","properties":{"lossyear":20}},{"type":"Feature","geometry":{"geodesic":false,"type":"Point","coordinates":[147.05009464703625,-42.58095956745548]},"id":"940","properties":{"lossyear":20}},{"type":"Feature","geometry":{"geodesic":false,"type":"Point","coordinates":[145.67926552346984,-41.005314559109834]},"id":"941","properties":{"lossyear":20}},{"type":"Feature","geometry":{"geodesic":false,"type":"Point","coordinates":[144.80161149088508,-41.46345535401079]},"id":"942","properties":{}},{"type":"Feature","geometry":{"geodesic":false,"type":"Point","coordinates":[146.6674123360013,-41.32511480025639]},"id":"943","properties":{"lossyear":20}},{"type":"Feature","geometry":{"geodesic":false,"type":"Point","coordinates":[145.02708862719908,-41.4823199749773]},"id":"944","properties":{"lossyear":20}},{"type":"Feature","geometry":{"geodesic":false,"type":"Point","coordinates":[147.9061891128021,-41.58742286321929]},"id":"945","properties":{"lossyear":20}},{"type":"Feature","geometry":{"geodesic":false,"type":"Point","coordinates":[144.75040751969027,-41.32331816968815]},"id":"946","properties":{"lossyear":20}},{"type":"Feature","geometry":{"geodesic":false,"type":"Point","coordinates":[144.88874807344467,-40.68551431796328]},"id":"947","properties":{"lossyear":20}},{"type":"Feature","geometry":{"geodesic":false,"type":"Point","coordinates":[145.76280884489296,-41.79493369385089]},"id":"948","properties":{"lossyear":20}},{"type":"Feature","geometry":{"geodesic":false,"type":"Point","coordinates":[146.9952974147049,-42.5818578827396]},"id":"949","properties":{"lossyear":20}},{"type":"Feature","geometry":{"geodesic":false,"type":"Point","coordinates":[145.51577214176007,-42.775893984109416]},"id":"950","properties":{"lossyear":20}},{"type":"Feature","geometry":{"geodesic":false,"type":"Point","coordinates":[147.30252124187382,-41.15623152684192]},"id":"951","properties":{"lossyear":20}},{"type":"Feature","geometry":{"geodesic":false,"type":"Point","coordinates":[146.80305794390335,-42.02220746073313]},"id":"952","properties":{}},{"type":"Feature","geometry":{"geodesic":false,"type":"Point","coordinates":[145.55799296011372,-42.61689217882025]},"id":"953","properties":{"lossyear":20}},{"type":"Feature","geometry":{"geodesic":false,"type":"Point","coordinates":[144.9597149808901,-41.69162743617714]},"id":"954","properties":{"lossyear":20}},{"type":"Feature","geometry":{"geodesic":false,"type":"Point","coordinates":[146.7868882687892,-42.75163947143818]},"id":"955","properties":{"lossyear":20}},{"type":"Feature","geometry":{"geodesic":false,"type":"Point","coordinates":[147.92235878791627,-41.574846449241605]},"id":"956","properties":{"lossyear":20}},{"type":"Feature","geometry":{"geodesic":false,"type":"Point","coordinates":[145.21573483686416,-40.98195836172273]},"id":"957","properties":{}},{"type":"Feature","geometry":{"geodesic":false,"type":"Point","coordinates":[147.56303267426847,-41.53621889202448]},"id":"958","properties":{}},{"type":"Feature","geometry":{"geodesic":false,"type":"Point","coordinates":[146.0466764746747,-42.51538255171475]},"id":"959","properties":{}},{"type":"Feature","geometry":{"geodesic":false,"type":"Point","coordinates":[147.89900259052916,-41.58472791736693]},"id":"960","properties":{"lossyear":20}},{"type":"Feature","geometry":{"geodesic":false,"type":"Point","coordinates":[148.0319532525789,-41.665576292937686]},"id":"961","properties":{"lossyear":20}},{"type":"Feature","geometry":{"geodesic":false,"type":"Point","coordinates":[145.59302725619438,-41.46345535401079]},"id":"962","properties":{"lossyear":20}},{"type":"Feature","geometry":{"geodesic":false,"type":"Point","coordinates":[147.94122340888282,-43.17654260082672]},"id":"963","properties":{"lossyear":20}},{"type":"Feature","geometry":{"geodesic":false,"type":"Point","coordinates":[144.8950362804335,-41.543405414297425]},"id":"964","properties":{"lossyear":20}},{"type":"Feature","geometry":{"geodesic":false,"type":"Point","coordinates":[147.92864699490514,-41.592812754924]},"id":"965","properties":{"lossyear":20}},{"type":"Feature","geometry":{"geodesic":false,"type":"Point","coordinates":[147.02224687322854,-42.57826462160311]},"id":"966","properties":{}},{"type":"Feature","geometry":{"geodesic":false,"type":"Point","coordinates":[148.00859705519173,-41.70689879600718]},"id":"967","properties":{"lossyear":20}},{"type":"Feature","geometry":{"geodesic":false,"type":"Point","coordinates":[146.85785517623464,-41.31702996269931]},"id":"968","properties":{"lossyear":20}},{"type":"Feature","geometry":{"geodesic":false,"type":"Point","coordinates":[145.9676247296722,-42.59443429671727]},"id":"969","properties":{}},{"type":"Feature","geometry":{"geodesic":false,"type":"Point","coordinates":[147.04560307061564,-40.999924667405125]},"id":"970","properties":{"lossyear":20}},{"type":"Feature","geometry":{"geodesic":false,"type":"Point","coordinates":[145.25256576351308,-42.46956847222465]},"id":"971","properties":{"lossyear":20}},{"type":"Feature","geometry":{"geodesic":false,"type":"Point","coordinates":[145.58853567977377,-41.41764127452069]},"id":"972","properties":{"lossyear":20}},{"type":"Feature","geometry":{"geodesic":false,"type":"Point","coordinates":[145.36305854345977,-41.99795294806191]},"id":"973","properties":{"lossyear":20}},{"type":"Feature","geometry":{"geodesic":false,"type":"Point","coordinates":[145.76011389904062,-41.37901371730355]},"id":"974","properties":{"lossyear":20}},{"type":"Feature","geometry":{"geodesic":false,"type":"Point","coordinates":[148.0598010263866,-41.70600048072306]},"id":"975","properties":{"lossyear":21}},{"type":"Feature","geometry":{"geodesic":false,"type":"Point","coordinates":[144.78544181577092,-41.313436701562836]},"id":"976","properties":{"lossyear":20}},{"type":"Feature","geometry":{"geodesic":false,"type":"Point","coordinates":[148.04183472070417,-41.31074175571047]},"id":"977","properties":{"lossyear":20}},{"type":"Feature","geometry":{"geodesic":false,"type":"Point","coordinates":[147.91966384206393,-41.09784103337415]},"id":"978","properties":{"lossyear":20}},{"type":"Feature","geometry":{"geodesic":false,"type":"Point","coordinates":[147.07794242084395,-41.263131045652145]},"id":"979","properties":{}},{"type":"Feature","geometry":{"geodesic":false,"type":"Point","coordinates":[145.8400639593272,-41.53621889202448]},"id":"980","properties":{}},{"type":"Feature","geometry":{"geodesic":false,"type":"Point","coordinates":[147.89451101410856,-41.608084114754035]},"id":"981","properties":{"lossyear":20}},{"type":"Feature","geometry":{"geodesic":false,"type":"Point","coordinates":[148.00410547877118,-41.67994933748359]},"id":"982","properties":{"lossyear":20}},{"type":"Feature","geometry":{"geodesic":false,"type":"Point","coordinates":[147.72383111012584,-42.05634344152968]},"id":"983","properties":{}},{"type":"Feature","geometry":{"geodesic":false,"type":"Point","coordinates":[144.89323964986528,-40.683717687395045]},"id":"984","properties":{"lossyear":20}},{"type":"Feature","geometry":{"geodesic":false,"type":"Point","coordinates":[146.70873483907081,-42.238701444205944]},"id":"985","properties":{"lossyear":20}},{"type":"Feature","geometry":{"geodesic":false,"type":"Point","coordinates":[147.8999009058133,-41.58023634094633]},"id":"986","properties":{"lossyear":20}},{"type":"Feature","geometry":{"geodesic":false,"type":"Point","coordinates":[147.9403250935987,-41.280199036050405]},"id":"987","properties":{"lossyear":20}},{"type":"Feature","geometry":{"geodesic":false,"type":"Point","coordinates":[148.03285156786296,-41.68893249032479]},"id":"988","properties":{}},{"type":"Feature","geometry":{"geodesic":false,"type":"Point","coordinates":[147.9681728674064,-41.86769723186458]},"id":"989","properties":{"lossyear":20}},{"type":"Feature","geometry":{"geodesic":false,"type":"Point","coordinates":[147.41121739125225,-41.16880794081959]},"id":"990","properties":{"lossyear":20}},{"type":"Feature","geometry":{"geodesic":false,"type":"Point","coordinates":[144.89773122628583,-40.66844632756502]},"id":"991","properties":{"lossyear":20}},{"type":"Feature","geometry":{"geodesic":false,"type":"Point","coordinates":[144.78184855463445,-41.32870806139286]},"id":"992","properties":{"lossyear":20}},{"type":"Feature","geometry":{"geodesic":false,"type":"Point","coordinates":[146.56410607832754,-42.37434705210799]},"id":"993","properties":{"lossyear":19}},{"type":"Feature","geometry":{"geodesic":false,"type":"Point","coordinates":[144.98756275469782,-41.52903236975152]},"id":"994","properties":{}},{"type":"Feature","geometry":{"geodesic":false,"type":"Point","coordinates":[145.34958381419796,-42.00424115505075]},"id":"995","properties":{"lossyear":20}},{"type":"Feature","geometry":{"geodesic":false,"type":"Point","coordinates":[146.11315180569954,-42.71031696836869]},"id":"996","properties":{"lossyear":20}},{"type":"Feature","geometry":{"geodesic":false,"type":"Point","coordinates":[144.90671437912704,-40.66664969699677]},"id":"997","properties":{"lossyear":20}},{"type":"Feature","geometry":{"geodesic":false,"type":"Point","coordinates":[144.9040194332747,-41.57125318810513]},"id":"998","properties":{"lossyear":20}},{"type":"Feature","geometry":{"geodesic":false,"type":"Point","coordinates":[147.22077455101896,-43.00406606627577]},"id":"999","properties":{}},{"type":"Feature","geometry":{"geodesic":false,"type":"Point","coordinates":[146.79856636748275,-43.50442767953034]},"id":"1000","properties":{"lossyear":20}},{"type":"Feature","geometry":{"geodesic":false,"type":"Point","coordinates":[145.02439368134668,-41.493099758386734]},"id":"1001","properties":{"lossyear":20}},{"type":"Feature","geometry":{"geodesic":false,"type":"Point","coordinates":[147.04200980947917,-42.607909025979055]},"id":"1002","properties":{"lossyear":20}},{"type":"Feature","geometry":{"geodesic":false,"type":"Point","coordinates":[144.7674755100885,-41.30804680985811]},"id":"1003","properties":{"lossyear":20}},{"type":"Feature","geometry":{"geodesic":false,"type":"Point","coordinates":[147.89451101410856,-41.58023634094633]},"id":"1004","properties":{"lossyear":20}},{"type":"Feature","geometry":{"geodesic":false,"type":"Point","coordinates":[147.59537202449678,-41.221808542582636]},"id":"1005","properties":{"lossyear":20}},{"type":"Feature","geometry":{"geodesic":false,"type":"Point","coordinates":[145.68735036102692,-42.74085968802875]},"id":"1006","properties":{"lossyear":20}},{"type":"Feature","geometry":{"geodesic":false,"type":"Point","coordinates":[147.01865361209207,-42.56119663120485]},"id":"1007","properties":{"lossyear":20}},{"type":"Feature","geometry":{"geodesic":false,"type":"Point","coordinates":[145.1672258115217,-40.8795504193331]},"id":"1008","properties":{"lossyear":20}},{"type":"Feature","geometry":{"geodesic":false,"type":"Point","coordinates":[145.2678371233431,-42.44441564426931]},"id":"1009","properties":{"lossyear":20}},{"type":"Feature","geometry":{"geodesic":false,"type":"Point","coordinates":[147.96727455212226,-41.86500228601221]},"id":"1010","properties":{"lossyear":20}},{"type":"Feature","geometry":{"geodesic":false,"type":"Point","coordinates":[144.8869514428764,-40.678327795690336]},"id":"1011","properties":{"lossyear":20}},{"type":"Feature","geometry":{"geodesic":false,"type":"Point","coordinates":[146.05296468166358,-42.65012984433268]},"id":"1012","properties":{"lossyear":20}},{"type":"Feature","geometry":{"geodesic":false,"type":"Point","coordinates":[148.01758020803294,-41.70600048072306]},"id":"1013","properties":{"lossyear":20}},{"type":"Feature","geometry":{"geodesic":false,"type":"Point","coordinates":[148.16490391462855,-41.15802815741016]},"id":"1014","properties":{"lossyear":21}},{"type":"Feature","geometry":{"geodesic":false,"type":"Point","coordinates":[145.2274129355577,-40.94063585865322]},"id":"1015","properties":{}},{"type":"Feature","geometry":{"geodesic":false,"type":"Point","coordinates":[146.1230332738249,-42.737266426892276]},"id":"1016","properties":{"lossyear":20}},{"type":"Feature","geometry":{"geodesic":false,"type":"Point","coordinates":[145.29209163601433,-42.48304320148645]},"id":"1017","properties":{"lossyear":20}},{"type":"Feature","geometry":{"geodesic":false,"type":"Point","coordinates":[146.05745625808413,-42.67797761814039]},"id":"1018","properties":{"lossyear":20}},{"type":"Feature","geometry":{"geodesic":false,"type":"Point","coordinates":[147.0896205195375,-41.082569673544114]},"id":"1019","properties":{"lossyear":20}},{"type":"Feature","geometry":{"geodesic":false,"type":"Point","coordinates":[146.06194783450474,-42.684265825129216]},"id":"1020","properties":{"lossyear":20}},{"type":"Feature","geometry":{"geodesic":false,"type":"Point","coordinates":[146.8336006635634,-43.49185126555267]},"id":"1021","properties":{}},{"type":"Feature","geometry":{"geodesic":false,"type":"Point","coordinates":[145.3235326709585,-42.440822383132826]},"id":"1022","properties":{}},{"type":"Feature","geometry":{"geodesic":false,"type":"Point","coordinates":[144.87886660531933,-40.71246377648687]},"id":"1023","properties":{"lossyear":20}},{"type":"Feature","geometry":{"geodesic":false,"type":"Point","coordinates":[148.06698754865954,-41.66377966236945]},"id":"1024","properties":{"lossyear":20}},{"type":"Feature","geometry":{"geodesic":false,"type":"Point","coordinates":[145.04325830231323,-41.485014920829656]},"id":"1025","properties":{"lossyear":20}},{"type":"Feature","geometry":{"geodesic":false,"type":"Point","coordinates":[145.57146768937548,-41.45537051645371]},"id":"1026","properties":{"lossyear":20}},{"type":"Feature","geometry":{"geodesic":false,"type":"Point","coordinates":[147.99691895649818,-41.716780264132495]},"id":"1027","properties":{"lossyear":20}},{"type":"Feature","geometry":{"geodesic":false,"type":"Point","coordinates":[147.9322402560416,-41.61796558287935]},"id":"1028","properties":{"lossyear":20}},{"type":"Feature","geometry":{"geodesic":false,"type":"Point","coordinates":[145.77808020472298,-41.44279410247604]},"id":"1029","properties":{"lossyear":20}},{"type":"Feature","geometry":{"geodesic":false,"type":"Point","coordinates":[147.78401823416186,-41.5838296020828]},"id":"1030","properties":{"lossyear":20}},{"type":"Feature","geometry":{"geodesic":false,"type":"Point","coordinates":[145.54631486142017,-42.782182191098244]},"id":"1031","properties":{}},{"type":"Feature","geometry":{"geodesic":false,"type":"Point","coordinates":[145.00373242981198,-41.48681155139789]},"id":"1032","properties":{"lossyear":20}},{"type":"Feature","geometry":{"geodesic":false,"type":"Point","coordinates":[144.76388224895203,-41.32241985440403]},"id":"1033","properties":{"lossyear":20}},{"type":"Feature","geometry":{"geodesic":false,"type":"Point","coordinates":[147.81456095382197,-41.58113465623045]},"id":"1034","properties":{"lossyear":20}},{"type":"Feature","geometry":{"geodesic":false,"type":"Point","coordinates":[145.23010788141005,-41.742831407371966]},"id":"1035","properties":{"lossyear":20}},{"type":"Feature","geometry":{"geodesic":false,"type":"Point","coordinates":[147.80467948569662,-41.61077906060639]},"id":"1036","properties":{"lossyear":20}},{"type":"Feature","geometry":{"geodesic":false,"type":"Point","coordinates":[145.77987683529125,-41.43920084133957]},"id":"1037","properties":{"lossyear":20}},{"type":"Feature","geometry":{"geodesic":false,"type":"Point","coordinates":[147.8639682944485,-41.58023634094633]},"id":"1038","properties":{"lossyear":20}},{"type":"Feature","geometry":{"geodesic":false,"type":"Point","coordinates":[148.00141053291878,-41.711390372427786]},"id":"1039","properties":{"lossyear":20}},{"type":"Feature","geometry":{"geodesic":false,"type":"Point","coordinates":[145.32622761681085,-42.00513947033487]},"id":"1040","properties":{"lossyear":20}},{"type":"Feature","geometry":{"geodesic":false,"type":"Point","coordinates":[145.2489725023766,-42.47316173336114]},"id":"1041","properties":{"lossyear":20}},{"type":"Feature","geometry":{"geodesic":false,"type":"Point","coordinates":[145.29837984300315,-42.43094091500751]},"id":"1042","properties":{"lossyear":20}},{"type":"Feature","geometry":{"geodesic":false,"type":"Point","coordinates":[145.3055663652761,-42.45429711239463]},"id":"1043","properties":{"lossyear":20}},{"type":"Feature","geometry":{"geodesic":false,"type":"Point","coordinates":[144.94264699049182,-41.54430372958154]},"id":"1044","properties":{"lossyear":20}},{"type":"Feature","geometry":{"geodesic":false,"type":"Point","coordinates":[146.39432448962896,-42.1497682310781]},"id":"1045","properties":{}},{"type":"Feature","geometry":{"geodesic":false,"type":"Point","coordinates":[145.00642737566432,-41.49669301952321]},"id":"1046","properties":{"lossyear":20}},{"type":"Feature","geometry":{"geodesic":false,"type":"Point","coordinates":[146.14818610178025,-42.80553838848536]},"id":"1047","properties":{}},{"type":"Feature","geometry":{"geodesic":false,"type":"Point","coordinates":[147.11656997806108,-42.55311179364777]},"id":"1048","properties":{"lossyear":20}},{"type":"Feature","geometry":{"geodesic":false,"type":"Point","coordinates":[144.95252845861717,-41.546100360149794]},"id":"1049","properties":{"lossyear":20}},{"type":"Feature","geometry":{"geodesic":false,"type":"Point","coordinates":[148.09214037661485,-41.709593741859535]},"id":"1050","properties":{}},{"type":"Feature","geometry":{"geodesic":false,"type":"Point","coordinates":[148.28437984741646,-41.011602766098676]},"id":"1051","properties":{"lossyear":20}},{"type":"Feature","geometry":{"geodesic":false,"type":"Point","coordinates":[147.58189729523497,-41.35116594349586]},"id":"1052","properties":{"lossyear":20}},{"type":"Feature","geometry":{"geodesic":false,"type":"Point","coordinates":[145.03068188833555,-41.52274416276268]},"id":"1053","properties":{"lossyear":20}},{"type":"Feature","geometry":{"geodesic":false,"type":"Point","coordinates":[144.92647731537767,-40.95141564206267]},"id":"1054","properties":{"lossyear":20}},{"type":"Feature","geometry":{"geodesic":false,"type":"Point","coordinates":[147.05997611516153,-42.61958712467262]},"id":"1055","properties":{"lossyear":20}},{"type":"Feature","geometry":{"geodesic":false,"type":"Point","coordinates":[145.7681987365977,-41.794035378566775]},"id":"1056","properties":{}},{"type":"Feature","geometry":{"geodesic":false,"type":"Point","coordinates":[145.2956848971508,-41.7446280379402]},"id":"1057","properties":{}},{"type":"Feature","geometry":{"geodesic":false,"type":"Point","coordinates":[146.79317647577807,-41.403268229974785]},"id":"1058","properties":{"lossyear":20}},{"type":"Feature","geometry":{"geodesic":false,"type":"Point","coordinates":[148.01039368576,-41.72756004754193]},"id":"1059","properties":{"lossyear":20}},{"type":"Feature","geometry":{"geodesic":false,"type":"Point","coordinates":[146.99260246885257,-42.5818578827396]},"id":"1060","properties":{"lossyear":20}},{"type":"Feature","geometry":{"geodesic":false,"type":"Point","coordinates":[145.55170475312485,-41.114010708488294]},"id":"1061","properties":{}},{"type":"Feature","geometry":{"geodesic":false,"type":"Point","coordinates":[145.30197310413962,-42.4668735263723]},"id":"1062","properties":{}},{"type":"Feature","geometry":{"geodesic":false,"type":"Point","coordinates":[147.21628297459836,-41.8775786999899]},"id":"1063","properties":{"lossyear":21}},{"type":"Feature","geometry":{"geodesic":false,"type":"Point","coordinates":[145.01541052850553,-41.4913031278185]},"id":"1064","properties":{"lossyear":20}},{"type":"Feature","geometry":{"geodesic":false,"type":"Point","coordinates":[144.90671437912704,-40.69719241665683]},"id":"1065","properties":{"lossyear":20}},{"type":"Feature","geometry":{"geodesic":false,"type":"Point","coordinates":[145.03158020361968,-41.52094753219444]},"id":"1066","properties":{"lossyear":20}},{"type":"Feature","geometry":{"geodesic":false,"type":"Point","coordinates":[145.30287141942375,-42.442619013701076]},"id":"1067","properties":{"lossyear":20}},{"type":"Feature","geometry":{"geodesic":false,"type":"Point","coordinates":[147.79659464813955,-41.620660528731705]},"id":"1068","properties":{"lossyear":20}},{"type":"Feature","geometry":{"geodesic":false,"type":"Point","coordinates":[145.03697009532436,-41.49579470423909]},"id":"1069","properties":{"lossyear":20}},{"type":"Feature","geometry":{"geodesic":false,"type":"Point","coordinates":[146.84527876225695,-41.043942116326974]},"id":"1070","properties":{"lossyear":20}},{"type":"Feature","geometry":{"geodesic":false,"type":"Point","coordinates":[147.40762413011578,-41.11760396962478]},"id":"1071","properties":{}},{"type":"Feature","geometry":{"geodesic":false,"type":"Point","coordinates":[144.92018910838885,-41.538913837876834]},"id":"1072","properties":{"lossyear":20}},{"type":"Feature","geometry":{"geodesic":false,"type":"Point","coordinates":[146.95397491163544,-42.21804019267118]},"id":"1073","properties":{"lossyear":20}},{"type":"Feature","geometry":{"geodesic":false,"type":"Point","coordinates":[145.5993154631832,-42.63935006092325]},"id":"1074","properties":{"lossyear":20}},{"type":"Feature","geometry":{"geodesic":false,"type":"Point","coordinates":[146.70334494736608,-41.4454890483284]},"id":"1075","properties":{"lossyear":20}},{"type":"Feature","geometry":{"geodesic":false,"type":"Point","coordinates":[147.0491963317521,-42.59443429671727]},"id":"1076","properties":{"lossyear":20}},{"type":"Feature","geometry":{"geodesic":false,"type":"Point","coordinates":[147.92864699490514,-42.126412033691]},"id":"1077","properties":{"lossyear":20}},{"type":"Feature","geometry":{"geodesic":false,"type":"Point","coordinates":[144.99385096168663,-41.51016774878501]},"id":"1078","properties":{"lossyear":20}},{"type":"Feature","geometry":{"geodesic":false,"type":"Point","coordinates":[147.66274567080575,-41.446387363612516]},"id":"1079","properties":{}},{"type":"Feature","geometry":{"geodesic":false,"type":"Point","coordinates":[146.0682360414936,-42.68875740154982]},"id":"1080","properties":{"lossyear":20}},{"type":"Feature","geometry":{"geodesic":false,"type":"Point","coordinates":[146.38623965207188,-42.269244163866006]},"id":"1081","properties":{"lossyear":20}},{"type":"Feature","geometry":{"geodesic":false,"type":"Point","coordinates":[147.17585878681297,-41.15353658098955]},"id":"1082","properties":{"lossyear":20}},{"type":"Feature","geometry":{"geodesic":false,"type":"Point","coordinates":[147.829832313652,-41.58472791736693]},"id":"1083","properties":{"lossyear":20}},{"type":"Feature","geometry":{"geodesic":false,"type":"Point","coordinates":[145.56697611295488,-42.60162081899023]},"id":"1084","properties":{"lossyear":20}},{"type":"Feature","geometry":{"geodesic":false,"type":"Point","coordinates":[144.9462402516283,-41.538913837876834]},"id":"1085","properties":{"lossyear":20}},{"type":"Feature","geometry":{"geodesic":false,"type":"Point","coordinates":[145.32802424737912,-41.91261299607055]},"id":"1086","properties":{"lossyear":21}},{"type":"Feature","geometry":{"geodesic":false,"type":"Point","coordinates":[147.7983912787078,-41.56676161168454]},"id":"1087","properties":{"lossyear":20}},{"type":"Feature","geometry":{"geodesic":false,"type":"Point","coordinates":[145.25795565521776,-42.48304320148645]},"id":"1088","properties":{"lossyear":20}},{"type":"Feature","geometry":{"geodesic":false,"type":"Point","coordinates":[145.75741895318822,-41.3808103478718]},"id":"1089","properties":{"lossyear":20}},{"type":"Feature","geometry":{"geodesic":false,"type":"Point","coordinates":[145.2678371233431,-42.499212876600595]},"id":"1090","properties":{"lossyear":20}},{"type":"Feature","geometry":{"geodesic":false,"type":"Point","coordinates":[147.97086781325874,-41.85601913317102]},"id":"1091","properties":{"lossyear":20}},{"type":"Feature","geometry":{"geodesic":false,"type":"Point","coordinates":[145.56967105880727,-42.59263766614903]},"id":"1092","properties":{"lossyear":20}},{"type":"Feature","geometry":{"geodesic":false,"type":"Point","coordinates":[145.30646468056023,-41.934172562889415]},"id":"1093","properties":{"lossyear":20}},{"type":"Feature","geometry":{"geodesic":false,"type":"Point","coordinates":[145.86431847199844,-41.530829000319756]},"id":"1094","properties":{"lossyear":20}},{"type":"Feature","geometry":{"geodesic":false,"type":"Point","coordinates":[145.60470535488793,-42.63216353865029]},"id":"1095","properties":{"lossyear":20}},{"type":"Feature","geometry":{"geodesic":false,"type":"Point","coordinates":[144.89144301929701,-40.69270084023624]},"id":"1096","properties":{"lossyear":20}},{"type":"Feature","geometry":{"geodesic":false,"type":"Point","coordinates":[145.60021377846732,-42.871115404226074]},"id":"1097","properties":{}},{"type":"Feature","geometry":{"geodesic":false,"type":"Point","coordinates":[145.0378684106085,-41.54250709901331]},"id":"1098","properties":{"lossyear":20}},{"type":"Feature","geometry":{"geodesic":false,"type":"Point","coordinates":[148.0148852621806,-41.68893249032479]},"id":"1099","properties":{"lossyear":20}},{"type":"Feature","geometry":{"geodesic":false,"type":"Point","coordinates":[145.8786915165444,-41.30804680985811]},"id":"1100","properties":{"lossyear":20}},{"type":"Feature","geometry":{"geodesic":false,"type":"Point","coordinates":[146.8057528897557,-43.50173273367798]},"id":"1101","properties":{"lossyear":20}},{"type":"Feature","geometry":{"geodesic":false,"type":"Point","coordinates":[147.8127643232537,-43.11815210735895]},"id":"1102","properties":{"lossyear":20}},{"type":"Feature","geometry":{"geodesic":false,"type":"Point","coordinates":[147.03751823305856,-40.99183982984805]},"id":"1103","properties":{}},{"type":"Feature","geometry":{"geodesic":false,"type":"Point","coordinates":[144.93007057651414,-41.550591936570385]},"id":"1104","properties":{"lossyear":20}},{"type":"Feature","geometry":{"geodesic":false,"type":"Point","coordinates":[146.07093098734595,-42.652824790185036]},"id":"1105","properties":{"lossyear":20}},{"type":"Feature","geometry":{"geodesic":false,"type":"Point","coordinates":[147.80557780098076,-41.6431184108347]},"id":"1106","properties":{}},{"type":"Feature","geometry":{"geodesic":false,"type":"Point","coordinates":[145.29388826658254,-42.448907220689904]},"id":"1107","properties":{"lossyear":20}},{"type":"Feature","geometry":{"geodesic":false,"type":"Point","coordinates":[147.7444923616606,-42.108445728008604]},"id":"1108","properties":{"lossyear":20}},{"type":"Feature","geometry":{"geodesic":false,"type":"Point","coordinates":[148.0759707015007,-41.690729120893025]},"id":"1109","properties":{"lossyear":20}},{"type":"Feature","geometry":{"geodesic":false,"type":"Point","coordinates":[147.8576800874597,-41.563168350548054]},"id":"1110","properties":{"lossyear":20}},{"type":"Feature","geometry":{"geodesic":false,"type":"Point","coordinates":[147.84420535819788,-41.57215150338925]},"id":"1111","properties":{"lossyear":20}},{"type":"Feature","geometry":{"geodesic":false,"type":"Point","coordinates":[147.92415541848453,-41.76079771305436]},"id":"1112","properties":{"lossyear":20}},{"type":"Feature","geometry":{"geodesic":false,"type":"Point","coordinates":[147.08423062783277,-41.96381696726536]},"id":"1113","properties":{"lossyear":20}},{"type":"Feature","geometry":{"geodesic":false,"type":"Point","coordinates":[147.02763676493322,-42.58634945916019]},"id":"1114","properties":{"lossyear":20}},{"type":"Feature","geometry":{"geodesic":false,"type":"Point","coordinates":[144.9228840542412,-41.55418519770686]},"id":"1115","properties":{"lossyear":20}},{"type":"Feature","geometry":{"geodesic":false,"type":"Point","coordinates":[146.0655410956412,-42.686960770981585]},"id":"1116","properties":{"lossyear":17}},{"type":"Feature","geometry":{"geodesic":false,"type":"Point","coordinates":[144.91479921668412,-40.70527725421391]},"id":"1117","properties":{"lossyear":20}},{"type":"Feature","geometry":{"geodesic":false,"type":"Point","coordinates":[147.01595866623967,-42.58455282859195]},"id":"1118","properties":{}},{"type":"Feature","geometry":{"geodesic":false,"type":"Point","coordinates":[145.04325830231323,-41.518252586342086]},"id":"1119","properties":{"lossyear":20}},{"type":"Feature","geometry":{"geodesic":false,"type":"Point","coordinates":[146.67998874997897,-42.390516727222135]},"id":"1120","properties":{"lossyear":20}},{"type":"Feature","geometry":{"geodesic":false,"type":"Point","coordinates":[146.76443038668623,-41.635033573277624]},"id":"1121","properties":{"lossyear":20}},{"type":"Feature","geometry":{"geodesic":false,"type":"Point","coordinates":[145.34958381419796,-42.43543249142812]},"id":"1122","properties":{"lossyear":20}},{"type":"Feature","geometry":{"geodesic":false,"type":"Point","coordinates":[147.90259585166564,-41.54160878372919]},"id":"1123","properties":{"lossyear":20}},{"type":"Feature","geometry":{"geodesic":false,"type":"Point","coordinates":[146.9791277395908,-41.210130443889085]},"id":"1124","properties":{"lossyear":20}},{"type":"Feature","geometry":{"geodesic":false,"type":"Point","coordinates":[146.0547613122318,-42.680672563992744]},"id":"1125","properties":{"lossyear":20}},{"type":"Feature","geometry":{"geodesic":false,"type":"Point","coordinates":[144.936358783503,-41.69611901259775]},"id":"1126","properties":{"lossyear":20}},{"type":"Feature","geometry":{"geodesic":false,"type":"Point","coordinates":[147.40762413011578,-41.108620816783585]},"id":"1127","properties":{}},{"type":"Feature","geometry":{"geodesic":false,"type":"Point","coordinates":[146.04757478995884,-42.50999266001003]},"id":"1128","properties":{"lossyear":20}},{"type":"Feature","geometry":{"geodesic":false,"type":"Point","coordinates":[147.86845987086912,-41.54250709901331]},"id":"1129","properties":{"lossyear":20}},{"type":"Feature","geometry":{"geodesic":false,"type":"Point","coordinates":[146.1041686528584,-42.69414729325453]},"id":"1130","properties":{"lossyear":20}},{"type":"Feature","geometry":{"geodesic":false,"type":"Point","coordinates":[146.1320164266661,-42.72828327405108]},"id":"1131","properties":{"lossyear":20}},{"type":"Feature","geometry":{"geodesic":false,"type":"Point","coordinates":[147.01146708981906,-42.588146089728426]},"id":"1132","properties":{"lossyear":20}},{"type":"Feature","geometry":{"geodesic":false,"type":"Point","coordinates":[145.65770595665094,-41.20833381332085]},"id":"1133","properties":{"lossyear":20}},{"type":"Feature","geometry":{"geodesic":false,"type":"Point","coordinates":[148.03734314428357,-41.66737292350592]},"id":"1134","properties":{"lossyear":20}},{"type":"Feature","geometry":{"geodesic":false,"type":"Point","coordinates":[145.5804508422167,-42.768707461836456]},"id":"1135","properties":{}},{"type":"Feature","geometry":{"geodesic":false,"type":"Point","coordinates":[144.9183924778206,-40.68192105682681]},"id":"1136","properties":{"lossyear":20}},{"type":"Feature","geometry":{"geodesic":false,"type":"Point","coordinates":[144.8851548123082,-40.68551431796328]},"id":"1137","properties":{"lossyear":20}},{"type":"Feature","geometry":{"geodesic":false,"type":"Point","coordinates":[147.04380644004738,-42.615095548252015]},"id":"1138","properties":{"lossyear":20}},{"type":"Feature","geometry":{"geodesic":false,"type":"Point","coordinates":[144.91120595554764,-40.68192105682681]},"id":"1139","properties":{"lossyear":20}},{"type":"Feature","geometry":{"geodesic":false,"type":"Point","coordinates":[147.78761149529834,-41.557778458843345]},"id":"1140","properties":{}},{"type":"Feature","geometry":{"geodesic":false,"type":"Point","coordinates":[145.34509223777735,-42.44711059012167]},"id":"1141","properties":{"lossyear":20}},{"type":"Feature","geometry":{"geodesic":false,"type":"Point","coordinates":[148.04902124297712,-41.66737292350592]},"id":"1142","properties":{"lossyear":20}},{"type":"Feature","geometry":{"geodesic":false,"type":"Point","coordinates":[147.01775529680793,-42.59263766614903]},"id":"1143","properties":{"lossyear":20}},{"type":"Feature","geometry":{"geodesic":false,"type":"Point","coordinates":[148.01847852331707,-42.121920457270406]},"id":"1144","properties":{"lossyear":20}},{"type":"Feature","geometry":{"geodesic":false,"type":"Point","coordinates":[147.39414940085402,-42.479449940349966]},"id":"1145","properties":{"lossyear":20}},{"type":"Feature","geometry":{"geodesic":false,"type":"Point","coordinates":[147.06536600686627,-43.00496438155989]},"id":"1146","properties":{}},{"type":"Feature","geometry":{"geodesic":false,"type":"Point","coordinates":[147.19472340777946,-41.17779109366079]},"id":"1147","properties":{"lossyear":20}},{"type":"Feature","geometry":{"geodesic":false,"type":"Point","coordinates":[146.11854169740428,-42.70223213081161]},"id":"1148","properties":{"lossyear":20}},{"type":"Feature","geometry":{"geodesic":false,"type":"Point","coordinates":[145.73945264750586,-41.79313706328266]},"id":"1149","properties":{"lossyear":20}},{"type":"Feature","geometry":{"geodesic":false,"type":"Point","coordinates":[144.89683291100175,-40.71426040705511]},"id":"1150","properties":{"lossyear":20}},{"type":"Feature","geometry":{"geodesic":false,"type":"Point","coordinates":[146.10506696814247,-42.211751985682355]},"id":"1151","properties":{}},{"type":"Feature","geometry":{"geodesic":false,"type":"Point","coordinates":[148.06519091809128,-41.67455944577888]},"id":"1152","properties":{"lossyear":20}},{"type":"Feature","geometry":{"geodesic":false,"type":"Point","coordinates":[145.29388826658254,-42.49202635432765]},"id":"1153","properties":{}},{"type":"Feature","geometry":{"geodesic":false,"type":"Point","coordinates":[147.96188466041752,-41.86230734015986]},"id":"1154","properties":{"lossyear":20}},{"type":"Feature","geometry":{"geodesic":false,"type":"Point","coordinates":[148.01219031632826,-41.38530192429239]},"id":"1155","properties":{"lossyear":20}},{"type":"Feature","geometry":{"geodesic":false,"type":"Point","coordinates":[147.96008802984932,-42.09317436817858]},"id":"1156","properties":{"lossyear":20}},{"type":"Feature","geometry":{"geodesic":false,"type":"Point","coordinates":[146.89827936402003,-43.04179530820879]},"id":"1157","properties":{"lossyear":4}},{"type":"Feature","geometry":{"geodesic":false,"type":"Point","coordinates":[145.26604049277483,-42.47675499449761]},"id":"1158","properties":{"lossyear":20}},{"type":"Feature","geometry":{"geodesic":false,"type":"Point","coordinates":[147.80917106211723,-41.59191443963988]},"id":"1159","properties":{"lossyear":3}},{"type":"Feature","geometry":{"geodesic":false,"type":"Point","coordinates":[145.27143038447957,-42.501009507168845]},"id":"1160","properties":{}},{"type":"Feature","geometry":{"geodesic":false,"type":"Point","coordinates":[148.00500379405526,-41.67635607634712]},"id":"1161","properties":{}},{"type":"Feature","geometry":{"geodesic":false,"type":"Point","coordinates":[144.76028898781556,-41.32421648497227]},"id":"1162","properties":{"lossyear":20}},{"type":"Feature","geometry":{"geodesic":false,"type":"Point","coordinates":[147.13004470732284,-41.132875329454805]},"id":"1163","properties":{"lossyear":20}},{"type":"Feature","geometry":{"geodesic":false,"type":"Point","coordinates":[145.0441566175973,-41.52274416276268]},"id":"1164","properties":{"lossyear":20}},{"type":"Feature","geometry":{"geodesic":false,"type":"Point","coordinates":[144.87886660531933,-40.696294101372715]},"id":"1165","properties":{}},{"type":"Feature","geometry":{"geodesic":false,"type":"Point","coordinates":[144.73603447514432,-40.522020936253526]},"id":"1166","properties":{"lossyear":20}},{"type":"Feature","geometry":{"geodesic":false,"type":"Point","coordinates":[147.85857840274377,-41.16790962553547]},"id":"1167","properties":{"lossyear":20}},{"type":"Feature","geometry":{"geodesic":false,"type":"Point","coordinates":[147.95469813814458,-41.60538916890168]},"id":"1168","properties":{"lossyear":20}},{"type":"Feature","geometry":{"geodesic":false,"type":"Point","coordinates":[145.33521076965206,-41.87308712356929]},"id":"1169","properties":{}},{"type":"Feature","geometry":{"geodesic":false,"type":"Point","coordinates":[147.93852846303042,-41.58293128679868]},"id":"1170","properties":{"lossyear":20}},{"type":"Feature","geometry":{"geodesic":false,"type":"Point","coordinates":[146.7698202783909,-41.608982430038154]},"id":"1171","properties":{"lossyear":20}},{"type":"Feature","geometry":{"geodesic":false,"type":"Point","coordinates":[145.74753748506294,-41.80751010782856]},"id":"1172","properties":{"lossyear":20}},{"type":"Feature","geometry":{"geodesic":false,"type":"Point","coordinates":[145.4933142596571,-40.98195836172273]},"id":"1173","properties":{"lossyear":20}},{"type":"Feature","geometry":{"geodesic":false,"type":"Point","coordinates":[144.9040194332747,-40.72414187518042]},"id":"1174","properties":{"lossyear":20}},{"type":"Feature","geometry":{"geodesic":false,"type":"Point","coordinates":[147.88013796956267,-41.55328688242274]},"id":"1175","properties":{"lossyear":20}},{"type":"Feature","geometry":{"geodesic":false,"type":"Point","coordinates":[145.03607178004023,-41.499387965375576]},"id":"1176","properties":{"lossyear":4}},{"type":"Feature","geometry":{"geodesic":false,"type":"Point","coordinates":[144.91929079310472,-41.54160878372919]},"id":"1177","properties":{"lossyear":11}},{"type":"Feature","geometry":{"geodesic":false,"type":"Point","coordinates":[148.00320716348705,-41.71498363356426]},"id":"1178","properties":{"lossyear":20}},{"type":"Feature","geometry":{"geodesic":false,"type":"Point","coordinates":[147.77773002717305,-41.58652454793517]},"id":"1179","properties":{"lossyear":20}},{"type":"Feature","geometry":{"geodesic":false,"type":"Point","coordinates":[145.5894339950579,-42.76780914655234]},"id":"1180","properties":{}},{"type":"Feature","geometry":{"geodesic":false,"type":"Point","coordinates":[145.28400679845726,-42.474060048645256]},"id":"1181","properties":{"lossyear":20}},{"type":"Feature","geometry":{"geodesic":false,"type":"Point","coordinates":[145.3594652823233,-42.00064789391426]},"id":"1182","properties":{"lossyear":20}},{"type":"Feature","geometry":{"geodesic":false,"type":"Point","coordinates":[147.74988225336534,-41.108620816783585]},"id":"1183","properties":{"lossyear":20}},{"type":"Feature","geometry":{"geodesic":false,"type":"Point","coordinates":[145.2956848971508,-42.4812465709182]},"id":"1184","properties":{"lossyear":20}},{"type":"Feature","geometry":{"geodesic":false,"type":"Point","coordinates":[148.11549657400195,-41.67994933748359]},"id":"1185","properties":{"lossyear":20}},{"type":"Feature","geometry":{"geodesic":false,"type":"Point","coordinates":[145.5723660046596,-42.61240060239966]},"id":"1186","properties":{}},{"type":"Feature","geometry":{"geodesic":false,"type":"Point","coordinates":[147.7992895939919,-41.56676161168454]},"id":"1187","properties":{"lossyear":20}},{"type":"Feature","geometry":{"geodesic":false,"type":"Point","coordinates":[147.9681728674064,-42.13539518653219]},"id":"1188","properties":{"lossyear":19}},{"type":"Feature","geometry":{"geodesic":false,"type":"Point","coordinates":[144.7342378445761,-40.51483441398058]},"id":"1189","properties":{"lossyear":20}},{"type":"Feature","geometry":{"geodesic":false,"type":"Point","coordinates":[146.55602124077046,-42.38692346608566]},"id":"1190","properties":{"lossyear":20}},{"type":"Feature","geometry":{"geodesic":false,"type":"Point","coordinates":[148.1720904369015,-41.166112994967236]},"id":"1191","properties":{"lossyear":20}},{"type":"Feature","geometry":{"geodesic":false,"type":"Point","coordinates":[145.02169873549434,-41.48142165969318]},"id":"1192","properties":{}},{"type":"Feature","geometry":{"geodesic":false,"type":"Point","coordinates":[147.21718128988243,-41.88117196112637]},"id":"1193","properties":{"lossyear":20}},{"type":"Feature","geometry":{"geodesic":false,"type":"Point","coordinates":[147.77773002717305,-41.613474006458745]},"id":"1194","properties":{"lossyear":20}},{"type":"Feature","geometry":{"geodesic":false,"type":"Point","coordinates":[148.00410547877118,-41.71947520998485]},"id":"1195","properties":{"lossyear":20}},{"type":"Feature","geometry":{"geodesic":false,"type":"Point","coordinates":[145.03158020361968,-41.51016774878501]},"id":"1196","properties":{"lossyear":20}},{"type":"Feature","geometry":{"geodesic":false,"type":"Point","coordinates":[145.01720715907373,-41.52723573918328]},"id":"1197","properties":{"lossyear":20}},{"type":"Feature","geometry":{"geodesic":false,"type":"Point","coordinates":[146.71592136134376,-42.660011312457996]},"id":"1198","properties":{"lossyear":9}},{"type":"Feature","geometry":{"geodesic":false,"type":"Point","coordinates":[144.9228840542412,-41.538913837876834]},"id":"1199","properties":{"lossyear":20}},{"type":"Feature","geometry":{"geodesic":false,"type":"Point","coordinates":[148.09483532246725,-41.70150890430246]},"id":"1200","properties":{}},{"type":"Feature","geometry":{"geodesic":false,"type":"Point","coordinates":[145.6810621540381,-41.39428507713359]},"id":"1201","properties":{"lossyear":20}},{"type":"Feature","geometry":{"geodesic":false,"type":"Point","coordinates":[144.81328958957863,-41.46435366929491]},"id":"1202","properties":{"lossyear":20}},{"type":"Feature","geometry":{"geodesic":false,"type":"Point","coordinates":[148.05351281939772,-41.68354259862008]},"id":"1203","properties":{"lossyear":20}},{"type":"Feature","geometry":{"geodesic":false,"type":"Point","coordinates":[146.90456757100884,-42.757029363142905]},"id":"1204","properties":{"lossyear":20}},{"type":"Feature","geometry":{"geodesic":false,"type":"Point","coordinates":[147.14531606715292,-43.48556305856384]},"id":"1205","properties":{"lossyear":20}},{"type":"Feature","geometry":{"geodesic":false,"type":"Point","coordinates":[148.06878417922775,-41.716780264132495]},"id":"1206","properties":{"lossyear":20}},{"type":"Feature","geometry":{"geodesic":false,"type":"Point","coordinates":[148.12897130326377,-41.68174596805183]},"id":"1207","properties":{"lossyear":20}},{"type":"Feature","geometry":{"geodesic":false,"type":"Point","coordinates":[147.64567768040746,-41.05382358445229]},"id":"1208","properties":{}},{"type":"Feature","geometry":{"geodesic":false,"type":"Point","coordinates":[144.70459344020014,-40.958602164335616]},"id":"1209","properties":{"lossyear":19}},{"type":"Feature","geometry":{"geodesic":false,"type":"Point","coordinates":[145.75562232262,-41.453573885885476]},"id":"1210","properties":{"lossyear":20}},{"type":"Feature","geometry":{"geodesic":false,"type":"Point","coordinates":[145.5894339950579,-42.596230927285504]},"id":"1211","properties":{"lossyear":20}},{"type":"Feature","geometry":{"geodesic":false,"type":"Point","coordinates":[148.055309449966,-41.72306847112134]},"id":"1212","properties":{"lossyear":20}},{"type":"Feature","geometry":{"geodesic":false,"type":"Point","coordinates":[147.25401221653135,-42.211751985682355]},"id":"1213","properties":{}},{"type":"Feature","geometry":{"geodesic":false,"type":"Point","coordinates":[148.00320716348705,-41.71408531828014]},"id":"1214","properties":{"lossyear":20}},{"type":"Feature","geometry":{"geodesic":false,"type":"Point","coordinates":[144.77915360878205,-41.30535186400576]},"id":"1215","properties":{"lossyear":20}},{"type":"Feature","geometry":{"geodesic":false,"type":"Point","coordinates":[145.75023243091528,-41.81559494538564]},"id":"1216","properties":{"lossyear":20}},{"type":"Feature","geometry":{"geodesic":false,"type":"Point","coordinates":[147.93852846303042,-41.592812754924]},"id":"1217","properties":{}},{"type":"Feature","geometry":{"geodesic":false,"type":"Point","coordinates":[146.101473707006,-42.20276883284116]},"id":"1218","properties":{"lossyear":20}},{"type":"Feature","geometry":{"geodesic":false,"type":"Point","coordinates":[146.80754952032396,-43.085812757130654]},"id":"1219","properties":{"lossyear":20}},{"type":"Feature","geometry":{"geodesic":false,"type":"Point","coordinates":[147.77773002717305,-41.58742286321929]},"id":"1220","properties":{"lossyear":20}},{"type":"Feature","geometry":{"geodesic":false,"type":"Point","coordinates":[146.8039562591875,-43.085812757130654]},"id":"1221","properties":{"lossyear":20}},{"type":"Feature","geometry":{"geodesic":false,"type":"Point","coordinates":[147.61423664546328,-41.23438495656032]},"id":"1222","properties":{"lossyear":20}},{"type":"Feature","geometry":{"geodesic":false,"type":"Point","coordinates":[148.13525951025258,-41.17958772422902]},"id":"1223","properties":{}},{"type":"Feature","geometry":{"geodesic":false,"type":"Point","coordinates":[147.9133756350751,-41.62155884401582]},"id":"1224","properties":{"lossyear":20}},{"type":"Feature","geometry":{"geodesic":false,"type":"Point","coordinates":[148.06788586394362,-41.64850830253941]},"id":"1225","properties":{"lossyear":9}},{"type":"Feature","geometry":{"geodesic":false,"type":"Point","coordinates":[147.8486969346185,-43.09389759468772]},"id":"1226","properties":{"lossyear":20}},{"type":"Feature","geometry":{"geodesic":false,"type":"Point","coordinates":[147.86306997916438,-42.67079109586743]},"id":"1227","properties":{}},{"type":"Feature","geometry":{"geodesic":false,"type":"Point","coordinates":[147.90259585166564,-41.60359253833343]},"id":"1228","properties":{"lossyear":20}},{"type":"Feature","geometry":{"geodesic":false,"type":"Point","coordinates":[148.06698754865954,-41.71857689470073]},"id":"1229","properties":{"lossyear":20}},{"type":"Feature","geometry":{"geodesic":false,"type":"Point","coordinates":[146.6907685333884,-41.50837111821677]},"id":"1230","properties":{"lossyear":12}},{"type":"Feature","geometry":{"geodesic":false,"type":"Point","coordinates":[146.0448798441065,-42.51178929057828]},"id":"1231","properties":{"lossyear":20}},{"type":"Feature","geometry":{"geodesic":false,"type":"Point","coordinates":[144.90222280270643,-41.56765992696866]},"id":"1232","properties":{"lossyear":20}},{"type":"Feature","geometry":{"geodesic":false,"type":"Point","coordinates":[147.08333231254863,-41.087061249964705]},"id":"1233","properties":{"lossyear":20}},{"type":"Feature","geometry":{"geodesic":false,"type":"Point","coordinates":[144.9372570987871,-40.93704259751675]},"id":"1234","properties":{"lossyear":21}},{"type":"Feature","geometry":{"geodesic":false,"type":"Point","coordinates":[146.19130523541799,-41.69971227373422]},"id":"1235","properties":{"lossyear":20}},{"type":"Feature","geometry":{"geodesic":false,"type":"Point","coordinates":[146.10506696814247,-42.71750349064165]},"id":"1236","properties":{"lossyear":14}},{"type":"Feature","geometry":{"geodesic":false,"type":"Point","coordinates":[145.35317707533443,-42.43363586085988]},"id":"1237","properties":{"lossyear":20}},{"type":"Feature","geometry":{"geodesic":false,"type":"Point","coordinates":[147.93673183246221,-41.620660528731705]},"id":"1238","properties":{"lossyear":20}},{"type":"Feature","geometry":{"geodesic":false,"type":"Point","coordinates":[145.2867017443096,-42.487534777907044]},"id":"1239","properties":{"lossyear":20}},{"type":"Feature","geometry":{"geodesic":false,"type":"Point","coordinates":[147.99871558706644,-41.717678579416614]},"id":"1240","properties":{"lossyear":20}},{"type":"Feature","geometry":{"geodesic":false,"type":"Point","coordinates":[146.10686359871073,-41.22540180371912]},"id":"1241","properties":{"lossyear":12}},{"type":"Feature","geometry":{"geodesic":false,"type":"Point","coordinates":[144.80700138258976,-40.903804932004334]},"id":"1242","properties":{"lossyear":20}},{"type":"Feature","geometry":{"geodesic":false,"type":"Point","coordinates":[148.19454831900447,-41.121197230761254]},"id":"1243","properties":{}},{"type":"Feature","geometry":{"geodesic":false,"type":"Point","coordinates":[147.85229019575496,-41.58562623265105]},"id":"1244","properties":{}},{"type":"Feature","geometry":{"geodesic":false,"type":"Point","coordinates":[147.08333231254863,-41.95124055328769]},"id":"1245","properties":{"lossyear":20}},{"type":"Feature","geometry":{"geodesic":false,"type":"Point","coordinates":[146.16076251575788,-42.77948724524589]},"id":"1246","properties":{"lossyear":20}},{"type":"Feature","geometry":{"geodesic":false,"type":"Point","coordinates":[146.33234073502473,-42.25307448875185]},"id":"1247","properties":{"lossyear":20}},{"type":"Feature","geometry":{"geodesic":false,"type":"Point","coordinates":[145.29837984300315,-42.443517328985195]},"id":"1248","properties":{"lossyear":20}},{"type":"Feature","geometry":{"geodesic":false,"type":"Point","coordinates":[147.86127334859617,-41.54520204486566]},"id":"1249","properties":{}},{"type":"Feature","geometry":{"geodesic":false,"type":"Point","coordinates":[146.5470380879293,-42.455195427678746]},"id":"1250","properties":{"lossyear":20}},{"type":"Feature","geometry":{"geodesic":false,"type":"Point","coordinates":[147.76245866734303,-42.820809748315384]},"id":"1251","properties":{"lossyear":20}},{"type":"Feature","geometry":{"geodesic":false,"type":"Point","coordinates":[146.1104568598472,-42.72738495876696]},"id":"1252","properties":{"lossyear":20}},{"type":"Feature","geometry":{"geodesic":false,"type":"Point","coordinates":[145.3001764735714,-41.93237593232118]},"id":"1253","properties":{"lossyear":20}},{"type":"Feature","geometry":{"geodesic":false,"type":"Point","coordinates":[146.81563435788104,-43.49993610310975]},"id":"1254","properties":{"lossyear":20}},{"type":"Feature","geometry":{"geodesic":false,"type":"Point","coordinates":[145.68465541517457,-42.738164742176394]},"id":"1255","properties":{"lossyear":20}},{"type":"Feature","geometry":{"geodesic":false,"type":"Point","coordinates":[146.14818610178025,-41.299961972301034]},"id":"1256","properties":{"lossyear":20}},{"type":"Feature","geometry":{"geodesic":false,"type":"Point","coordinates":[145.75023243091528,-41.794035378566775]},"id":"1257","properties":{"lossyear":20}},{"type":"Feature","geometry":{"geodesic":false,"type":"Point","coordinates":[144.9929526464025,-41.4823199749773]},"id":"1258","properties":{"lossyear":20}},{"type":"Feature","geometry":{"geodesic":false,"type":"Point","coordinates":[147.92595204905274,-41.88117196112637]},"id":"1259","properties":{"lossyear":20}},{"type":"Feature","geometry":{"geodesic":false,"type":"Point","coordinates":[145.28131185260492,-42.474060048645256]},"id":"1260","properties":{"lossyear":20}},{"type":"Feature","geometry":{"geodesic":false,"type":"Point","coordinates":[148.03015662201062,-41.67455944577888]},"id":"1261","properties":{"lossyear":20}},{"type":"Feature","geometry":{"geodesic":false,"type":"Point","coordinates":[148.01758020803294,-42.122818772554524]},"id":"1262","properties":{"lossyear":20}},{"type":"Feature","geometry":{"geodesic":false,"type":"Point","coordinates":[145.00552906038018,-41.511964379353245]},"id":"1263","properties":{"lossyear":20}},{"type":"Feature","geometry":{"geodesic":false,"type":"Point","coordinates":[148.06519091809128,-41.70240721958659]},"id":"1264","properties":{"lossyear":20}},{"type":"Feature","geometry":{"geodesic":false,"type":"Point","coordinates":[146.80305794390335,-43.49813947254151]},"id":"1265","properties":{"lossyear":20}},{"type":"Feature","geometry":{"geodesic":false,"type":"Point","coordinates":[144.8779682900352,-40.6864126332474]},"id":"1266","properties":{"lossyear":6}},{"type":"Feature","geometry":{"geodesic":false,"type":"Point","coordinates":[145.55978959068193,-42.590841035580794]},"id":"1267","properties":{"lossyear":20}},{"type":"Feature","geometry":{"geodesic":false,"type":"Point","coordinates":[147.91068068922272,-41.55867677412746]},"id":"1268","properties":{"lossyear":20}},{"type":"Feature","geometry":{"geodesic":false,"type":"Point","coordinates":[147.2234694968713,-41.299961972301034]},"id":"1269","properties":{"lossyear":20}},{"type":"Feature","geometry":{"geodesic":false,"type":"Point","coordinates":[146.9530765963513,-41.42123453565718]},"id":"1270","properties":{}},{"type":"Feature","geometry":{"geodesic":false,"type":"Point","coordinates":[147.02045024266027,-42.582756198023716]},"id":"1271","properties":{"lossyear":20}},{"type":"Feature","geometry":{"geodesic":false,"type":"Point","coordinates":[144.78005192406619,-41.31074175571047]},"id":"1272","properties":{"lossyear":20}},{"type":"Feature","geometry":{"geodesic":false,"type":"Point","coordinates":[148.02746167615828,-41.709593741859535]},"id":"1273","properties":{"lossyear":20}},{"type":"Feature","geometry":{"geodesic":false,"type":"Point","coordinates":[145.77538525887064,-41.14814668928484]},"id":"1274","properties":{"lossyear":1}},{"type":"Feature","geometry":{"geodesic":false,"type":"Point","coordinates":[147.14351943658465,-43.48376642799559]},"id":"1275","properties":{}},{"type":"Feature","geometry":{"geodesic":false,"type":"Point","coordinates":[146.57308923116875,-41.639525149698216]},"id":"1276","properties":{"lossyear":20}},{"type":"Feature","geometry":{"geodesic":false,"type":"Point","coordinates":[147.02224687322854,-42.603417449558464]},"id":"1277","properties":{"lossyear":20}},{"type":"Feature","geometry":{"geodesic":false,"type":"Point","coordinates":[145.75472400733588,-41.37811540201943]},"id":"1278","properties":{"lossyear":20}},{"type":"Feature","geometry":{"geodesic":false,"type":"Point","coordinates":[148.02746167615828,-41.635033573277624]},"id":"1279","properties":{}},{"type":"Feature","geometry":{"geodesic":false,"type":"Point","coordinates":[147.81905253024252,-41.57304981867337]},"id":"1280","properties":{"lossyear":20}},{"type":"Feature","geometry":{"geodesic":false,"type":"Point","coordinates":[144.90222280270643,-40.723243559896304]},"id":"1281","properties":{"lossyear":20}},{"type":"Feature","geometry":{"geodesic":false,"type":"Point","coordinates":[144.93815541407122,-41.54250709901331]},"id":"1282","properties":{"lossyear":20}},{"type":"Feature","geometry":{"geodesic":false,"type":"Point","coordinates":[147.87564639314206,-41.99076642578895]},"id":"1283","properties":{"lossyear":20}},{"type":"Feature","geometry":{"geodesic":false,"type":"Point","coordinates":[147.04560307061564,-42.58095956745548]},"id":"1284","properties":{"lossyear":20}},{"type":"Feature","geometry":{"geodesic":false,"type":"Point","coordinates":[145.3082613111285,-42.01232599260781]},"id":"1285","properties":{}},{"type":"Feature","geometry":{"geodesic":false,"type":"Point","coordinates":[147.83791715120907,-41.61796558287935]},"id":"1286","properties":{"lossyear":20}},{"type":"Feature","geometry":{"geodesic":false,"type":"Point","coordinates":[148.02746167615828,-41.69971227373422]},"id":"1287","properties":{"lossyear":20}},{"type":"Feature","geometry":{"geodesic":false,"type":"Point","coordinates":[146.44552846082377,-42.673486041719784]},"id":"1288","properties":{}},{"type":"Feature","geometry":{"geodesic":false,"type":"Point","coordinates":[147.41301402182052,-42.3195498197767]},"id":"1289","properties":{}},{"type":"Feature","geometry":{"geodesic":false,"type":"Point","coordinates":[145.2040567381706,-40.90470324728845]},"id":"1290","properties":{"lossyear":20}},{"type":"Feature","geometry":{"geodesic":false,"type":"Point","coordinates":[147.61872822188388,-41.23528327184444]},"id":"1291","properties":{"lossyear":20}},{"type":"Feature","geometry":{"geodesic":false,"type":"Point","coordinates":[146.11854169740428,-42.72109675177812]},"id":"1292","properties":{"lossyear":20}},{"type":"Feature","geometry":{"geodesic":false,"type":"Point","coordinates":[144.93815541407122,-41.54879530600215]},"id":"1293","properties":{}},{"type":"Feature","geometry":{"geodesic":false,"type":"Point","coordinates":[145.34509223777735,-42.00064789391426]},"id":"1294","properties":{"lossyear":20}},{"type":"Feature","geometry":{"geodesic":false,"type":"Point","coordinates":[144.7746620323615,-41.31523333213107]},"id":"1295","properties":{}},{"type":"Feature","geometry":{"geodesic":false,"type":"Point","coordinates":[147.86756155558498,-42.07790300834854]},"id":"1296","properties":{"lossyear":20}},{"type":"Feature","geometry":{"geodesic":false,"type":"Point","coordinates":[147.9403250935987,-42.11922551141804]},"id":"1297","properties":{}},{"type":"Feature","geometry":{"geodesic":false,"type":"Point","coordinates":[144.80610306730568,-41.0178909730875]},"id":"1298","properties":{"lossyear":20}},{"type":"Feature","geometry":{"geodesic":false,"type":"Point","coordinates":[145.68645204574278,-42.73906305746051]},"id":"1299","properties":{"lossyear":20}},{"type":"Feature","geometry":{"geodesic":false,"type":"Point","coordinates":[145.3316175085156,-42.006037785618986]},"id":"1300","properties":{"lossyear":21}},{"type":"Feature","geometry":{"geodesic":false,"type":"Point","coordinates":[145.00463074509605,-41.52543910861503]},"id":"1301","properties":{"lossyear":20}},{"type":"Feature","geometry":{"geodesic":false,"type":"Point","coordinates":[145.86791173313492,-41.531727315603874]},"id":"1302","properties":{"lossyear":20}},{"type":"Feature","geometry":{"geodesic":false,"type":"Point","coordinates":[145.02439368134668,-41.54699867543391]},"id":"1303","properties":{"lossyear":20}},{"type":"Feature","geometry":{"geodesic":false,"type":"Point","coordinates":[147.02853508021735,-42.56119663120485]},"id":"1304","properties":{"lossyear":20}},{"type":"Feature","geometry":{"geodesic":false,"type":"Point","coordinates":[146.42576552457314,-43.45322370833553]},"id":"1305","properties":{}},{"type":"Feature","geometry":{"geodesic":false,"type":"Point","coordinates":[146.80215962861922,-43.49903778782563]},"id":"1306","properties":{"lossyear":20}},{"type":"Feature","geometry":{"geodesic":false,"type":"Point","coordinates":[145.33521076965206,-41.92788435590059]},"id":"1307","properties":{"lossyear":20}},{"type":"Feature","geometry":{"geodesic":false,"type":"Point","coordinates":[147.91696889621159,-41.60988074532227]},"id":"1308","properties":{}},{"type":"Feature","geometry":{"geodesic":false,"type":"Point","coordinates":[144.76388224895203,-41.313436701562836]},"id":"1309","properties":{"lossyear":20}},{"type":"Feature","geometry":{"geodesic":false,"type":"Point","coordinates":[145.75831726847235,-41.81739157595388]},"id":"1310","properties":{"lossyear":20}},{"type":"Feature","geometry":{"geodesic":false,"type":"Point","coordinates":[144.99654590753897,-41.49579470423909]},"id":"1311","properties":{"lossyear":20}},{"type":"Feature","geometry":{"geodesic":false,"type":"Point","coordinates":[147.26748694579317,-41.151739950421316]},"id":"1312","properties":{"lossyear":19}},{"type":"Feature","geometry":{"geodesic":false,"type":"Point","coordinates":[145.23010788141005,-41.73205162396253]},"id":"1313","properties":{"lossyear":20}},{"type":"Feature","geometry":{"geodesic":false,"type":"Point","coordinates":[144.90042617213822,-40.70168399307744]},"id":"1314","properties":{"lossyear":20}},{"type":"Feature","geometry":{"geodesic":false,"type":"Point","coordinates":[145.0279869424832,-41.52543910861503]},"id":"1315","properties":{"lossyear":20}},{"type":"Feature","geometry":{"geodesic":false,"type":"Point","coordinates":[147.39684434670636,-41.082569673544114]},"id":"1316","properties":{}},{"type":"Feature","geometry":{"geodesic":false,"type":"Point","coordinates":[147.61244001489507,-41.364640672757645]},"id":"1317","properties":{}},{"type":"Feature","geometry":{"geodesic":false,"type":"Point","coordinates":[147.83701883592494,-41.589219493787525]},"id":"1318","properties":{"lossyear":20}},{"type":"Feature","geometry":{"geodesic":false,"type":"Point","coordinates":[148.3149225670765,-41.00890782024631]},"id":"1319","properties":{"lossyear":20}},{"type":"Feature","geometry":{"geodesic":false,"type":"Point","coordinates":[148.04363135127244,-41.64491504140294]},"id":"1320","properties":{"lossyear":20}},{"type":"Feature","geometry":{"geodesic":false,"type":"Point","coordinates":[146.71502304605963,-42.65911299717388]},"id":"1321","properties":{"lossyear":20}},{"type":"Feature","geometry":{"geodesic":false,"type":"Point","coordinates":[144.98127454770895,-41.71408531828014]},"id":"1322","properties":{}},{"type":"Feature","geometry":{"geodesic":false,"type":"Point","coordinates":[145.77897852000712,-41.7859505410097]},"id":"1323","properties":{}},{"type":"Feature","geometry":{"geodesic":false,"type":"Point","coordinates":[146.7275994600373,-42.70043550024337]},"id":"1324","properties":{"lossyear":20}},{"type":"Feature","geometry":{"geodesic":false,"type":"Point","coordinates":[146.89468610288355,-42.80464007320124]},"id":"1325","properties":{"lossyear":20}},{"type":"Feature","geometry":{"geodesic":false,"type":"Point","coordinates":[147.15879079641468,-42.27283742500248]},"id":"1326","properties":{"lossyear":20}},{"type":"Feature","geometry":{"geodesic":false,"type":"Point","coordinates":[147.7301193171147,-42.30966835165138]},"id":"1327","properties":{}},{"type":"Feature","geometry":{"geodesic":false,"type":"Point","coordinates":[146.371866607526,-41.47243850685199]},"id":"1328","properties":{"lossyear":20}},{"type":"Feature","geometry":{"geodesic":false,"type":"Point","coordinates":[148.1208864657067,-41.106824186215334]},"id":"1329","properties":{"lossyear":20}},{"type":"Feature","geometry":{"geodesic":false,"type":"Point","coordinates":[148.1388527713891,-41.184079300649614]},"id":"1330","properties":{"lossyear":20}},{"type":"Feature","geometry":{"geodesic":false,"type":"Point","coordinates":[147.71844121842116,-41.414946328668336]},"id":"1331","properties":{"lossyear":20}},{"type":"Feature","geometry":{"geodesic":false,"type":"Point","coordinates":[146.8129394120287,-43.44064729435786]},"id":"1332","properties":{"lossyear":20}},{"type":"Feature","geometry":{"geodesic":false,"type":"Point","coordinates":[145.03158020361968,-41.543405414297425]},"id":"1333","properties":{"lossyear":20}},{"type":"Feature","geometry":{"geodesic":false,"type":"Point","coordinates":[147.9376301477463,-43.18193249253143]},"id":"1334","properties":{"lossyear":20}},{"type":"Feature","geometry":{"geodesic":false,"type":"Point","coordinates":[145.34599055306148,-42.455195427678746]},"id":"1335","properties":{"lossyear":20}},{"type":"Feature","geometry":{"geodesic":false,"type":"Point","coordinates":[144.91210427083178,-40.716057037623344]},"id":"1336","properties":{"lossyear":20}},{"type":"Feature","geometry":{"geodesic":false,"type":"Point","coordinates":[145.25975228578602,-41.750916244929044]},"id":"1337","properties":{"lossyear":20}},{"type":"Feature","geometry":{"geodesic":false,"type":"Point","coordinates":[146.6440561386142,-42.24768459704714]},"id":"1338","properties":{"lossyear":20}},{"type":"Feature","geometry":{"geodesic":false,"type":"Point","coordinates":[147.90079922109743,-41.592812754924]},"id":"1339","properties":{"lossyear":20}},{"type":"Feature","geometry":{"geodesic":false,"type":"Point","coordinates":[147.9088840586545,-41.47693008327258]},"id":"1340","properties":{}},{"type":"Feature","geometry":{"geodesic":false,"type":"Point","coordinates":[145.75562232262,-41.787747171577934]},"id":"1341","properties":{"lossyear":20}},{"type":"Feature","geometry":{"geodesic":false,"type":"Point","coordinates":[144.9130025861159,-40.68192105682681]},"id":"1342","properties":{"lossyear":20}},{"type":"Feature","geometry":{"geodesic":false,"type":"Point","coordinates":[147.5172185947784,-42.43812743728047]},"id":"1343","properties":{}},{"type":"Feature","geometry":{"geodesic":false,"type":"Point","coordinates":[144.90491774855883,-40.698090731940965]},"id":"1344","properties":{"lossyear":20}},{"type":"Feature","geometry":{"geodesic":false,"type":"Point","coordinates":[145.02708862719908,-41.4913031278185]},"id":"1345","properties":{"lossyear":20}},{"type":"Feature","geometry":{"geodesic":false,"type":"Point","coordinates":[145.3334141390838,-41.928782671184706]},"id":"1346","properties":{}},{"type":"Feature","geometry":{"geodesic":false,"type":"Point","coordinates":[144.7845435004868,-40.504952945855266]},"id":"1347","properties":{"lossyear":19}},{"type":"Feature","geometry":{"geodesic":false,"type":"Point","coordinates":[147.90079922109743,-41.56855824225278]},"id":"1348","properties":{"lossyear":20}},{"type":"Feature","geometry":{"geodesic":false,"type":"Point","coordinates":[145.3127528875491,-42.0159192537443]},"id":"1349","properties":{"lossyear":20}},{"type":"Feature","geometry":{"geodesic":false,"type":"Point","coordinates":[147.89900259052916,-41.5838296020828]},"id":"1350","properties":{"lossyear":20}},{"type":"Feature","geometry":{"geodesic":false,"type":"Point","coordinates":[145.30107478885554,-42.01052936203958]},"id":"1351","properties":{"lossyear":20}},{"type":"Feature","geometry":{"geodesic":false,"type":"Point","coordinates":[147.80198453984428,-41.570354872821014]},"id":"1352","properties":{"lossyear":20}},{"type":"Feature","geometry":{"geodesic":false,"type":"Point","coordinates":[148.03105493729475,-41.6431184108347]},"id":"1353","properties":{"lossyear":20}},{"type":"Feature","geometry":{"geodesic":false,"type":"Point","coordinates":[146.10237202229013,-42.20905703983]},"id":"1354","properties":{"lossyear":20}},{"type":"Feature","geometry":{"geodesic":false,"type":"Point","coordinates":[147.84330704291375,-40.90739819314081]},"id":"1355","properties":{"lossyear":20}},{"type":"Feature","geometry":{"geodesic":false,"type":"Point","coordinates":[145.58134915750082,-41.473336822136105]},"id":"1356","properties":{"lossyear":20}},{"type":"Feature","geometry":{"geodesic":false,"type":"Point","coordinates":[145.30466804999202,-42.45070385125814]},"id":"1357","properties":{"lossyear":20}},{"type":"Feature","geometry":{"geodesic":false,"type":"Point","coordinates":[145.57056937409135,-42.749842840869945]},"id":"1358","properties":{}},{"type":"Feature","geometry":{"geodesic":false,"type":"Point","coordinates":[145.22651462027358,-41.755407821349635]},"id":"1359","properties":{"lossyear":20}},{"type":"Feature","geometry":{"geodesic":false,"type":"Point","coordinates":[145.9343870641598,-41.37811540201943]},"id":"1360","properties":{"lossyear":20}},{"type":"Feature","geometry":{"geodesic":false,"type":"Point","coordinates":[145.30646468056023,-42.02130914544901]},"id":"1361","properties":{"lossyear":20}},{"type":"Feature","geometry":{"geodesic":false,"type":"Point","coordinates":[147.89900259052916,-41.61167737589051]},"id":"1362","properties":{"lossyear":20}},{"type":"Feature","geometry":{"geodesic":false,"type":"Point","coordinates":[147.69688165160227,-41.166112994967236]},"id":"1363","properties":{"lossyear":20}},{"type":"Feature","geometry":{"geodesic":false,"type":"Point","coordinates":[144.74322099741727,-41.32062322383578]},"id":"1364","properties":{"lossyear":20}},{"type":"Feature","geometry":{"geodesic":false,"type":"Point","coordinates":[147.5827956105191,-41.34847099764349]},"id":"1365","properties":{"lossyear":20}},{"type":"Feature","geometry":{"geodesic":false,"type":"Point","coordinates":[145.33071919323146,-42.00334283976662]},"id":"1366","properties":{"lossyear":20}},{"type":"Feature","geometry":{"geodesic":false,"type":"Point","coordinates":[145.29478658186667,-42.46597521108818]},"id":"1367","properties":{}},{"type":"Feature","geometry":{"geodesic":false,"type":"Point","coordinates":[145.66040090250334,-41.50657448764852]},"id":"1368","properties":{}},{"type":"Feature","geometry":{"geodesic":false,"type":"Point","coordinates":[146.05026973581118,-42.50550108358944]},"id":"1369","properties":{"lossyear":20}},{"type":"Feature","geometry":{"geodesic":false,"type":"Point","coordinates":[146.6018353202606,-42.21354861625059]},"id":"1370","properties":{"lossyear":20}},{"type":"Feature","geometry":{"geodesic":false,"type":"Point","coordinates":[148.01578357746473,-41.70689879600718]},"id":"1371","properties":{"lossyear":20}},{"type":"Feature","geometry":{"geodesic":false,"type":"Point","coordinates":[146.46708802764266,-42.67528267228802]},"id":"1372","properties":{"lossyear":20}},{"type":"Feature","geometry":{"geodesic":false,"type":"Point","coordinates":[147.80917106211723,-41.58652454793517]},"id":"1373","properties":{"lossyear":20}},{"type":"Feature","geometry":{"geodesic":false,"type":"Point","coordinates":[144.75130583497435,-41.330504691961096]},"id":"1374","properties":{"lossyear":20}},{"type":"Feature","geometry":{"geodesic":false,"type":"Point","coordinates":[145.8149111313719,-41.409556436963626]},"id":"1375","properties":{"lossyear":20}},{"type":"Feature","geometry":{"geodesic":false,"type":"Point","coordinates":[146.79856636748275,-43.43974897907374]},"id":"1376","properties":{"lossyear":20}},{"type":"Feature","geometry":{"geodesic":false,"type":"Point","coordinates":[147.97805433553168,-41.690729120893025]},"id":"1377","properties":{"lossyear":20}},{"type":"Feature","geometry":{"geodesic":false,"type":"Point","coordinates":[146.56500439361167,-41.64132178026645]},"id":"1378","properties":{"lossyear":20}},{"type":"Feature","geometry":{"geodesic":false,"type":"Point","coordinates":[145.27143038447957,-41.75001792964491]},"id":"1379","properties":{"lossyear":20}},{"type":"Feature","geometry":{"geodesic":false,"type":"Point","coordinates":[148.03644482899944,-41.72217015583722]},"id":"1380","properties":{"lossyear":20}},{"type":"Feature","geometry":{"geodesic":false,"type":"Point","coordinates":[145.30376973470788,-42.443517328985195]},"id":"1381","properties":{"lossyear":20}},{"type":"Feature","geometry":{"geodesic":false,"type":"Point","coordinates":[146.78598995350507,-42.7525377867223]},"id":"1382","properties":{"lossyear":20}},{"type":"Feature","geometry":{"geodesic":false,"type":"Point","coordinates":[146.24610246774927,-42.146174969941626]},"id":"1383","properties":{"lossyear":20}},{"type":"Feature","geometry":{"geodesic":false,"type":"Point","coordinates":[146.05835457336826,-42.704927076663964]},"id":"1384","properties":{"lossyear":20}},{"type":"Feature","geometry":{"geodesic":false,"type":"Point","coordinates":[145.84186058989548,-41.370030564462354]},"id":"1385","properties":{"lossyear":20}},{"type":"Feature","geometry":{"geodesic":false,"type":"Point","coordinates":[147.7894081258666,-41.5838296020828]},"id":"1386","properties":{"lossyear":20}},{"type":"Feature","geometry":{"geodesic":false,"type":"Point","coordinates":[147.7678485590477,-43.179237546679076]},"id":"1387","properties":{"lossyear":20}},{"type":"Feature","geometry":{"geodesic":false,"type":"Point","coordinates":[146.37276492281012,-41.46974356099963]},"id":"1388","properties":{"lossyear":20}},{"type":"Feature","geometry":{"geodesic":false,"type":"Point","coordinates":[145.75831726847235,-41.80391684669209]},"id":"1389","properties":{"lossyear":20}},{"type":"Feature","geometry":{"geodesic":false,"type":"Point","coordinates":[145.26244723163836,-42.47046678750877]},"id":"1390","properties":{}},{"type":"Feature","geometry":{"geodesic":false,"type":"Point","coordinates":[145.68914699159512,-42.74175800331287]},"id":"1391","properties":{"lossyear":20}},{"type":"Feature","geometry":{"geodesic":false,"type":"Point","coordinates":[146.1338130572343,-42.75163947143818]},"id":"1392","properties":{"lossyear":20}},{"type":"Feature","geometry":{"geodesic":false,"type":"Point","coordinates":[144.80969632844216,-41.45806546230608]},"id":"1393","properties":{"lossyear":20}},{"type":"Feature","geometry":{"geodesic":false,"type":"Point","coordinates":[145.9128274973409,-41.33948784480229]},"id":"1394","properties":{"lossyear":20}},{"type":"Feature","geometry":{"geodesic":false,"type":"Point","coordinates":[145.32622761681085,-42.44980553597402]},"id":"1395","properties":{"lossyear":20}},{"type":"Feature","geometry":{"geodesic":false,"type":"Point","coordinates":[148.00500379405526,-41.63593188856174]},"id":"1396","properties":{"lossyear":20}},{"type":"Feature","geometry":{"geodesic":false,"type":"Point","coordinates":[147.9681728674064,-42.146174969941626]},"id":"1397","properties":{"lossyear":20}},{"type":"Feature","geometry":{"geodesic":false,"type":"Point","coordinates":[147.90708742808624,-41.59999927719696]},"id":"1398","properties":{"lossyear":20}},{"type":"Feature","geometry":{"geodesic":false,"type":"Point","coordinates":[147.8253407372314,-41.58023634094633]},"id":"1399","properties":{"lossyear":20}},{"type":"Feature","geometry":{"geodesic":false,"type":"Point","coordinates":[147.77413676603658,-41.58113465623045]},"id":"1400","properties":{"lossyear":20}},{"type":"Feature","geometry":{"geodesic":false,"type":"Point","coordinates":[147.29533471960087,-41.19216413820669]},"id":"1401","properties":{"lossyear":5}},{"type":"Feature","geometry":{"geodesic":false,"type":"Point","coordinates":[148.28797310855293,-41.38260697844004]},"id":"1402","properties":{"lossyear":20}},{"type":"Feature","geometry":{"geodesic":false,"type":"Point","coordinates":[144.93096889179827,-40.678327795690336]},"id":"1403","properties":{}},{"type":"Feature","geometry":{"geodesic":false,"type":"Point","coordinates":[147.86756155558498,-41.87039217771694]},"id":"1404","properties":{}},{"type":"Feature","geometry":{"geodesic":false,"type":"Point","coordinates":[146.6934634792408,-41.46704861514726]},"id":"1405","properties":{}},{"type":"Feature","geometry":{"geodesic":false,"type":"Point","coordinates":[145.02439368134668,-41.51016774878501]},"id":"1406","properties":{"lossyear":20}},{"type":"Feature","geometry":{"geodesic":false,"type":"Point","coordinates":[144.9489351974807,-41.54520204486566]},"id":"1407","properties":{"lossyear":20}},{"type":"Feature","geometry":{"geodesic":false,"type":"Point","coordinates":[148.00500379405526,-41.6844409139042]},"id":"1408","properties":{"lossyear":20}},{"type":"Feature","geometry":{"geodesic":false,"type":"Point","coordinates":[147.83342557478846,-41.56137171997982]},"id":"1409","properties":{"lossyear":20}},{"type":"Feature","geometry":{"geodesic":false,"type":"Point","coordinates":[146.4185790023002,-42.10575078215625]},"id":"1410","properties":{"lossyear":21}},{"type":"Feature","geometry":{"geodesic":false,"type":"Point","coordinates":[145.0163088437896,-41.54430372958154]},"id":"1411","properties":{"lossyear":20}},{"type":"Feature","geometry":{"geodesic":false,"type":"Point","coordinates":[146.83449897884753,-43.488258004416195]},"id":"1412","properties":{"lossyear":20}},{"type":"Feature","geometry":{"geodesic":false,"type":"Point","coordinates":[148.08136059320543,-41.14365511286424]},"id":"1413","properties":{}},{"type":"Feature","geometry":{"geodesic":false,"type":"Point","coordinates":[147.8765447084262,-41.57304981867337]},"id":"1414","properties":{"lossyear":20}},{"type":"Feature","geometry":{"geodesic":false,"type":"Point","coordinates":[148.06069934167067,-41.689830805608906]},"id":"1415","properties":{"lossyear":20}},{"type":"Feature","geometry":{"geodesic":false,"type":"Point","coordinates":[147.8909177529721,-41.589219493787525]},"id":"1416","properties":{}},{"type":"Feature","geometry":{"geodesic":false,"type":"Point","coordinates":[147.04739970118385,-42.0482586039726]},"id":"1417","properties":{"lossyear":20}},{"type":"Feature","geometry":{"geodesic":false,"type":"Point","coordinates":[146.85156696924582,-43.08940601826713]},"id":"1418","properties":{"lossyear":20}},{"type":"Feature","geometry":{"geodesic":false,"type":"Point","coordinates":[145.02619031191495,-41.487709866682025]},"id":"1419","properties":{"lossyear":4}},{"type":"Feature","geometry":{"geodesic":false,"type":"Point","coordinates":[148.00949537047586,-41.66377966236945]},"id":"1420","properties":{}},{"type":"Feature","geometry":{"geodesic":false,"type":"Point","coordinates":[146.43564699269848,-41.45806546230608]},"id":"1421","properties":{"lossyear":20}},{"type":"Feature","geometry":{"geodesic":false,"type":"Point","coordinates":[147.78671318001426,-41.615270637026995]},"id":"1422","properties":{"lossyear":20}},{"type":"Feature","geometry":{"geodesic":false,"type":"Point","coordinates":[146.66651402071722,-41.47243850685199]},"id":"1423","properties":{"lossyear":20}},{"type":"Feature","geometry":{"geodesic":false,"type":"Point","coordinates":[147.96457960626992,-41.58023634094633]},"id":"1424","properties":{"lossyear":20}},{"type":"Feature","geometry":{"geodesic":false,"type":"Point","coordinates":[147.75617046035416,-41.048433692747565]},"id":"1425","properties":{"lossyear":20}},{"type":"Feature","geometry":{"geodesic":false,"type":"Point","coordinates":[147.79300138700307,-41.59820264662872]},"id":"1426","properties":{"lossyear":20}},{"type":"Feature","geometry":{"geodesic":false,"type":"Point","coordinates":[146.838092239984,-41.44369241776016]},"id":"1427","properties":{"lossyear":20}},{"type":"Feature","geometry":{"geodesic":false,"type":"Point","coordinates":[147.9043924822339,-41.616168952311114]},"id":"1428","properties":{"lossyear":20}},{"type":"Feature","geometry":{"geodesic":false,"type":"Point","coordinates":[145.26604049277483,-41.75271287549728]},"id":"1429","properties":{}},{"type":"Feature","geometry":{"geodesic":false,"type":"Point","coordinates":[144.92827394594593,-40.67473453455385]},"id":"1430","properties":{}},{"type":"Feature","geometry":{"geodesic":false,"type":"Point","coordinates":[145.55080643784072,-42.74445294916522]},"id":"1431","properties":{"lossyear":19}},{"type":"Feature","geometry":{"geodesic":false,"type":"Point","coordinates":[147.8316289442202,-41.56496498111629]},"id":"1432","properties":{"lossyear":20}},{"type":"Feature","geometry":{"geodesic":false,"type":"Point","coordinates":[146.4365453079826,-41.46525198457903]},"id":"1433","properties":{"lossyear":20}},{"type":"Feature","geometry":{"geodesic":false,"type":"Point","coordinates":[145.27322701504784,-42.49202635432765]},"id":"1434","properties":{"lossyear":20}},{"type":"Feature","geometry":{"geodesic":false,"type":"Point","coordinates":[145.26604049277483,-41.750916244929044]},"id":"1435","properties":{"lossyear":20}},{"type":"Feature","geometry":{"geodesic":false,"type":"Point","coordinates":[145.61638345358148,-42.64024837620737]},"id":"1436","properties":{"lossyear":20}},{"type":"Feature","geometry":{"geodesic":false,"type":"Point","coordinates":[144.95432508918537,-41.69522069731363]},"id":"1437","properties":{"lossyear":21}},{"type":"Feature","geometry":{"geodesic":false,"type":"Point","coordinates":[148.00680042462352,-41.705102165438944]},"id":"1438","properties":{"lossyear":20}},{"type":"Feature","geometry":{"geodesic":false,"type":"Point","coordinates":[147.77503508132065,-41.61167737589051]},"id":"1439","properties":{"lossyear":20}},{"type":"Feature","geometry":{"geodesic":false,"type":"Point","coordinates":[147.6744237694993,-41.710492057143654]},"id":"1440","properties":{}},{"type":"Feature","geometry":{"geodesic":false,"type":"Point","coordinates":[148.01398694689647,-41.690729120893025]},"id":"1441","properties":{"lossyear":20}},{"type":"Feature","geometry":{"geodesic":false,"type":"Point","coordinates":[145.6100952465926,-42.63216353865029]},"id":"1442","properties":{"lossyear":20}},{"type":"Feature","geometry":{"geodesic":false,"type":"Point","coordinates":[146.08530403189184,-42.67618098757214]},"id":"1443","properties":{"lossyear":20}},{"type":"Feature","geometry":{"geodesic":false,"type":"Point","coordinates":[147.08782388896924,-41.44099747190781]},"id":"1444","properties":{"lossyear":20}},{"type":"Feature","geometry":{"geodesic":false,"type":"Point","coordinates":[145.30287141942375,-42.429144284439275]},"id":"1445","properties":{"lossyear":20}},{"type":"Feature","geometry":{"geodesic":false,"type":"Point","coordinates":[146.146389471212,-42.80194512734887]},"id":"1446","properties":{"lossyear":20}},{"type":"Feature","geometry":{"geodesic":false,"type":"Point","coordinates":[147.02404350379675,-42.603417449558464]},"id":"1447","properties":{"lossyear":20}},{"type":"Feature","geometry":{"geodesic":false,"type":"Point","coordinates":[144.90940932497938,-40.66754801228089]},"id":"1448","properties":{"lossyear":20}},{"type":"Feature","geometry":{"geodesic":false,"type":"Point","coordinates":[146.72041293776437,-42.668096150015074]},"id":"1449","properties":{"lossyear":21}},{"type":"Feature","geometry":{"geodesic":false,"type":"Point","coordinates":[146.49942737787097,-41.4913031278185]},"id":"1450","properties":{"lossyear":20}},{"type":"Feature","geometry":{"geodesic":false,"type":"Point","coordinates":[146.37096829224186,-41.47513345270434]},"id":"1451","properties":{"lossyear":20}},{"type":"Feature","geometry":{"geodesic":false,"type":"Point","coordinates":[147.92505373376866,-41.62425378986819]},"id":"1452","properties":{"lossyear":20}},{"type":"Feature","geometry":{"geodesic":false,"type":"Point","coordinates":[146.72849777532144,-42.66180794302623]},"id":"1453","properties":{"lossyear":20}},{"type":"Feature","geometry":{"geodesic":false,"type":"Point","coordinates":[145.2462775565242,-42.474958363929375]},"id":"1454","properties":{"lossyear":20}},{"type":"Feature","geometry":{"geodesic":false,"type":"Point","coordinates":[146.1275248502455,-42.75613104785879]},"id":"1455","properties":{"lossyear":20}},{"type":"Feature","geometry":{"geodesic":false,"type":"Point","coordinates":[145.02708862719908,-41.492201443102616]},"id":"1456","properties":{"lossyear":20}},{"type":"Feature","geometry":{"geodesic":false,"type":"Point","coordinates":[146.73209103645792,-42.70223213081161]},"id":"1457","properties":{"lossyear":20}},{"type":"Feature","geometry":{"geodesic":false,"type":"Point","coordinates":[146.75993881026562,-41.632338627425256]},"id":"1458","properties":{}},{"type":"Feature","geometry":{"geodesic":false,"type":"Point","coordinates":[148.04363135127244,-41.635033573277624]},"id":"1459","properties":{}},{"type":"Feature","geometry":{"geodesic":false,"type":"Point","coordinates":[144.87347671361465,-40.68731094853152]},"id":"1460","properties":{}},{"type":"Feature","geometry":{"geodesic":false,"type":"Point","coordinates":[147.32228417812445,-41.144553428148356]},"id":"1461","properties":{"lossyear":20}},{"type":"Feature","geometry":{"geodesic":false,"type":"Point","coordinates":[147.15340090471,-42.2782273167072]},"id":"1462","properties":{"lossyear":20}},{"type":"Feature","geometry":{"geodesic":false,"type":"Point","coordinates":[145.68196046932218,-42.74894452558583]},"id":"1463","properties":{"lossyear":20}},{"type":"Feature","geometry":{"geodesic":false,"type":"Point","coordinates":[147.41481065238872,-41.17060457138783]},"id":"1464","properties":{"lossyear":20}},{"type":"Feature","geometry":{"geodesic":false,"type":"Point","coordinates":[145.0252919966308,-41.52543910861503]},"id":"1465","properties":{"lossyear":20}},{"type":"Feature","geometry":{"geodesic":false,"type":"Point","coordinates":[148.05441113468186,-41.6844409139042]},"id":"1466","properties":{"lossyear":20}},{"type":"Feature","geometry":{"geodesic":false,"type":"Point","coordinates":[145.03876672589263,-41.54071046844507]},"id":"1467","properties":{}},{"type":"Feature","geometry":{"geodesic":false,"type":"Point","coordinates":[145.0252919966308,-41.54250709901331]},"id":"1468","properties":{"lossyear":20}},{"type":"Feature","geometry":{"geodesic":false,"type":"Point","coordinates":[147.80467948569662,-41.613474006458745]},"id":"1469","properties":{"lossyear":20}},{"type":"Feature","geometry":{"geodesic":false,"type":"Point","coordinates":[148.26012533474523,-41.391590131281234]},"id":"1470","properties":{"lossyear":20}},{"type":"Feature","geometry":{"geodesic":false,"type":"Point","coordinates":[147.91786721149566,-41.582032971514565]},"id":"1471","properties":{"lossyear":20}},{"type":"Feature","geometry":{"geodesic":false,"type":"Point","coordinates":[148.04991955826125,-41.69432238202951]},"id":"1472","properties":{"lossyear":20}},{"type":"Feature","geometry":{"geodesic":false,"type":"Point","coordinates":[146.72220956833257,-42.66180794302623]},"id":"1473","properties":{"lossyear":20}},{"type":"Feature","geometry":{"geodesic":false,"type":"Point","coordinates":[147.8909177529721,-41.55957508941158]},"id":"1474","properties":{"lossyear":20}},{"type":"Feature","geometry":{"geodesic":false,"type":"Point","coordinates":[145.24717587180834,-42.47136510279289]},"id":"1475","properties":{"lossyear":20}},{"type":"Feature","geometry":{"geodesic":false,"type":"Point","coordinates":[144.78274686991853,-41.318826593267545]},"id":"1476","properties":{"lossyear":20}},{"type":"Feature","geometry":{"geodesic":false,"type":"Point","coordinates":[144.90491774855883,-40.72144692932807]},"id":"1477","properties":{"lossyear":20}},{"type":"Feature","geometry":{"geodesic":false,"type":"Point","coordinates":[145.34958381419796,-41.934172562889415]},"id":"1478","properties":{"lossyear":20}},{"type":"Feature","geometry":{"geodesic":false,"type":"Point","coordinates":[145.76460547546117,-41.79673032441913]},"id":"1479","properties":{"lossyear":20}},{"type":"Feature","geometry":{"geodesic":false,"type":"Point","coordinates":[146.80305794390335,-43.08491444184652]},"id":"1480","properties":{"lossyear":20}},{"type":"Feature","geometry":{"geodesic":false,"type":"Point","coordinates":[145.77718188943885,-41.44009915662369]},"id":"1481","properties":{"lossyear":20}},{"type":"Feature","geometry":{"geodesic":false,"type":"Point","coordinates":[144.7656788795203,-41.31074175571047]},"id":"1482","properties":{"lossyear":20}},{"type":"Feature","geometry":{"geodesic":false,"type":"Point","coordinates":[147.73191594768292,-42.30607509051491]},"id":"1483","properties":{"lossyear":19}},{"type":"Feature","geometry":{"geodesic":false,"type":"Point","coordinates":[147.72832268654645,-42.05095354982495]},"id":"1484","properties":{}},{"type":"Feature","geometry":{"geodesic":false,"type":"Point","coordinates":[147.02224687322854,-42.62497701637733]},"id":"1485","properties":{}},{"type":"Feature","geometry":{"geodesic":false,"type":"Point","coordinates":[145.282210167889,-42.45160216654226]},"id":"1486","properties":{"lossyear":20}},{"type":"Feature","geometry":{"geodesic":false,"type":"Point","coordinates":[147.93044362547334,-41.56765992696866]},"id":"1487","properties":{"lossyear":20}},{"type":"Feature","geometry":{"geodesic":false,"type":"Point","coordinates":[144.89683291100175,-40.71965029875983]},"id":"1488","properties":{"lossyear":20}},{"type":"Feature","geometry":{"geodesic":false,"type":"Point","coordinates":[146.7356842975944,-42.705825391948096]},"id":"1489","properties":{"lossyear":20}},{"type":"Feature","geometry":{"geodesic":false,"type":"Point","coordinates":[145.8634201567143,-41.52903236975152]},"id":"1490","properties":{"lossyear":20}},{"type":"Feature","geometry":{"geodesic":false,"type":"Point","coordinates":[145.59212894091024,-41.088857880532956]},"id":"1491","properties":{"lossyear":20}},{"type":"Feature","geometry":{"geodesic":false,"type":"Point","coordinates":[147.19921498420007,-42.614197232967896]},"id":"1492","properties":{"lossyear":20}},{"type":"Feature","geometry":{"geodesic":false,"type":"Point","coordinates":[147.9978172717823,-41.71498363356426]},"id":"1493","properties":{"lossyear":20}},{"type":"Feature","geometry":{"geodesic":false,"type":"Point","coordinates":[145.6226716605703,-42.653723105469155]},"id":"1494","properties":{"lossyear":20}},{"type":"Feature","geometry":{"geodesic":false,"type":"Point","coordinates":[146.65124266088714,-42.52975559626066]},"id":"1495","properties":{"lossyear":20}},{"type":"Feature","geometry":{"geodesic":false,"type":"Point","coordinates":[146.14728778649612,-42.82619964002011]},"id":"1496","properties":{"lossyear":20}},{"type":"Feature","geometry":{"geodesic":false,"type":"Point","coordinates":[145.34688886834562,-42.441720698416944]},"id":"1497","properties":{"lossyear":20}},{"type":"Feature","geometry":{"geodesic":false,"type":"Point","coordinates":[145.6406379662527,-41.04573874689521]},"id":"1498","properties":{"lossyear":20}},{"type":"Feature","geometry":{"geodesic":false,"type":"Point","coordinates":[145.08188585953036,-41.02058591893987]},"id":"1499","properties":{"lossyear":16}},{"type":"Feature","geometry":{"geodesic":false,"type":"Point","coordinates":[147.83342557478846,-41.58562623265105]},"id":"1500","properties":{}},{"type":"Feature","geometry":{"geodesic":false,"type":"Point","coordinates":[146.96924627146547,-42.55490842421601]},"id":"1501","properties":{"lossyear":20}},{"type":"Feature","geometry":{"geodesic":false,"type":"Point","coordinates":[146.14010126422318,-41.40057328412243]},"id":"1502","properties":{"lossyear":20}},{"type":"Feature","geometry":{"geodesic":false,"type":"Point","coordinates":[146.43564699269848,-41.46435366929491]},"id":"1503","properties":{"lossyear":20}},{"type":"Feature","geometry":{"geodesic":false,"type":"Point","coordinates":[145.0019357992437,-41.51286269463736]},"id":"1504","properties":{"lossyear":20}},{"type":"Feature","geometry":{"geodesic":false,"type":"Point","coordinates":[146.27395024155697,-42.59712924256962]},"id":"1505","properties":{}},{"type":"Feature","geometry":{"geodesic":false,"type":"Point","coordinates":[146.13111811138197,-42.73457148103991]},"id":"1506","properties":{"lossyear":20}},{"type":"Feature","geometry":{"geodesic":false,"type":"Point","coordinates":[147.85408682632323,-41.546100360149794]},"id":"1507","properties":{"lossyear":20}},{"type":"Feature","geometry":{"geodesic":false,"type":"Point","coordinates":[147.92505373376866,-41.62155884401582]},"id":"1508","properties":{"lossyear":20}},{"type":"Feature","geometry":{"geodesic":false,"type":"Point","coordinates":[147.9232571032004,-41.61796558287935]},"id":"1509","properties":{"lossyear":20}},{"type":"Feature","geometry":{"geodesic":false,"type":"Point","coordinates":[145.4421102884623,-40.920872922402594]},"id":"1510","properties":{"lossyear":20}},{"type":"Feature","geometry":{"geodesic":false,"type":"Point","coordinates":[147.90259585166564,-41.577541395093974]},"id":"1511","properties":{"lossyear":20}},{"type":"Feature","geometry":{"geodesic":false,"type":"Point","coordinates":[145.2534640787972,-42.47765330978173]},"id":"1512","properties":{"lossyear":20}},{"type":"Feature","geometry":{"geodesic":false,"type":"Point","coordinates":[146.80215962861922,-43.44513887077845]},"id":"1513","properties":{"lossyear":20}},{"type":"Feature","geometry":{"geodesic":false,"type":"Point","coordinates":[147.69418670574993,-41.17689277837667]},"id":"1514","properties":{"lossyear":20}},{"type":"Feature","geometry":{"geodesic":false,"type":"Point","coordinates":[146.14818610178025,-42.82889458587246]},"id":"1515","properties":{"lossyear":20}},{"type":"Feature","geometry":{"geodesic":false,"type":"Point","coordinates":[147.8765447084262,-41.58293128679868]},"id":"1516","properties":{"lossyear":20}},{"type":"Feature","geometry":{"geodesic":false,"type":"Point","coordinates":[144.8995278568541,-40.67293790398561]},"id":"1517","properties":{"lossyear":20}},{"type":"Feature","geometry":{"geodesic":false,"type":"Point","coordinates":[145.56248453653427,-42.610603971831424]},"id":"1518","properties":{"lossyear":20}},{"type":"Feature","geometry":{"geodesic":false,"type":"Point","coordinates":[145.28131185260492,-42.46956847222465]},"id":"1519","properties":{}},{"type":"Feature","geometry":{"geodesic":false,"type":"Point","coordinates":[145.30646468056023,-41.7536111907814]},"id":"1520","properties":{"lossyear":20}},{"type":"Feature","geometry":{"geodesic":false,"type":"Point","coordinates":[147.81366263853783,-42.08778447647386]},"id":"1521","properties":{"lossyear":20}},{"type":"Feature","geometry":{"geodesic":false,"type":"Point","coordinates":[145.26693880805897,-42.47855162506585]},"id":"1522","properties":{}},{"type":"Feature","geometry":{"geodesic":false,"type":"Point","coordinates":[146.27305192627284,-42.18390421187465]},"id":"1523","properties":{"lossyear":20}},{"type":"Feature","geometry":{"geodesic":false,"type":"Point","coordinates":[147.91607058092745,-41.58023634094633]},"id":"1524","properties":{"lossyear":20}},{"type":"Feature","geometry":{"geodesic":false,"type":"Point","coordinates":[145.57685758108022,-42.86482719723725]},"id":"1525","properties":{}},{"type":"Feature","geometry":{"geodesic":false,"type":"Point","coordinates":[148.28976973912114,-41.01519602723515]},"id":"1526","properties":{"lossyear":20}},{"type":"Feature","geometry":{"geodesic":false,"type":"Point","coordinates":[148.08225890848956,-41.69971227373422]},"id":"1527","properties":{"lossyear":20}},{"type":"Feature","geometry":{"geodesic":false,"type":"Point","coordinates":[146.58386901457817,-42.31775318920846]},"id":"1528","properties":{}},{"type":"Feature","geometry":{"geodesic":false,"type":"Point","coordinates":[148.03464819843123,-41.69162743617714]},"id":"1529","properties":{"lossyear":20}},{"type":"Feature","geometry":{"geodesic":false,"type":"Point","coordinates":[147.86756155558498,-41.556880143559226]},"id":"1530","properties":{"lossyear":20}},{"type":"Feature","geometry":{"geodesic":false,"type":"Point","coordinates":[144.94983351276477,-41.54160878372919]},"id":"1531","properties":{"lossyear":20}},{"type":"Feature","geometry":{"geodesic":false,"type":"Point","coordinates":[148.06519091809128,-41.711390372427786]},"id":"1532","properties":{"lossyear":20}},{"type":"Feature","geometry":{"geodesic":false,"type":"Point","coordinates":[145.03966504117676,-41.49399807367085]},"id":"1533","properties":{"lossyear":20}},{"type":"Feature","geometry":{"geodesic":false,"type":"Point","coordinates":[145.9343870641598,-41.51555764048972]},"id":"1534","properties":{}},{"type":"Feature","geometry":{"geodesic":false,"type":"Point","coordinates":[147.79479801757128,-41.58113465623045]},"id":"1535","properties":{"lossyear":20}},{"type":"Feature","geometry":{"geodesic":false,"type":"Point","coordinates":[145.03697009532436,-41.519150901626205]},"id":"1536","properties":{"lossyear":20}},{"type":"Feature","geometry":{"geodesic":false,"type":"Point","coordinates":[146.52547852111041,-42.4668735263723]},"id":"1537","properties":{"lossyear":21}},{"type":"Feature","geometry":{"geodesic":false,"type":"Point","coordinates":[145.01720715907373,-41.49759133480734]},"id":"1538","properties":{"lossyear":8}},{"type":"Feature","geometry":{"geodesic":false,"type":"Point","coordinates":[146.7275994600373,-42.699537184959254]},"id":"1539","properties":{}},{"type":"Feature","geometry":{"geodesic":false,"type":"Point","coordinates":[148.01039368576,-41.64850830253941]},"id":"1540","properties":{"lossyear":20}},{"type":"Feature","geometry":{"geodesic":false,"type":"Point","coordinates":[147.0527895928886,-42.61150228711554]},"id":"1541","properties":{"lossyear":20}},{"type":"Feature","geometry":{"geodesic":false,"type":"Point","coordinates":[147.7956963328554,-41.56137171997982]},"id":"1542","properties":{"lossyear":20}},{"type":"Feature","geometry":{"geodesic":false,"type":"Point","coordinates":[146.54613977264518,-42.38782178136978]},"id":"1543","properties":{"lossyear":20}},{"type":"Feature","geometry":{"geodesic":false,"type":"Point","coordinates":[147.8253407372314,-41.57843971037809]},"id":"1544","properties":{}},{"type":"Feature","geometry":{"geodesic":false,"type":"Point","coordinates":[146.04398152882237,-42.518975812851224]},"id":"1545","properties":{"lossyear":20}},{"type":"Feature","geometry":{"geodesic":false,"type":"Point","coordinates":[144.95702003503771,-41.68713585975655]},"id":"1546","properties":{"lossyear":20}},{"type":"Feature","geometry":{"geodesic":false,"type":"Point","coordinates":[147.66184735552162,-40.999924667405125]},"id":"1547","properties":{"lossyear":20}},{"type":"Feature","geometry":{"geodesic":false,"type":"Point","coordinates":[145.57685758108022,-42.88279350291964]},"id":"1548","properties":{"lossyear":19}},{"type":"Feature","geometry":{"geodesic":false,"type":"Point","coordinates":[146.77970174651625,-43.16935607855376]},"id":"1549","properties":{"lossyear":20}},{"type":"Feature","geometry":{"geodesic":false,"type":"Point","coordinates":[145.02259705077847,-41.492201443102616]},"id":"1550","properties":{"lossyear":20}},{"type":"Feature","geometry":{"geodesic":false,"type":"Point","coordinates":[147.74359404637647,-42.108445728008604]},"id":"1551","properties":{}},{"type":"Feature","geometry":{"geodesic":false,"type":"Point","coordinates":[146.05565962751592,-42.646536583196195]},"id":"1552","properties":{"lossyear":20}},{"type":"Feature","geometry":{"geodesic":false,"type":"Point","coordinates":[148.0598010263866,-41.647609987255294]},"id":"1553","properties":{}},{"type":"Feature","geometry":{"geodesic":false,"type":"Point","coordinates":[145.74394422392646,-41.79493369385089]},"id":"1554","properties":{"lossyear":20}},{"type":"Feature","geometry":{"geodesic":false,"type":"Point","coordinates":[146.06015120393653,-42.6968422391069]},"id":"1555","properties":{"lossyear":20}},{"type":"Feature","geometry":{"geodesic":false,"type":"Point","coordinates":[144.75759404196322,-41.31972490855166]},"id":"1556","properties":{"lossyear":20}},{"type":"Feature","geometry":{"geodesic":false,"type":"Point","coordinates":[144.74771257383787,-40.50944452227586]},"id":"1557","properties":{"lossyear":20}},{"type":"Feature","geometry":{"geodesic":false,"type":"Point","coordinates":[147.9061891128021,-43.153186403439605]},"id":"1558","properties":{"lossyear":20}},{"type":"Feature","geometry":{"geodesic":false,"type":"Point","coordinates":[147.8999009058133,-41.57574476452574]},"id":"1559","properties":{"lossyear":20}},{"type":"Feature","geometry":{"geodesic":false,"type":"Point","coordinates":[145.25256576351308,-41.750916244929044]},"id":"1560","properties":{"lossyear":20}},{"type":"Feature","geometry":{"geodesic":false,"type":"Point","coordinates":[144.92198573895706,-40.691802524952124]},"id":"1561","properties":{"lossyear":20}},{"type":"Feature","geometry":{"geodesic":false,"type":"Point","coordinates":[148.28078658628,-41.38170866315592]},"id":"1562","properties":{"lossyear":20}},{"type":"Feature","geometry":{"geodesic":false,"type":"Point","coordinates":[147.82444242194725,-41.562270035263936]},"id":"1563","properties":{}},{"type":"Feature","geometry":{"geodesic":false,"type":"Point","coordinates":[144.93995204463948,-41.697017327881866]},"id":"1564","properties":{"lossyear":20}},{"type":"Feature","geometry":{"geodesic":false,"type":"Point","coordinates":[147.84151041234554,-41.538015522592715]},"id":"1565","properties":{"lossyear":20}},{"type":"Feature","geometry":{"geodesic":false,"type":"Point","coordinates":[147.1785537326653,-41.15443489627367]},"id":"1566","properties":{"lossyear":20}},{"type":"Feature","geometry":{"geodesic":false,"type":"Point","coordinates":[147.93403688660982,-41.62515210515231]},"id":"1567","properties":{"lossyear":20}},{"type":"Feature","geometry":{"geodesic":false,"type":"Point","coordinates":[147.8639682944485,-42.076106377780306]},"id":"1568","properties":{"lossyear":20}},{"type":"Feature","geometry":{"geodesic":false,"type":"Point","coordinates":[145.2256163049895,-41.75810276720199]},"id":"1569","properties":{"lossyear":20}},{"type":"Feature","geometry":{"geodesic":false,"type":"Point","coordinates":[144.90671437912704,-40.659463174723825]},"id":"1570","properties":{"lossyear":20}},{"type":"Feature","geometry":{"geodesic":false,"type":"Point","coordinates":[146.7698202783909,-41.307148494573994]},"id":"1571","properties":{"lossyear":20}},{"type":"Feature","geometry":{"geodesic":false,"type":"Point","coordinates":[145.5912306256261,-41.088857880532956]},"id":"1572","properties":{"lossyear":20}},{"type":"Feature","geometry":{"geodesic":false,"type":"Point","coordinates":[146.85156696924582,-41.41135306753186]},"id":"1573","properties":{}},{"type":"Feature","geometry":{"geodesic":false,"type":"Point","coordinates":[146.63686961634124,-42.556705054784246]},"id":"1574","properties":{"lossyear":20}},{"type":"Feature","geometry":{"geodesic":false,"type":"Point","coordinates":[145.21393820629595,-40.901109986151965]},"id":"1575","properties":{"lossyear":20}},{"type":"Feature","geometry":{"geodesic":false,"type":"Point","coordinates":[148.055309449966,-41.6619830318012]},"id":"1576","properties":{"lossyear":20}},{"type":"Feature","geometry":{"geodesic":false,"type":"Point","coordinates":[146.80665120503983,-43.5026310489621]},"id":"1577","properties":{"lossyear":20}},{"type":"Feature","geometry":{"geodesic":false,"type":"Point","coordinates":[147.00607719811438,-43.05976161389118]},"id":"1578","properties":{"lossyear":20}},{"type":"Feature","geometry":{"geodesic":false,"type":"Point","coordinates":[146.08530403189184,-42.68157087927686]},"id":"1579","properties":{"lossyear":20}},{"type":"Feature","geometry":{"geodesic":false,"type":"Point","coordinates":[145.00463074509605,-41.479625029124946]},"id":"1580","properties":{"lossyear":20}},{"type":"Feature","geometry":{"geodesic":false,"type":"Point","coordinates":[145.32532930152672,-41.75900108248611]},"id":"1581","properties":{}},{"type":"Feature","geometry":{"geodesic":false,"type":"Point","coordinates":[145.29837984300315,-41.756306136633754]},"id":"1582","properties":{"lossyear":20}},{"type":"Feature","geometry":{"geodesic":false,"type":"Point","coordinates":[145.60470535488793,-41.01429771195103]},"id":"1583","properties":{}},{"type":"Feature","geometry":{"geodesic":false,"type":"Point","coordinates":[146.99170415356843,-41.22809674957148]},"id":"1584","properties":{"lossyear":13}},{"type":"Feature","geometry":{"geodesic":false,"type":"Point","coordinates":[147.36540331176218,-43.2403229859992]},"id":"1585","properties":{}},{"type":"Feature","geometry":{"geodesic":false,"type":"Point","coordinates":[144.9058160638429,-40.71336209177099]},"id":"1586","properties":{"lossyear":20}},{"type":"Feature","geometry":{"geodesic":false,"type":"Point","coordinates":[147.8999009058133,-41.60449085361756]},"id":"1587","properties":{"lossyear":20}},{"type":"Feature","geometry":{"geodesic":false,"type":"Point","coordinates":[145.29927815828728,-42.018614199596655]},"id":"1588","properties":{}},{"type":"Feature","geometry":{"geodesic":false,"type":"Point","coordinates":[145.02439368134668,-41.53352394617211]},"id":"1589","properties":{"lossyear":20}},{"type":"Feature","geometry":{"geodesic":false,"type":"Point","coordinates":[147.70586480444348,-41.2568428386633]},"id":"1590","properties":{"lossyear":19}},{"type":"Feature","geometry":{"geodesic":false,"type":"Point","coordinates":[147.85408682632323,-41.55957508941158]},"id":"1591","properties":{"lossyear":20}},{"type":"Feature","geometry":{"geodesic":false,"type":"Point","coordinates":[144.91479921668412,-41.52903236975152]},"id":"1592","properties":{"lossyear":20}},{"type":"Feature","geometry":{"geodesic":false,"type":"Point","coordinates":[146.15806756990554,-42.77319903825705]},"id":"1593","properties":{}},{"type":"Feature","geometry":{"geodesic":false,"type":"Point","coordinates":[144.91749416253646,-40.70168399307744]},"id":"1594","properties":{"lossyear":20}},{"type":"Feature","geometry":{"geodesic":false,"type":"Point","coordinates":[144.88874807344467,-40.70437893892979]},"id":"1595","properties":{"lossyear":20}},{"type":"Feature","geometry":{"geodesic":false,"type":"Point","coordinates":[147.64477936512333,-41.20024897576377]},"id":"1596","properties":{}},{"type":"Feature","geometry":{"geodesic":false,"type":"Point","coordinates":[148.1631072840603,-41.166112994967236]},"id":"1597","properties":{"lossyear":20}},{"type":"Feature","geometry":{"geodesic":false,"type":"Point","coordinates":[146.15177936291673,-42.79745355092828]},"id":"1598","properties":{"lossyear":20}},{"type":"Feature","geometry":{"geodesic":false,"type":"Point","coordinates":[146.7042432626502,-42.648333213764445]},"id":"1599","properties":{"lossyear":20}},{"type":"Feature","geometry":{"geodesic":false,"type":"Point","coordinates":[146.5102071612804,-42.1955823105682]},"id":"1600","properties":{"lossyear":20}},{"type":"Feature","geometry":{"geodesic":false,"type":"Point","coordinates":[146.91355072385005,-43.392138269015405]},"id":"1601","properties":{"lossyear":20}},{"type":"Feature","geometry":{"geodesic":false,"type":"Point","coordinates":[147.73640752410353,-42.30697340579903]},"id":"1602","properties":{"lossyear":20}},{"type":"Feature","geometry":{"geodesic":false,"type":"Point","coordinates":[146.73837924344673,-42.9780149230363]},"id":"1603","properties":{"lossyear":20}},{"type":"Feature","geometry":{"geodesic":false,"type":"Point","coordinates":[148.01847852331707,-41.71408531828014]},"id":"1604","properties":{"lossyear":20}},{"type":"Feature","geometry":{"geodesic":false,"type":"Point","coordinates":[146.46169813593792,-42.81002996490595]},"id":"1605","properties":{}},{"type":"Feature","geometry":{"geodesic":false,"type":"Point","coordinates":[148.04902124297712,-41.64401672611882]},"id":"1606","properties":{}},{"type":"Feature","geometry":{"geodesic":false,"type":"Point","coordinates":[146.54883471849752,-42.16414127562402]},"id":"1607","properties":{"lossyear":20}},{"type":"Feature","geometry":{"geodesic":false,"type":"Point","coordinates":[147.93673183246221,-43.18911901480439]},"id":"1608","properties":{}},{"type":"Feature","geometry":{"geodesic":false,"type":"Point","coordinates":[145.97121799080867,-42.60072250370611]},"id":"1609","properties":{"lossyear":20}},{"type":"Feature","geometry":{"geodesic":false,"type":"Point","coordinates":[148.0660892333754,-41.65299987896002]},"id":"1610","properties":{"lossyear":20}},{"type":"Feature","geometry":{"geodesic":false,"type":"Point","coordinates":[147.98074928138408,-42.158751383919295]},"id":"1611","properties":{"lossyear":20}},{"type":"Feature","geometry":{"geodesic":false,"type":"Point","coordinates":[144.92018910838885,-41.5514902518545]},"id":"1612","properties":{"lossyear":20}},{"type":"Feature","geometry":{"geodesic":false,"type":"Point","coordinates":[145.34329560720914,-41.90542647379759]},"id":"1613","properties":{}},{"type":"Feature","geometry":{"geodesic":false,"type":"Point","coordinates":[147.72383111012584,-42.769605777120574]},"id":"1614","properties":{"lossyear":20}},{"type":"Feature","geometry":{"geodesic":false,"type":"Point","coordinates":[148.07507238621662,-41.678152706915355]},"id":"1615","properties":{"lossyear":20}},{"type":"Feature","geometry":{"geodesic":false,"type":"Point","coordinates":[147.64747431097572,-41.2523512622427]},"id":"1616","properties":{}},{"type":"Feature","geometry":{"geodesic":false,"type":"Point","coordinates":[145.00732569094845,-41.48950649725026]},"id":"1617","properties":{"lossyear":20}},{"type":"Feature","geometry":{"geodesic":false,"type":"Point","coordinates":[147.92864699490514,-41.6062874841858]},"id":"1618","properties":{"lossyear":20}},{"type":"Feature","geometry":{"geodesic":false,"type":"Point","coordinates":[145.27502364561605,-42.44531395955343]},"id":"1619","properties":{"lossyear":20}},{"type":"Feature","geometry":{"geodesic":false,"type":"Point","coordinates":[146.65214097617127,-42.52975559626066]},"id":"1620","properties":{"lossyear":20}},{"type":"Feature","geometry":{"geodesic":false,"type":"Point","coordinates":[145.55080643784072,-41.113112393204176]},"id":"1621","properties":{"lossyear":20}},{"type":"Feature","geometry":{"geodesic":false,"type":"Point","coordinates":[146.53625830451983,-42.72828327405108]},"id":"1622","properties":{"lossyear":20}},{"type":"Feature","geometry":{"geodesic":false,"type":"Point","coordinates":[146.53086841281515,-42.518077497567106]},"id":"1623","properties":{"lossyear":20}},{"type":"Feature","geometry":{"geodesic":false,"type":"Point","coordinates":[147.81905253024252,-43.11815210735895]},"id":"1624","properties":{"lossyear":20}},{"type":"Feature","geometry":{"geodesic":false,"type":"Point","coordinates":[147.03482328720622,-42.84775920683897]},"id":"1625","properties":{}},{"type":"Feature","geometry":{"geodesic":false,"type":"Point","coordinates":[148.00230884820292,-41.66377966236945]},"id":"1626","properties":{"lossyear":20}},{"type":"Feature","geometry":{"geodesic":false,"type":"Point","coordinates":[148.05171618882952,-41.658389770664726]},"id":"1627","properties":{"lossyear":12}},{"type":"Feature","geometry":{"geodesic":false,"type":"Point","coordinates":[147.8810362848468,-41.5838296020828]},"id":"1628","properties":{"lossyear":20}},{"type":"Feature","geometry":{"geodesic":false,"type":"Point","coordinates":[147.91696889621159,-41.60359253833343]},"id":"1629","properties":{"lossyear":20}},{"type":"Feature","geometry":{"geodesic":false,"type":"Point","coordinates":[146.34222220315002,-41.46435366929491]},"id":"1630","properties":{"lossyear":20}},{"type":"Feature","geometry":{"geodesic":false,"type":"Point","coordinates":[147.90798574337038,-41.59011780907164]},"id":"1631","properties":{"lossyear":20}},{"type":"Feature","geometry":{"geodesic":false,"type":"Point","coordinates":[147.92146047263213,-41.62335547458406]},"id":"1632","properties":{"lossyear":20}},{"type":"Feature","geometry":{"geodesic":false,"type":"Point","coordinates":[147.93403688660982,-41.883866906978724]},"id":"1633","properties":{"lossyear":20}},{"type":"Feature","geometry":{"geodesic":false,"type":"Point","coordinates":[145.46277153999705,-41.72576341697369]},"id":"1634","properties":{}},{"type":"Feature","geometry":{"geodesic":false,"type":"Point","coordinates":[148.01758020803294,-41.65749145538061]},"id":"1635","properties":{"lossyear":20}},{"type":"Feature","geometry":{"geodesic":false,"type":"Point","coordinates":[147.87384976257385,-41.569456557536896]},"id":"1636","properties":{"lossyear":20}},{"type":"Feature","geometry":{"geodesic":false,"type":"Point","coordinates":[147.84151041234554,-41.6062874841858]},"id":"1637","properties":{"lossyear":20}},{"type":"Feature","geometry":{"geodesic":false,"type":"Point","coordinates":[145.3504821294821,-42.44441564426931]},"id":"1638","properties":{"lossyear":20}},{"type":"Feature","geometry":{"geodesic":false,"type":"Point","coordinates":[147.6151349607474,-41.23528327184444]},"id":"1639","properties":{"lossyear":20}},{"type":"Feature","geometry":{"geodesic":false,"type":"Point","coordinates":[147.78581486473013,-41.58562623265105]},"id":"1640","properties":{"lossyear":20}},{"type":"Feature","geometry":{"geodesic":false,"type":"Point","coordinates":[147.05368790817272,-41.27031756792509]},"id":"1641","properties":{"lossyear":20}},{"type":"Feature","geometry":{"geodesic":false,"type":"Point","coordinates":[145.0208004202102,-41.54071046844507]},"id":"1642","properties":{"lossyear":20}},{"type":"Feature","geometry":{"geodesic":false,"type":"Point","coordinates":[145.6460278579574,-42.85943730553252]},"id":"1643","properties":{"lossyear":20}},{"type":"Feature","geometry":{"geodesic":false,"type":"Point","coordinates":[147.5657276201208,-41.415844643952454]},"id":"1644","properties":{"lossyear":20}},{"type":"Feature","geometry":{"geodesic":false,"type":"Point","coordinates":[145.34329560720914,-41.91800288777527]},"id":"1645","properties":{}},{"type":"Feature","geometry":{"geodesic":false,"type":"Point","coordinates":[147.41930222880933,-43.01394753440108]},"id":"1646","properties":{}},{"type":"Feature","geometry":{"geodesic":false,"type":"Point","coordinates":[148.055309449966,-41.72217015583722]},"id":"1647","properties":{"lossyear":20}},{"type":"Feature","geometry":{"geodesic":false,"type":"Point","coordinates":[146.82821077185872,-43.25469603054512]},"id":"1648","properties":{"lossyear":20}},{"type":"Feature","geometry":{"geodesic":false,"type":"Point","coordinates":[147.9421217241669,-41.582032971514565]},"id":"1649","properties":{"lossyear":20}},{"type":"Feature","geometry":{"geodesic":false,"type":"Point","coordinates":[144.95252845861717,-41.02777244121282]},"id":"1650","properties":{"lossyear":20}},{"type":"Feature","geometry":{"geodesic":false,"type":"Point","coordinates":[146.05655794280005,-42.513585921146515]},"id":"1651","properties":{"lossyear":20}},{"type":"Feature","geometry":{"geodesic":false,"type":"Point","coordinates":[147.90798574337038,-41.59910096191284]},"id":"1652","properties":{"lossyear":20}},{"type":"Feature","geometry":{"geodesic":false,"type":"Point","coordinates":[145.01361389793726,-41.530829000319756]},"id":"1653","properties":{"lossyear":20}},{"type":"Feature","geometry":{"geodesic":false,"type":"Point","coordinates":[145.09895384992865,-40.84182117740008]},"id":"1654","properties":{"lossyear":20}},{"type":"Feature","geometry":{"geodesic":false,"type":"Point","coordinates":[147.89271438354035,-41.59999927719696]},"id":"1655","properties":{"lossyear":20}},{"type":"Feature","geometry":{"geodesic":false,"type":"Point","coordinates":[144.9058160638429,-41.56137171997982]},"id":"1656","properties":{}},{"type":"Feature","geometry":{"geodesic":false,"type":"Point","coordinates":[147.86845987086912,-41.58113465623045]},"id":"1657","properties":{"lossyear":20}},{"type":"Feature","geometry":{"geodesic":false,"type":"Point","coordinates":[146.85246528452996,-43.495444526689155]},"id":"1658","properties":{"lossyear":20}},{"type":"Feature","geometry":{"geodesic":false,"type":"Point","coordinates":[146.9189406155548,-41.80391684669209]},"id":"1659","properties":{"lossyear":20}},{"type":"Feature","geometry":{"geodesic":false,"type":"Point","coordinates":[145.2723286997637,-42.45070385125814]},"id":"1660","properties":{"lossyear":20}},{"type":"Feature","geometry":{"geodesic":false,"type":"Point","coordinates":[146.11854169740428,-42.71750349064165]},"id":"1661","properties":{"lossyear":20}},{"type":"Feature","geometry":{"geodesic":false,"type":"Point","coordinates":[148.06698754865954,-41.274809144345696]},"id":"1662","properties":{"lossyear":20}},{"type":"Feature","geometry":{"geodesic":false,"type":"Point","coordinates":[147.93313857132574,-41.59101612435576]},"id":"1663","properties":{"lossyear":20}},{"type":"Feature","geometry":{"geodesic":false,"type":"Point","coordinates":[148.05890271110246,-41.28109735133452]},"id":"1664","properties":{"lossyear":20}},{"type":"Feature","geometry":{"geodesic":false,"type":"Point","coordinates":[145.74035096279,-41.80301853140797]},"id":"1665","properties":{"lossyear":21}},{"type":"Feature","geometry":{"geodesic":false,"type":"Point","coordinates":[145.6487228038098,-41.164316364398985]},"id":"1666","properties":{"lossyear":20}},{"type":"Feature","geometry":{"geodesic":false,"type":"Point","coordinates":[148.0211734691694,-41.72037352526897]},"id":"1667","properties":{"lossyear":20}},{"type":"Feature","geometry":{"geodesic":false,"type":"Point","coordinates":[147.74179741580826,-41.953935499140044]},"id":"1668","properties":{"lossyear":21}},{"type":"Feature","geometry":{"geodesic":false,"type":"Point","coordinates":[145.54092496971543,-41.171502886671945]},"id":"1669","properties":{"lossyear":21}},{"type":"Feature","geometry":{"geodesic":false,"type":"Point","coordinates":[145.5382300238631,-41.03495896348578]},"id":"1670","properties":{"lossyear":21}},{"type":"Feature","geometry":{"geodesic":false,"type":"Point","coordinates":[145.20944662987534,-41.51106606406913]},"id":"1671","properties":{"lossyear":21}},{"type":"Feature","geometry":{"geodesic":false,"type":"Point","coordinates":[146.5892589062829,-42.931302528262094]},"id":"1672","properties":{"lossyear":21}},{"type":"Feature","geometry":{"geodesic":false,"type":"Point","coordinates":[145.29478658186667,-42.16773453676049]},"id":"1673","properties":{"lossyear":21}},{"type":"Feature","geometry":{"geodesic":false,"type":"Point","coordinates":[147.95829139928105,-41.37901371730355]},"id":"1674","properties":{"lossyear":21}},{"type":"Feature","geometry":{"geodesic":false,"type":"Point","coordinates":[145.3361090849362,-42.46148363466757]},"id":"1675","properties":{"lossyear":21}},{"type":"Feature","geometry":{"geodesic":false,"type":"Point","coordinates":[147.94840993115577,-41.756306136633754]},"id":"1676","properties":{"lossyear":21}},{"type":"Feature","geometry":{"geodesic":false,"type":"Point","coordinates":[147.92864699490514,-41.88566353754696]},"id":"1677","properties":{}},{"type":"Feature","geometry":{"geodesic":false,"type":"Point","coordinates":[147.64927094154393,-41.43381094963485]},"id":"1678","properties":{"lossyear":21}},{"type":"Feature","geometry":{"geodesic":false,"type":"Point","coordinates":[144.80161149088508,-41.30445354872164]},"id":"1679","properties":{"lossyear":21}},{"type":"Feature","geometry":{"geodesic":false,"type":"Point","coordinates":[144.92557900009353,-41.48950649725026]},"id":"1680","properties":{}},{"type":"Feature","geometry":{"geodesic":false,"type":"Point","coordinates":[146.42037563286846,-42.10125920573566]},"id":"1681","properties":{}},{"type":"Feature","geometry":{"geodesic":false,"type":"Point","coordinates":[144.92827394594593,-41.51376100992148]},"id":"1682","properties":{"lossyear":21}},{"type":"Feature","geometry":{"geodesic":false,"type":"Point","coordinates":[144.7953232838962,-41.30804680985811]},"id":"1683","properties":{"lossyear":21}},{"type":"Feature","geometry":{"geodesic":false,"type":"Point","coordinates":[144.66416925241475,-40.98285667700685]},"id":"1684","properties":{}},{"type":"Feature","geometry":{"geodesic":false,"type":"Point","coordinates":[144.92198573895706,-41.507472802932654]},"id":"1685","properties":{"lossyear":21}},{"type":"Feature","geometry":{"geodesic":false,"type":"Point","coordinates":[145.2723286997637,-42.32404139619729]},"id":"1686","properties":{"lossyear":21}},{"type":"Feature","geometry":{"geodesic":false,"type":"Point","coordinates":[144.93815541407122,-41.49579470423909]},"id":"1687","properties":{"lossyear":4}},{"type":"Feature","geometry":{"geodesic":false,"type":"Point","coordinates":[147.88642617655148,-43.06245655974354]},"id":"1688","properties":{"lossyear":21}},{"type":"Feature","geometry":{"geodesic":false,"type":"Point","coordinates":[145.90474265978384,-41.299063657016916]},"id":"1689","properties":{"lossyear":21}},{"type":"Feature","geometry":{"geodesic":false,"type":"Point","coordinates":[144.8851548123082,-41.518252586342086]},"id":"1690","properties":{}},{"type":"Feature","geometry":{"geodesic":false,"type":"Point","coordinates":[145.29748152771901,-41.74552635322432]},"id":"1691","properties":{}},{"type":"Feature","geometry":{"geodesic":false,"type":"Point","coordinates":[146.5703942853164,-42.878301926499034]},"id":"1692","properties":{}},{"type":"Feature","geometry":{"geodesic":false,"type":"Point","coordinates":[145.0100206368008,-41.499387965375576]},"id":"1693","properties":{}},{"type":"Feature","geometry":{"geodesic":false,"type":"Point","coordinates":[145.3001764735714,-42.16953116732874]},"id":"1694","properties":{"lossyear":21}},{"type":"Feature","geometry":{"geodesic":false,"type":"Point","coordinates":[145.2085483145912,-42.32943128790201]},"id":"1695","properties":{"lossyear":21}},{"type":"Feature","geometry":{"geodesic":false,"type":"Point","coordinates":[144.710881647189,-41.06639999842996]},"id":"1696","properties":{"lossyear":21}},{"type":"Feature","geometry":{"geodesic":false,"type":"Point","coordinates":[146.8318040329952,-42.79925018149652]},"id":"1697","properties":{"lossyear":21}},{"type":"Feature","geometry":{"geodesic":false,"type":"Point","coordinates":[145.32532930152672,-42.139886762952784]},"id":"1698","properties":{"lossyear":21}},{"type":"Feature","geometry":{"geodesic":false,"type":"Point","coordinates":[144.78723844633913,-41.29097881945984]},"id":"1699","properties":{"lossyear":21}},{"type":"Feature","geometry":{"geodesic":false,"type":"Point","coordinates":[144.87976492060346,-41.27840240548217]},"id":"1700","properties":{"lossyear":21}},{"type":"Feature","geometry":{"geodesic":false,"type":"Point","coordinates":[146.8848046347582,-43.17654260082672]},"id":"1701","properties":{"lossyear":21}},{"type":"Feature","geometry":{"geodesic":false,"type":"Point","coordinates":[144.64350800088005,-40.999924667405125]},"id":"1702","properties":{"lossyear":21}},{"type":"Feature","geometry":{"geodesic":false,"type":"Point","coordinates":[145.64692617324152,-41.44279410247604]},"id":"1703","properties":{"lossyear":21}},{"type":"Feature","geometry":{"geodesic":false,"type":"Point","coordinates":[144.93995204463948,-41.50657448764852]},"id":"1704","properties":{"lossyear":21}},{"type":"Feature","geometry":{"geodesic":false,"type":"Point","coordinates":[147.29263977374848,-42.557603370068364]},"id":"1705","properties":{}},{"type":"Feature","geometry":{"geodesic":false,"type":"Point","coordinates":[145.29658321243494,-42.16414127562402]},"id":"1706","properties":{"lossyear":21}},{"type":"Feature","geometry":{"geodesic":false,"type":"Point","coordinates":[144.9462402516283,-41.02777244121282]},"id":"1707","properties":{"lossyear":21}},{"type":"Feature","geometry":{"geodesic":false,"type":"Point","coordinates":[147.66903387779456,-42.69774055439102]},"id":"1708","properties":{"lossyear":21}},{"type":"Feature","geometry":{"geodesic":false,"type":"Point","coordinates":[145.9766078825134,-42.764215885415865]},"id":"1709","properties":{"lossyear":21}},{"type":"Feature","geometry":{"geodesic":false,"type":"Point","coordinates":[146.44552846082377,-41.46345535401079]},"id":"1710","properties":{}},{"type":"Feature","geometry":{"geodesic":false,"type":"Point","coordinates":[144.78274686991853,-41.282893981902774]},"id":"1711","properties":{"lossyear":21}},{"type":"Feature","geometry":{"geodesic":false,"type":"Point","coordinates":[144.93007057651414,-41.68893249032479]},"id":"1712","properties":{}},{"type":"Feature","geometry":{"geodesic":false,"type":"Point","coordinates":[144.9552234044695,-41.710492057143654]},"id":"1713","properties":{"lossyear":21}},{"type":"Feature","geometry":{"geodesic":false,"type":"Point","coordinates":[144.9085110096953,-41.50837111821677]},"id":"1714","properties":{"lossyear":21}},{"type":"Feature","geometry":{"geodesic":false,"type":"Point","coordinates":[144.93546046821888,-40.882245365185454]},"id":"1715","properties":{}},{"type":"Feature","geometry":{"geodesic":false,"type":"Point","coordinates":[147.6789153459199,-41.106824186215334]},"id":"1716","properties":{"lossyear":21}},{"type":"Feature","geometry":{"geodesic":false,"type":"Point","coordinates":[145.10434374163333,-41.550591936570385]},"id":"1717","properties":{"lossyear":21}},{"type":"Feature","geometry":{"geodesic":false,"type":"Point","coordinates":[146.6081235272494,-42.20546377869351]},"id":"1718","properties":{"lossyear":21}},{"type":"Feature","geometry":{"geodesic":false,"type":"Point","coordinates":[145.24537924124013,-42.3429060171638]},"id":"1719","properties":{"lossyear":21}},{"type":"Feature","geometry":{"geodesic":false,"type":"Point","coordinates":[146.3808497603672,-41.479625029124946]},"id":"1720","properties":{"lossyear":17}},{"type":"Feature","geometry":{"geodesic":false,"type":"Point","coordinates":[146.10237202229013,-41.27840240548217]},"id":"1721","properties":{"lossyear":21}},{"type":"Feature","geometry":{"geodesic":false,"type":"Point","coordinates":[145.28310848317312,-41.466150299863145]},"id":"1722","properties":{"lossyear":21}},{"type":"Feature","geometry":{"geodesic":false,"type":"Point","coordinates":[145.9038443444997,-41.34218279065466]},"id":"1723","properties":{"lossyear":21}},{"type":"Feature","geometry":{"geodesic":false,"type":"Point","coordinates":[146.57129260060054,-42.23690481363769]},"id":"1724","properties":{"lossyear":21}},{"type":"Feature","geometry":{"geodesic":false,"type":"Point","coordinates":[145.1483611905552,-41.80840842311268]},"id":"1725","properties":{"lossyear":21}},{"type":"Feature","geometry":{"geodesic":false,"type":"Point","coordinates":[147.55584615199552,-41.658389770664726]},"id":"1726","properties":{}},{"type":"Feature","geometry":{"geodesic":false,"type":"Point","coordinates":[146.51290210713273,-42.197378941136435]},"id":"1727","properties":{"lossyear":21}},{"type":"Feature","geometry":{"geodesic":false,"type":"Point","coordinates":[147.72383111012584,-41.97639338124304]},"id":"1728","properties":{"lossyear":21}},{"type":"Feature","geometry":{"geodesic":false,"type":"Point","coordinates":[147.17765541738117,-43.22864488730565]},"id":"1729","properties":{"lossyear":21}},{"type":"Feature","geometry":{"geodesic":false,"type":"Point","coordinates":[147.64747431097572,-41.430217688498374]},"id":"1730","properties":{"lossyear":21}},{"type":"Feature","geometry":{"geodesic":false,"type":"Point","coordinates":[146.777905115948,-43.171152709122]},"id":"1731","properties":{"lossyear":20}},{"type":"Feature","geometry":{"geodesic":false,"type":"Point","coordinates":[145.16902244208995,-41.81020505368093]},"id":"1732","properties":{"lossyear":21}},{"type":"Feature","geometry":{"geodesic":false,"type":"Point","coordinates":[144.8501205162275,-41.282893981902774]},"id":"1733","properties":{"lossyear":21}},{"type":"Feature","geometry":{"geodesic":false,"type":"Point","coordinates":[145.8571319497255,-41.53352394617211]},"id":"1734","properties":{"lossyear":21}},{"type":"Feature","geometry":{"geodesic":false,"type":"Point","coordinates":[147.73461089353532,-41.955732129708295]},"id":"1735","properties":{}},{"type":"Feature","geometry":{"geodesic":false,"type":"Point","coordinates":[144.8995278568541,-41.49489638895497]},"id":"1736","properties":{"lossyear":21}},{"type":"Feature","geometry":{"geodesic":false,"type":"Point","coordinates":[147.9295453101892,-41.434709264918965]},"id":"1737","properties":{}},{"type":"Feature","geometry":{"geodesic":false,"type":"Point","coordinates":[145.16003928924874,-41.466150299863145]},"id":"1738","properties":{"lossyear":21}},{"type":"Feature","geometry":{"geodesic":false,"type":"Point","coordinates":[144.92827394594593,-41.06460336786172]},"id":"1739","properties":{"lossyear":21}},{"type":"Feature","geometry":{"geodesic":false,"type":"Point","coordinates":[145.10883531805393,-41.80930673839681]},"id":"1740","properties":{"lossyear":21}},{"type":"Feature","geometry":{"geodesic":false,"type":"Point","coordinates":[146.09877876115365,-41.39248844656535]},"id":"1741","properties":{}},{"type":"Feature","geometry":{"geodesic":false,"type":"Point","coordinates":[144.91749416253646,-41.51555764048972]},"id":"1742","properties":{}},{"type":"Feature","geometry":{"geodesic":false,"type":"Point","coordinates":[147.85678177217557,-42.46867015694053]},"id":"1743","properties":{"lossyear":21}},{"type":"Feature","geometry":{"geodesic":false,"type":"Point","coordinates":[144.80520475202155,-41.28109735133452]},"id":"1744","properties":{"lossyear":21}},{"type":"Feature","geometry":{"geodesic":false,"type":"Point","coordinates":[144.77735697821385,-41.287385558323365]},"id":"1745","properties":{"lossyear":21}},{"type":"Feature","geometry":{"geodesic":false,"type":"Point","coordinates":[147.90708742808624,-41.570354872821014]},"id":"1746","properties":{"lossyear":21}},{"type":"Feature","geometry":{"geodesic":false,"type":"Point","coordinates":[144.78095023935032,-41.30086028758515]},"id":"1747","properties":{"lossyear":21}},{"type":"Feature","geometry":{"geodesic":false,"type":"Point","coordinates":[147.72293279484177,-42.068919855507346]},"id":"1748","properties":{"lossyear":21}},{"type":"Feature","geometry":{"geodesic":false,"type":"Point","coordinates":[145.80323303267835,-41.44459073304428]},"id":"1749","properties":{"lossyear":21}},{"type":"Feature","geometry":{"geodesic":false,"type":"Point","coordinates":[144.84113736338634,-41.2981653417328]},"id":"1750","properties":{"lossyear":21}},{"type":"Feature","geometry":{"geodesic":false,"type":"Point","coordinates":[145.25705733993368,-42.30607509051491]},"id":"1751","properties":{}},{"type":"Feature","geometry":{"geodesic":false,"type":"Point","coordinates":[144.75220415025848,-41.27750409019805]},"id":"1752","properties":{"lossyear":21}},{"type":"Feature","geometry":{"geodesic":false,"type":"Point","coordinates":[146.17783050615617,-41.46974356099963]},"id":"1753","properties":{"lossyear":21}},{"type":"Feature","geometry":{"geodesic":false,"type":"Point","coordinates":[145.2354977731148,-42.346499278300286]},"id":"1754","properties":{"lossyear":21}},{"type":"Feature","geometry":{"geodesic":false,"type":"Point","coordinates":[145.27502364561605,-42.3563807464256]},"id":"1755","properties":{}},{"type":"Feature","geometry":{"geodesic":false,"type":"Point","coordinates":[145.2085483145912,-41.524540793330914]},"id":"1756","properties":{}},{"type":"Feature","geometry":{"geodesic":false,"type":"Point","coordinates":[146.98541594657962,-42.19468399528408]},"id":"1757","properties":{"lossyear":21}},{"type":"Feature","geometry":{"geodesic":false,"type":"Point","coordinates":[144.89323964986528,-41.51286269463736]},"id":"1758","properties":{}},{"type":"Feature","geometry":{"geodesic":false,"type":"Point","coordinates":[147.75886540620655,-41.25863946923154]},"id":"1759","properties":{"lossyear":21}},{"type":"Feature","geometry":{"geodesic":false,"type":"Point","coordinates":[147.559439413132,-41.019687603655754]},"id":"1760","properties":{}},{"type":"Feature","geometry":{"geodesic":false,"type":"Point","coordinates":[146.43924025383495,-41.46704861514726]},"id":"1761","properties":{"lossyear":21}},{"type":"Feature","geometry":{"geodesic":false,"type":"Point","coordinates":[144.94085035992362,-41.711390372427786]},"id":"1762","properties":{}},{"type":"Feature","geometry":{"geodesic":false,"type":"Point","coordinates":[144.9597149808901,-41.54520204486566]},"id":"1763","properties":{"lossyear":21}},{"type":"Feature","geometry":{"geodesic":false,"type":"Point","coordinates":[147.9555964534287,-41.37991203258767]},"id":"1764","properties":{}},{"type":"Feature","geometry":{"geodesic":false,"type":"Point","coordinates":[148.11908983513848,-41.69162743617714]},"id":"1765","properties":{"lossyear":21}},{"type":"Feature","geometry":{"geodesic":false,"type":"Point","coordinates":[144.8078996978739,-41.27930072076629]},"id":"1766","properties":{"lossyear":21}},{"type":"Feature","geometry":{"geodesic":false,"type":"Point","coordinates":[146.5614111324752,-42.889980025192585]},"id":"1767","properties":{"lossyear":21}},{"type":"Feature","geometry":{"geodesic":false,"type":"Point","coordinates":[145.10703868748573,-41.500286280659694]},"id":"1768","properties":{"lossyear":21}},{"type":"Feature","geometry":{"geodesic":false,"type":"Point","coordinates":[146.94319512822602,-43.08042286542593]},"id":"1769","properties":{"lossyear":21}},{"type":"Feature","geometry":{"geodesic":false,"type":"Point","coordinates":[145.35227876005035,-41.88746016811521]},"id":"1770","properties":{"lossyear":21}},{"type":"Feature","geometry":{"geodesic":false,"type":"Point","coordinates":[145.29029500544607,-41.46704861514726]},"id":"1771","properties":{"lossyear":21}},{"type":"Feature","geometry":{"geodesic":false,"type":"Point","coordinates":[147.42828538165054,-41.10233260979474]},"id":"1772","properties":{}},{"type":"Feature","geometry":{"geodesic":false,"type":"Point","coordinates":[145.38641474084687,-40.973873524165654]},"id":"1773","properties":{"lossyear":21}},{"type":"Feature","geometry":{"geodesic":false,"type":"Point","coordinates":[144.876171659467,-41.28109735133452]},"id":"1774","properties":{"lossyear":21}},{"type":"Feature","geometry":{"geodesic":false,"type":"Point","coordinates":[145.2319045119783,-42.33661781017497]},"id":"1775","properties":{"lossyear":21}},{"type":"Feature","geometry":{"geodesic":false,"type":"Point","coordinates":[144.95252845861717,-41.52094753219444]},"id":"1776","properties":{"lossyear":21}},{"type":"Feature","geometry":{"geodesic":false,"type":"Point","coordinates":[144.89773122628583,-41.52094753219444]},"id":"1777","properties":{"lossyear":21}},{"type":"Feature","geometry":{"geodesic":false,"type":"Point","coordinates":[146.66471739014895,-41.9701051742542]},"id":"1778","properties":{"lossyear":21}},{"type":"Feature","geometry":{"geodesic":false,"type":"Point","coordinates":[144.64440631616412,-41.02058591893987]},"id":"1779","properties":{}},{"type":"Feature","geometry":{"geodesic":false,"type":"Point","coordinates":[148.11639488928608,-41.6296436815729]},"id":"1780","properties":{"lossyear":21}},{"type":"Feature","geometry":{"geodesic":false,"type":"Point","coordinates":[145.93798032529628,-41.371827195030605]},"id":"1781","properties":{"lossyear":21}},{"type":"Feature","geometry":{"geodesic":false,"type":"Point","coordinates":[146.8919911570312,-43.07233802786885]},"id":"1782","properties":{"lossyear":21}},{"type":"Feature","geometry":{"geodesic":false,"type":"Point","coordinates":[145.26244723163836,-42.33032960318613]},"id":"1783","properties":{}},{"type":"Feature","geometry":{"geodesic":false,"type":"Point","coordinates":[144.8123912742945,-41.28648724303925]},"id":"1784","properties":{"lossyear":21}},{"type":"Feature","geometry":{"geodesic":false,"type":"Point","coordinates":[147.34474206022742,-41.21641865087793]},"id":"1785","properties":{"lossyear":21}},{"type":"Feature","geometry":{"geodesic":false,"type":"Point","coordinates":[146.98811089243196,-41.18857087707022]},"id":"1786","properties":{"lossyear":21}},{"type":"Feature","geometry":{"geodesic":false,"type":"Point","coordinates":[146.4509183525285,-42.26115932630893]},"id":"1787","properties":{"lossyear":21}},{"type":"Feature","geometry":{"geodesic":false,"type":"Point","coordinates":[144.85371377736402,-41.29367376531221]},"id":"1788","properties":{"lossyear":21}},{"type":"Feature","geometry":{"geodesic":false,"type":"Point","coordinates":[145.25615902464955,-42.347397593584404]},"id":"1789","properties":{"lossyear":21}},{"type":"Feature","geometry":{"geodesic":false,"type":"Point","coordinates":[146.1832203978609,-41.79223874799854]},"id":"1790","properties":{}},{"type":"Feature","geometry":{"geodesic":false,"type":"Point","coordinates":[148.08854711547838,-41.13467196002304]},"id":"1791","properties":{"lossyear":21}},{"type":"Feature","geometry":{"geodesic":false,"type":"Point","coordinates":[144.7701704559409,-41.27930072076629]},"id":"1792","properties":{"lossyear":21}},{"type":"Feature","geometry":{"geodesic":false,"type":"Point","coordinates":[145.97930282836575,-42.769605777120574]},"id":"1793","properties":{"lossyear":21}},{"type":"Feature","geometry":{"geodesic":false,"type":"Point","coordinates":[147.86037503331204,-42.57556967575076]},"id":"1794","properties":{"lossyear":21}},{"type":"Feature","geometry":{"geodesic":false,"type":"Point","coordinates":[148.2592270194611,-41.47064187628375]},"id":"1795","properties":{}},{"type":"Feature","geometry":{"geodesic":false,"type":"Point","coordinates":[146.37905312979893,-41.48321829026142]},"id":"1796","properties":{"lossyear":21}},{"type":"Feature","geometry":{"geodesic":false,"type":"Point","coordinates":[145.29927815828728,-42.15066654636223]},"id":"1797","properties":{"lossyear":21}},{"type":"Feature","geometry":{"geodesic":false,"type":"Point","coordinates":[146.3592901935483,-41.46974356099963]},"id":"1798","properties":{"lossyear":21}},{"type":"Feature","geometry":{"geodesic":false,"type":"Point","coordinates":[144.9372570987871,-41.68264428333596]},"id":"1799","properties":{}},{"type":"Feature","geometry":{"geodesic":false,"type":"Point","coordinates":[145.20315842288647,-42.3195498197767]},"id":"1800","properties":{"lossyear":21}},{"type":"Feature","geometry":{"geodesic":false,"type":"Point","coordinates":[144.9489351974807,-41.51735427105797]},"id":"1801","properties":{"lossyear":21}},{"type":"Feature","geometry":{"geodesic":false,"type":"Point","coordinates":[146.5614111324752,-42.90075980860203]},"id":"1802","properties":{"lossyear":21}},{"type":"Feature","geometry":{"geodesic":false,"type":"Point","coordinates":[146.78419332293686,-41.6386268344141]},"id":"1803","properties":{"lossyear":21}},{"type":"Feature","geometry":{"geodesic":false,"type":"Point","coordinates":[146.58207238400996,-42.88908170990847]},"id":"1804","properties":{"lossyear":21}},{"type":"Feature","geometry":{"geodesic":false,"type":"Point","coordinates":[144.86629019134165,-41.28828387360748]},"id":"1805","properties":{"lossyear":21}},{"type":"Feature","geometry":{"geodesic":false,"type":"Point","coordinates":[146.5892589062829,-42.93489578939857]},"id":"1806","properties":{"lossyear":21}},{"type":"Feature","geometry":{"geodesic":false,"type":"Point","coordinates":[147.95469813814458,-41.75720445191787]},"id":"1807","properties":{}},{"type":"Feature","geometry":{"geodesic":false,"type":"Point","coordinates":[145.29209163601433,-42.31236329750374]},"id":"1808","properties":{"lossyear":21}},{"type":"Feature","geometry":{"geodesic":false,"type":"Point","coordinates":[144.93456215293475,-40.93255102109616]},"id":"1809","properties":{"lossyear":21}},{"type":"Feature","geometry":{"geodesic":false,"type":"Point","coordinates":[145.63884133568445,-41.441895787191925]},"id":"1810","properties":{"lossyear":21}},{"type":"Feature","geometry":{"geodesic":false,"type":"Point","coordinates":[147.25311390124722,-41.16251973383075]},"id":"1811","properties":{"lossyear":21}},{"type":"Feature","geometry":{"geodesic":false,"type":"Point","coordinates":[144.75400078082674,-41.29277545002809]},"id":"1812","properties":{"lossyear":21}},{"type":"Feature","geometry":{"geodesic":false,"type":"Point","coordinates":[146.68358201111545,-42.43094091500751]},"id":"1813","properties":{"lossyear":21}},{"type":"Feature","geometry":{"geodesic":false,"type":"Point","coordinates":[145.27771859146839,-42.30697340579903]},"id":"1814","properties":{"lossyear":21}},{"type":"Feature","geometry":{"geodesic":false,"type":"Point","coordinates":[146.45002003724437,-42.26565090272952]},"id":"1815","properties":{"lossyear":21}},{"type":"Feature","geometry":{"geodesic":false,"type":"Point","coordinates":[145.7062149819934,-41.01878928837162]},"id":"1816","properties":{"lossyear":21}},{"type":"Feature","geometry":{"geodesic":false,"type":"Point","coordinates":[146.1787288214403,-41.48411660554554]},"id":"1817","properties":{}},{"type":"Feature","geometry":{"geodesic":false,"type":"Point","coordinates":[145.29837984300315,-42.29799025295783]},"id":"1818","properties":{"lossyear":21}},{"type":"Feature","geometry":{"geodesic":false,"type":"Point","coordinates":[144.79981486031681,-41.30086028758515]},"id":"1819","properties":{"lossyear":21}},{"type":"Feature","geometry":{"geodesic":false,"type":"Point","coordinates":[145.88587803881734,-41.313436701562836]},"id":"1820","properties":{"lossyear":21}},{"type":"Feature","geometry":{"geodesic":false,"type":"Point","coordinates":[146.21286480223682,-41.53621889202448]},"id":"1821","properties":{"lossyear":21}},{"type":"Feature","geometry":{"geodesic":false,"type":"Point","coordinates":[145.2085483145912,-42.31236329750374]},"id":"1822","properties":{"lossyear":21}},{"type":"Feature","geometry":{"geodesic":false,"type":"Point","coordinates":[146.90456757100884,-42.85674235968017]},"id":"1823","properties":{"lossyear":22}},{"type":"Feature","geometry":{"geodesic":false,"type":"Point","coordinates":[146.86594001379171,-41.9790883270954]},"id":"1824","properties":{"lossyear":21}},{"type":"Feature","geometry":{"geodesic":false,"type":"Point","coordinates":[144.83484915639747,-41.275707459629814]},"id":"1825","properties":{"lossyear":21}},{"type":"Feature","geometry":{"geodesic":false,"type":"Point","coordinates":[145.29029500544607,-41.45087894003312]},"id":"1826","properties":{"lossyear":21}},{"type":"Feature","geometry":{"geodesic":false,"type":"Point","coordinates":[146.76083712554976,-42.78577545223473]},"id":"1827","properties":{"lossyear":21}},{"type":"Feature","geometry":{"geodesic":false,"type":"Point","coordinates":[146.1248299043931,-41.43111600378249]},"id":"1828","properties":{"lossyear":21}},{"type":"Feature","geometry":{"geodesic":false,"type":"Point","coordinates":[148.04991955826125,-40.76995595467052]},"id":"1829","properties":{}},{"type":"Feature","geometry":{"geodesic":false,"type":"Point","coordinates":[145.22831125084184,-42.324939711481406]},"id":"1830","properties":{"lossyear":21}},{"type":"Feature","geometry":{"geodesic":false,"type":"Point","coordinates":[146.7680236478227,-42.776792299393534]},"id":"1831","properties":{"lossyear":21}},{"type":"Feature","geometry":{"geodesic":false,"type":"Point","coordinates":[144.92198573895706,-41.49848965009146]},"id":"1832","properties":{"lossyear":21}},{"type":"Feature","geometry":{"geodesic":false,"type":"Point","coordinates":[146.4724779193474,-42.58904440501256]},"id":"1833","properties":{"lossyear":21}},{"type":"Feature","geometry":{"geodesic":false,"type":"Point","coordinates":[145.12410667788396,-40.95321227263091]},"id":"1834","properties":{"lossyear":21}},{"type":"Feature","geometry":{"geodesic":false,"type":"Point","coordinates":[144.9228840542412,-41.69162743617714]},"id":"1835","properties":{"lossyear":21}},{"type":"Feature","geometry":{"geodesic":false,"type":"Point","coordinates":[146.78598995350507,-42.7749956688253]},"id":"1836","properties":{"lossyear":21}},{"type":"Feature","geometry":{"geodesic":false,"type":"Point","coordinates":[145.29837984300315,-41.46255703872667]},"id":"1837","properties":{}},{"type":"Feature","geometry":{"geodesic":false,"type":"Point","coordinates":[144.8824598664558,-41.287385558323365]},"id":"1838","properties":{"lossyear":21}},{"type":"Feature","geometry":{"geodesic":false,"type":"Point","coordinates":[146.44822340667616,-42.26115932630893]},"id":"1839","properties":{"lossyear":21}},{"type":"Feature","geometry":{"geodesic":false,"type":"Point","coordinates":[145.27592196090018,-42.333024549038484]},"id":"1840","properties":{"lossyear":21}},{"type":"Feature","geometry":{"geodesic":false,"type":"Point","coordinates":[145.16363255038522,-40.87416052762839]},"id":"1841","properties":{"lossyear":14}},{"type":"Feature","geometry":{"geodesic":false,"type":"Point","coordinates":[145.2184297827165,-42.32943128790201]},"id":"1842","properties":{}},{"type":"Feature","geometry":{"geodesic":false,"type":"Point","coordinates":[146.161660831042,-43.41998604282311]},"id":"1843","properties":{}},{"type":"Feature","geometry":{"geodesic":false,"type":"Point","coordinates":[145.29298995129847,-42.33841444074321]},"id":"1844","properties":{}},{"type":"Feature","geometry":{"geodesic":false,"type":"Point","coordinates":[145.54721317670425,-41.23977484826503]},"id":"1845","properties":{}},{"type":"Feature","geometry":{"geodesic":false,"type":"Point","coordinates":[144.88425649702407,-41.27121588320921]},"id":"1846","properties":{"lossyear":21}},{"type":"Feature","geometry":{"geodesic":false,"type":"Point","coordinates":[145.28041353732078,-42.28361720841191]},"id":"1847","properties":{"lossyear":21}},{"type":"Feature","geometry":{"geodesic":false,"type":"Point","coordinates":[145.86701341785084,-41.53352394617211]},"id":"1848","properties":{"lossyear":21}},{"type":"Feature","geometry":{"geodesic":false,"type":"Point","coordinates":[145.21573483686416,-42.33661781017497]},"id":"1849","properties":{"lossyear":21}},{"type":"Feature","geometry":{"geodesic":false,"type":"Point","coordinates":[147.33306396153387,-41.96471528254948]},"id":"1850","properties":{}},{"type":"Feature","geometry":{"geodesic":false,"type":"Point","coordinates":[146.3826463909354,-42.15515812278282]},"id":"1851","properties":{"lossyear":21}},{"type":"Feature","geometry":{"geodesic":false,"type":"Point","coordinates":[144.92557900009353,-41.51555764048972]},"id":"1852","properties":{"lossyear":21}},{"type":"Feature","geometry":{"geodesic":false,"type":"Point","coordinates":[146.6108184731018,-41.299063657016916]},"id":"1853","properties":{"lossyear":21}},{"type":"Feature","geometry":{"geodesic":false,"type":"Point","coordinates":[145.1312932001569,-41.523642478046796]},"id":"1854","properties":{}},{"type":"Feature","geometry":{"geodesic":false,"type":"Point","coordinates":[148.08675048491017,-41.13557027530716]},"id":"1855","properties":{"lossyear":21}},{"type":"Feature","geometry":{"geodesic":false,"type":"Point","coordinates":[144.8447306245228,-41.27660577491393]},"id":"1856","properties":{"lossyear":21}},{"type":"Feature","geometry":{"geodesic":false,"type":"Point","coordinates":[146.3826463909354,-41.48321829026142]},"id":"1857","properties":{"lossyear":21}},{"type":"Feature","geometry":{"geodesic":false,"type":"Point","coordinates":[145.13668309186164,-41.519150901626205]},"id":"1858","properties":{"lossyear":21}},{"type":"Feature","geometry":{"geodesic":false,"type":"Point","coordinates":[145.26693880805897,-42.31775318920846]},"id":"1859","properties":{}},{"type":"Feature","geometry":{"geodesic":false,"type":"Point","coordinates":[145.25795565521776,-42.33841444074321]},"id":"1860","properties":{"lossyear":9}},{"type":"Feature","geometry":{"geodesic":false,"type":"Point","coordinates":[147.73640752410353,-41.967410228401846]},"id":"1861","properties":{"lossyear":21}},{"type":"Feature","geometry":{"geodesic":false,"type":"Point","coordinates":[145.26873543862723,-42.313261612787855]},"id":"1862","properties":{"lossyear":21}},{"type":"Feature","geometry":{"geodesic":false,"type":"Point","coordinates":[145.21483652158003,-42.32134645034493]},"id":"1863","properties":{"lossyear":21}},{"type":"Feature","geometry":{"geodesic":false,"type":"Point","coordinates":[144.9417486752077,-41.51735427105797]},"id":"1864","properties":{"lossyear":21}},{"type":"Feature","geometry":{"geodesic":false,"type":"Point","coordinates":[147.4552348401741,-41.11940060019302]},"id":"1865","properties":{"lossyear":21}},{"type":"Feature","geometry":{"geodesic":false,"type":"Point","coordinates":[145.4016861006769,-40.973873524165654]},"id":"1866","properties":{"lossyear":21}},{"type":"Feature","geometry":{"geodesic":false,"type":"Point","coordinates":[146.54074988094044,-42.3563807464256]},"id":"1867","properties":{"lossyear":21}},{"type":"Feature","geometry":{"geodesic":false,"type":"Point","coordinates":[144.84113736338634,-41.00980613553044]},"id":"1868","properties":{}},{"type":"Feature","geometry":{"geodesic":false,"type":"Point","coordinates":[144.88605312759228,-41.274809144345696]},"id":"1869","properties":{"lossyear":21}},{"type":"Feature","geometry":{"geodesic":false,"type":"Point","coordinates":[146.13560968780257,-41.35475920463233]},"id":"1870","properties":{"lossyear":21}},{"type":"Feature","geometry":{"geodesic":false,"type":"Point","coordinates":[145.11781847089514,-41.80840842311268]},"id":"1871","properties":{"lossyear":21}},{"type":"Feature","geometry":{"geodesic":false,"type":"Point","coordinates":[144.91929079310472,-41.52004921691032]},"id":"1872","properties":{"lossyear":21}},{"type":"Feature","geometry":{"geodesic":false,"type":"Point","coordinates":[145.55619632954546,-41.02058591893987]},"id":"1873","properties":{}},{"type":"Feature","geometry":{"geodesic":false,"type":"Point","coordinates":[146.05565962751592,-41.44279410247604]},"id":"1874","properties":{"lossyear":21}},{"type":"Feature","geometry":{"geodesic":false,"type":"Point","coordinates":[148.11998815042256,-41.6988139584501]},"id":"1875","properties":{}},{"type":"Feature","geometry":{"geodesic":false,"type":"Point","coordinates":[147.1785537326653,-43.217865103896216]},"id":"1876","properties":{"lossyear":21}},{"type":"Feature","geometry":{"geodesic":false,"type":"Point","coordinates":[144.92468068480946,-41.493099758386734]},"id":"1877","properties":{"lossyear":21}},{"type":"Feature","geometry":{"geodesic":false,"type":"Point","coordinates":[144.8546120926481,-41.27301251377746]},"id":"1878","properties":{"lossyear":21}},{"type":"Feature","geometry":{"geodesic":false,"type":"Point","coordinates":[145.26693880805897,-42.30517677523078]},"id":"1879","properties":{}},{"type":"Feature","geometry":{"geodesic":false,"type":"Point","coordinates":[147.77773002717305,-41.88746016811521]},"id":"1880","properties":{"lossyear":21}},{"type":"Feature","geometry":{"geodesic":false,"type":"Point","coordinates":[144.9318672070824,-41.712288687711904]},"id":"1881","properties":{}},{"type":"Feature","geometry":{"geodesic":false,"type":"Point","coordinates":[144.79711991446447,-41.29367376531221]},"id":"1882","properties":{"lossyear":21}},{"type":"Feature","geometry":{"geodesic":false,"type":"Point","coordinates":[144.87886660531933,-41.49669301952321]},"id":"1883","properties":{}},{"type":"Feature","geometry":{"geodesic":false,"type":"Point","coordinates":[147.75886540620655,-41.11221407792006]},"id":"1884","properties":{"lossyear":21}},{"type":"Feature","geometry":{"geodesic":false,"type":"Point","coordinates":[145.9298954877392,-41.52723573918328]},"id":"1885","properties":{"lossyear":21}},{"type":"Feature","geometry":{"geodesic":false,"type":"Point","coordinates":[145.61368850772914,-41.18138435479726]},"id":"1886","properties":{"lossyear":3}},{"type":"Feature","geometry":{"geodesic":false,"type":"Point","coordinates":[146.52637683639455,-42.51178929057828]},"id":"1887","properties":{"lossyear":21}},{"type":"Feature","geometry":{"geodesic":false,"type":"Point","coordinates":[145.23459945783065,-41.7446280379402]},"id":"1888","properties":{"lossyear":21}},{"type":"Feature","geometry":{"geodesic":false,"type":"Point","coordinates":[146.56680102417994,-42.88638676405611]},"id":"1889","properties":{"lossyear":21}},{"type":"Feature","geometry":{"geodesic":false,"type":"Point","coordinates":[145.53733170857896,-41.16341804911487]},"id":"1890","properties":{"lossyear":21}},{"type":"Feature","geometry":{"geodesic":false,"type":"Point","coordinates":[145.24717587180834,-42.37434705210799]},"id":"1891","properties":{"lossyear":21}},{"type":"Feature","geometry":{"geodesic":false,"type":"Point","coordinates":[146.51200379184866,-42.191989049431726]},"id":"1892","properties":{"lossyear":21}},{"type":"Feature","geometry":{"geodesic":false,"type":"Point","coordinates":[145.11153026390627,-41.80391684669209]},"id":"1893","properties":{"lossyear":21}},{"type":"Feature","geometry":{"geodesic":false,"type":"Point","coordinates":[146.5290717822469,-41.62605042043643]},"id":"1894","properties":{"lossyear":21}},{"type":"Feature","geometry":{"geodesic":false,"type":"Point","coordinates":[147.54596468387018,-41.647609987255294]},"id":"1895","properties":{"lossyear":21}},{"type":"Feature","geometry":{"geodesic":false,"type":"Point","coordinates":[144.84742557037515,-41.275707459629814]},"id":"1896","properties":{"lossyear":21}},{"type":"Feature","geometry":{"geodesic":false,"type":"Point","coordinates":[146.05835457336826,-42.512687605862396]},"id":"1897","properties":{"lossyear":21}},{"type":"Feature","geometry":{"geodesic":false,"type":"Point","coordinates":[144.936358783503,-41.51735427105797]},"id":"1898","properties":{"lossyear":21}},{"type":"Feature","geometry":{"geodesic":false,"type":"Point","coordinates":[146.86055012208703,-41.70061058901834]},"id":"1899","properties":{"lossyear":21}},{"type":"Feature","geometry":{"geodesic":false,"type":"Point","coordinates":[144.94085035992362,-41.5146593252056]},"id":"1900","properties":{"lossyear":21}},{"type":"Feature","geometry":{"geodesic":false,"type":"Point","coordinates":[145.25705733993368,-42.34560096301617]},"id":"1901","properties":{}},{"type":"Feature","geometry":{"geodesic":false,"type":"Point","coordinates":[147.72203447955764,-41.28469061247101]},"id":"1902","properties":{"lossyear":21}},{"type":"Feature","geometry":{"geodesic":false,"type":"Point","coordinates":[147.57740571881436,-42.549518532511286]},"id":"1903","properties":{"lossyear":21}},{"type":"Feature","geometry":{"geodesic":false,"type":"Point","coordinates":[144.8267643188404,-40.845414438536565]},"id":"1904","properties":{}},{"type":"Feature","geometry":{"geodesic":false,"type":"Point","coordinates":[147.86666324030085,-41.1652146796831]},"id":"1905","properties":{"lossyear":21}},{"type":"Feature","geometry":{"geodesic":false,"type":"Point","coordinates":[145.2256163049895,-42.32673634204966]},"id":"1906","properties":{"lossyear":21}},{"type":"Feature","geometry":{"geodesic":false,"type":"Point","coordinates":[146.27754350269345,-42.15695475335106]},"id":"1907","properties":{"lossyear":21}},{"type":"Feature","geometry":{"geodesic":false,"type":"Point","coordinates":[147.371691518751,-41.19216413820669]},"id":"1908","properties":{}},{"type":"Feature","geometry":{"geodesic":false,"type":"Point","coordinates":[145.26244723163836,-42.3563807464256]},"id":"1909","properties":{}},{"type":"Feature","geometry":{"geodesic":false,"type":"Point","coordinates":[144.71267827775722,-41.06101010672525]},"id":"1910","properties":{}},{"type":"Feature","geometry":{"geodesic":false,"type":"Point","coordinates":[145.94157358643275,-41.08526461939647]},"id":"1911","properties":{"lossyear":21}},{"type":"Feature","geometry":{"geodesic":false,"type":"Point","coordinates":[145.2489725023766,-42.34829590886852]},"id":"1912","properties":{"lossyear":21}},{"type":"Feature","geometry":{"geodesic":false,"type":"Point","coordinates":[146.57398754645288,-42.904353069738505]},"id":"1913","properties":{"lossyear":21}},{"type":"Feature","geometry":{"geodesic":false,"type":"Point","coordinates":[146.93511029066894,-43.34991745066179]},"id":"1914","properties":{"lossyear":21}},{"type":"Feature","geometry":{"geodesic":false,"type":"Point","coordinates":[144.85551040793223,-41.27031756792509]},"id":"1915","properties":{"lossyear":21}},{"type":"Feature","geometry":{"geodesic":false,"type":"Point","coordinates":[147.7426957310924,-41.953935499140044]},"id":"1916","properties":{"lossyear":21}},{"type":"Feature","geometry":{"geodesic":false,"type":"Point","coordinates":[144.92198573895706,-41.523642478046796]},"id":"1917","properties":{"lossyear":21}},{"type":"Feature","geometry":{"geodesic":false,"type":"Point","coordinates":[147.61333833017915,-41.39787833827006]},"id":"1918","properties":{"lossyear":8}},{"type":"Feature","geometry":{"geodesic":false,"type":"Point","coordinates":[145.17531064907877,-41.812899999533286]},"id":"1919","properties":{"lossyear":21}},{"type":"Feature","geometry":{"geodesic":false,"type":"Point","coordinates":[145.03517346475616,-40.985551622859205]},"id":"1920","properties":{"lossyear":21}},{"type":"Feature","geometry":{"geodesic":false,"type":"Point","coordinates":[144.81059464372623,-41.275707459629814]},"id":"1921","properties":{}},{"type":"Feature","geometry":{"geodesic":false,"type":"Point","coordinates":[147.71574627256877,-42.58095956745548]},"id":"1922","properties":{}},{"type":"Feature","geometry":{"geodesic":false,"type":"Point","coordinates":[148.0319532525789,-41.555083512990976]},"id":"1923","properties":{"lossyear":21}},{"type":"Feature","geometry":{"geodesic":false,"type":"Point","coordinates":[145.36305854345977,-41.9377658240259]},"id":"1924","properties":{"lossyear":21}},{"type":"Feature","geometry":{"geodesic":false,"type":"Point","coordinates":[145.3127528875491,-41.47693008327258]},"id":"1925","properties":{"lossyear":21}},{"type":"Feature","geometry":{"geodesic":false,"type":"Point","coordinates":[146.53625830451983,-41.620660528731705]},"id":"1926","properties":{"lossyear":21}},{"type":"Feature","geometry":{"geodesic":false,"type":"Point","coordinates":[147.75976372149063,-41.11940060019302]},"id":"1927","properties":{"lossyear":21}},{"type":"Feature","geometry":{"geodesic":false,"type":"Point","coordinates":[147.8639682944485,-42.44531395955343]},"id":"1928","properties":{"lossyear":21}},{"type":"Feature","geometry":{"geodesic":false,"type":"Point","coordinates":[146.34312051843415,-43.04628688462938]},"id":"1929","properties":{"lossyear":21}},{"type":"Feature","geometry":{"geodesic":false,"type":"Point","coordinates":[144.64260968559591,-40.99543309098452]},"id":"1930","properties":{}},{"type":"Feature","geometry":{"geodesic":false,"type":"Point","coordinates":[144.8123912742945,-41.287385558323365]},"id":"1931","properties":{"lossyear":21}},{"type":"Feature","geometry":{"geodesic":false,"type":"Point","coordinates":[145.2723286997637,-42.35368580057323]},"id":"1932","properties":{"lossyear":21}},{"type":"Feature","geometry":{"geodesic":false,"type":"Point","coordinates":[145.56697611295488,-40.965788686608576]},"id":"1933","properties":{"lossyear":21}},{"type":"Feature","geometry":{"geodesic":false,"type":"Point","coordinates":[144.82496768827218,-41.06011179144113]},"id":"1934","properties":{"lossyear":21}},{"type":"Feature","geometry":{"geodesic":false,"type":"Point","coordinates":[146.5703942853164,-42.916929483716174]},"id":"1935","properties":{"lossyear":21}},{"type":"Feature","geometry":{"geodesic":false,"type":"Point","coordinates":[147.75796709092242,-43.11905042264307]},"id":"1936","properties":{}},{"type":"Feature","geometry":{"geodesic":false,"type":"Point","coordinates":[144.97139307958366,-40.965788686608576]},"id":"1937","properties":{"lossyear":21}},{"type":"Feature","geometry":{"geodesic":false,"type":"Point","coordinates":[146.800362998051,-42.86482719723725]},"id":"1938","properties":{"lossyear":21}},{"type":"Feature","geometry":{"geodesic":false,"type":"Point","coordinates":[144.7764586629297,-41.28828387360748]},"id":"1939","properties":{"lossyear":21}},{"type":"Feature","geometry":{"geodesic":false,"type":"Point","coordinates":[147.05458622345685,-43.10108411696068]},"id":"1940","properties":{}},{"type":"Feature","geometry":{"geodesic":false,"type":"Point","coordinates":[146.9467883893625,-43.36159554935534]},"id":"1941","properties":{"lossyear":21}},{"type":"Feature","geometry":{"geodesic":false,"type":"Point","coordinates":[146.07632087905068,-42.49292466961177]},"id":"1942","properties":{"lossyear":21}},{"type":"Feature","geometry":{"geodesic":false,"type":"Point","coordinates":[145.2507691329448,-42.3195498197767]},"id":"1943","properties":{"lossyear":21}},{"type":"Feature","geometry":{"geodesic":false,"type":"Point","coordinates":[144.87257839833052,-41.294572080596325]},"id":"1944","properties":{"lossyear":21}},{"type":"Feature","geometry":{"geodesic":false,"type":"Point","coordinates":[144.8357474716816,-41.291877134743956]},"id":"1945","properties":{"lossyear":21}},{"type":"Feature","geometry":{"geodesic":false,"type":"Point","coordinates":[145.2354977731148,-42.339312756027326]},"id":"1946","properties":{"lossyear":21}},{"type":"Feature","geometry":{"geodesic":false,"type":"Point","coordinates":[145.06032629271147,-41.11041744735182]},"id":"1947","properties":{"lossyear":21}},{"type":"Feature","geometry":{"geodesic":false,"type":"Point","coordinates":[147.72203447955764,-41.28558892775513]},"id":"1948","properties":{"lossyear":21}},{"type":"Feature","geometry":{"geodesic":false,"type":"Point","coordinates":[145.91911570432973,-41.52903236975152]},"id":"1949","properties":{"lossyear":21}},{"type":"Feature","geometry":{"geodesic":false,"type":"Point","coordinates":[145.23010788141005,-42.34919422415264]},"id":"1950","properties":{"lossyear":21}},{"type":"Feature","geometry":{"geodesic":false,"type":"Point","coordinates":[144.8546120926481,-41.299961972301034]},"id":"1951","properties":{"lossyear":21}},{"type":"Feature","geometry":{"geodesic":false,"type":"Point","coordinates":[144.8034081214533,-41.29097881945984]},"id":"1952","properties":{"lossyear":21}},{"type":"Feature","geometry":{"geodesic":false,"type":"Point","coordinates":[145.15644602811227,-41.81020505368093]},"id":"1953","properties":{"lossyear":21}},{"type":"Feature","geometry":{"geodesic":false,"type":"Point","coordinates":[145.56248453653427,-41.0726882054188]},"id":"1954","properties":{"lossyear":21}},{"type":"Feature","geometry":{"geodesic":false,"type":"Point","coordinates":[144.65788104542594,-40.99183982984805]},"id":"1955","properties":{"lossyear":21}},{"type":"Feature","geometry":{"geodesic":false,"type":"Point","coordinates":[144.74771257383787,-41.30535186400576]},"id":"1956","properties":{"lossyear":21}},{"type":"Feature","geometry":{"geodesic":false,"type":"Point","coordinates":[144.80161149088508,-41.291877134743956]},"id":"1957","properties":{"lossyear":21}},{"type":"Feature","geometry":{"geodesic":false,"type":"Point","coordinates":[145.28310848317312,-42.31685487392434]},"id":"1958","properties":{"lossyear":21}},{"type":"Feature","geometry":{"geodesic":false,"type":"Point","coordinates":[146.93511029066894,-42.834284477577185]},"id":"1959","properties":{"lossyear":21}},{"type":"Feature","geometry":{"geodesic":false,"type":"Point","coordinates":[144.71357659304135,-41.06190842200937]},"id":"1960","properties":{"lossyear":21}},{"type":"Feature","geometry":{"geodesic":false,"type":"Point","coordinates":[145.244480925956,-42.33571949489085]},"id":"1961","properties":{"lossyear":21}},{"type":"Feature","geometry":{"geodesic":false,"type":"Point","coordinates":[148.10561510587667,-41.68084765276771]},"id":"1962","properties":{}},{"type":"Feature","geometry":{"geodesic":false,"type":"Point","coordinates":[147.01955192737614,-43.24122130128332]},"id":"1963","properties":{"lossyear":21}},{"type":"Feature","geometry":{"geodesic":false,"type":"Point","coordinates":[146.5569195560546,-42.28541383898015]},"id":"1964","properties":{"lossyear":21}},{"type":"Feature","geometry":{"geodesic":false,"type":"Point","coordinates":[145.29748152771901,-42.31775318920846]},"id":"1965","properties":{"lossyear":21}},{"type":"Feature","geometry":{"geodesic":false,"type":"Point","coordinates":[144.7908317074756,-41.31523333213107]},"id":"1966","properties":{"lossyear":21}},{"type":"Feature","geometry":{"geodesic":false,"type":"Point","coordinates":[147.04111149419504,-41.826374728795074]},"id":"1967","properties":{"lossyear":21}},{"type":"Feature","geometry":{"geodesic":false,"type":"Point","coordinates":[147.72922100183058,-41.95034223800357]},"id":"1968","properties":{}},{"type":"Feature","geometry":{"geodesic":false,"type":"Point","coordinates":[146.61261510367,-42.88818339462435]},"id":"1969","properties":{"lossyear":22}},{"type":"Feature","geometry":{"geodesic":false,"type":"Point","coordinates":[147.94751161587163,-41.75001792964491]},"id":"1970","properties":{}},{"type":"Feature","geometry":{"geodesic":false,"type":"Point","coordinates":[147.13004470732284,-42.250379542899495]},"id":"1971","properties":{}},{"type":"Feature","geometry":{"geodesic":false,"type":"Point","coordinates":[145.38821137141514,-42.21983682323943]},"id":"1972","properties":{"lossyear":21}},{"type":"Feature","geometry":{"geodesic":false,"type":"Point","coordinates":[144.8123912742945,-41.291877134743956]},"id":"1973","properties":{"lossyear":21}},{"type":"Feature","geometry":{"geodesic":false,"type":"Point","coordinates":[147.31599597113558,-42.950167149228605]},"id":"1974","properties":{"lossyear":21}},{"type":"Feature","geometry":{"geodesic":false,"type":"Point","coordinates":[145.5570946448296,-41.02238254950811]},"id":"1975","properties":{"lossyear":21}},{"type":"Feature","geometry":{"geodesic":false,"type":"Point","coordinates":[146.93690692123715,-43.46669843759733]},"id":"1976","properties":{"lossyear":21}},{"type":"Feature","geometry":{"geodesic":false,"type":"Point","coordinates":[145.98379440478635,-42.77319903825705]},"id":"1977","properties":{"lossyear":21}},{"type":"Feature","geometry":{"geodesic":false,"type":"Point","coordinates":[145.29029500544607,-42.3195498197767]},"id":"1978","properties":{}},{"type":"Feature","geometry":{"geodesic":false,"type":"Point","coordinates":[145.30107478885554,-42.44980553597402]},"id":"1979","properties":{"lossyear":21}},{"type":"Feature","geometry":{"geodesic":false,"type":"Point","coordinates":[146.8039562591875,-43.44873213191494]},"id":"1980","properties":{}},{"type":"Feature","geometry":{"geodesic":false,"type":"Point","coordinates":[145.25615902464955,-42.35548243114148]},"id":"1981","properties":{"lossyear":21}},{"type":"Feature","geometry":{"geodesic":false,"type":"Point","coordinates":[145.23459945783065,-41.74552635322432]},"id":"1982","properties":{}},{"type":"Feature","geometry":{"geodesic":false,"type":"Point","coordinates":[145.12680162373636,-40.9487206962103]},"id":"1983","properties":{"lossyear":22}},{"type":"Feature","geometry":{"geodesic":false,"type":"Point","coordinates":[147.66723724722635,-41.16162141854663]},"id":"1984","properties":{"lossyear":21}},{"type":"Feature","geometry":{"geodesic":false,"type":"Point","coordinates":[147.89630764467682,-41.369132249178236]},"id":"1985","properties":{"lossyear":21}},{"type":"Feature","geometry":{"geodesic":false,"type":"Point","coordinates":[147.74628899222887,-41.63144031214114]},"id":"1986","properties":{"lossyear":21}},{"type":"Feature","geometry":{"geodesic":false,"type":"Point","coordinates":[144.8806632358876,-41.5146593252056]},"id":"1987","properties":{"lossyear":22}},{"type":"Feature","geometry":{"geodesic":false,"type":"Point","coordinates":[144.748610889122,-41.313436701562836]},"id":"1988","properties":{"lossyear":21}},{"type":"Feature","geometry":{"geodesic":false,"type":"Point","coordinates":[145.3639568587439,-42.20187051755704]},"id":"1989","properties":{"lossyear":21}},{"type":"Feature","geometry":{"geodesic":false,"type":"Point","coordinates":[148.24844723605167,-41.595507700776366]},"id":"1990","properties":{}},{"type":"Feature","geometry":{"geodesic":false,"type":"Point","coordinates":[145.1294965695887,-41.466150299863145]},"id":"1991","properties":{"lossyear":21}},{"type":"Feature","geometry":{"geodesic":false,"type":"Point","coordinates":[144.9507318280489,-41.52993068503564]},"id":"1992","properties":{"lossyear":21}},{"type":"Feature","geometry":{"geodesic":false,"type":"Point","coordinates":[147.52620174761955,-41.38709855486063]},"id":"1993","properties":{"lossyear":22}},{"type":"Feature","geometry":{"geodesic":false,"type":"Point","coordinates":[146.10057539172192,-42.211751985682355]},"id":"1994","properties":{"lossyear":21}},{"type":"Feature","geometry":{"geodesic":false,"type":"Point","coordinates":[146.4185790023002,-42.180310950738175]},"id":"1995","properties":{}},{"type":"Feature","geometry":{"geodesic":false,"type":"Point","coordinates":[145.1250049931681,-41.52993068503564]},"id":"1996","properties":{"lossyear":21}},{"type":"Feature","geometry":{"geodesic":false,"type":"Point","coordinates":[148.04991955826125,-41.12658712246598]},"id":"1997","properties":{"lossyear":21}},{"type":"Feature","geometry":{"geodesic":false,"type":"Point","coordinates":[145.55080643784072,-41.166112994967236]},"id":"1998","properties":{}},{"type":"Feature","geometry":{"geodesic":false,"type":"Point","coordinates":[145.25256576351308,-42.35458411585735]},"id":"1999","properties":{"lossyear":21}},{"type":"Feature","geometry":{"geodesic":false,"type":"Point","coordinates":[147.54326973801784,-41.65479650952825]},"id":"2000","properties":{"lossyear":21}},{"type":"Feature","geometry":{"geodesic":false,"type":"Point","coordinates":[146.8192276190175,-42.815419856610674]},"id":"2001","properties":{"lossyear":21}},{"type":"Feature","geometry":{"geodesic":false,"type":"Point","coordinates":[146.20837322581622,-41.364640672757645]},"id":"2002","properties":{}},{"type":"Feature","geometry":{"geodesic":false,"type":"Point","coordinates":[145.30915962641257,-42.31146498221962]},"id":"2003","properties":{"lossyear":21}},{"type":"Feature","geometry":{"geodesic":false,"type":"Point","coordinates":[145.21393820629595,-42.31415992807197]},"id":"2004","properties":{"lossyear":21}},{"type":"Feature","geometry":{"geodesic":false,"type":"Point","coordinates":[146.94768670464663,-43.46400349174496]},"id":"2005","properties":{"lossyear":21}},{"type":"Feature","geometry":{"geodesic":false,"type":"Point","coordinates":[146.79946468276688,-41.61437232174288]},"id":"2006","properties":{"lossyear":21}},{"type":"Feature","geometry":{"geodesic":false,"type":"Point","coordinates":[144.89773122628583,-41.06819662899821]},"id":"2007","properties":{"lossyear":21}},{"type":"Feature","geometry":{"geodesic":false,"type":"Point","coordinates":[146.55422461020225,-42.8998614933179]},"id":"2008","properties":{"lossyear":21}},{"type":"Feature","geometry":{"geodesic":false,"type":"Point","coordinates":[144.77825529349798,-41.28379229718689]},"id":"2009","properties":{"lossyear":21}},{"type":"Feature","geometry":{"geodesic":false,"type":"Point","coordinates":[145.1699207573741,-41.80301853140797]},"id":"2010","properties":{}},{"type":"Feature","geometry":{"geodesic":false,"type":"Point","coordinates":[146.81743098844925,-41.43111600378249]},"id":"2011","properties":{"lossyear":21}},{"type":"Feature","geometry":{"geodesic":false,"type":"Point","coordinates":[148.19185337315213,-41.01339939666691]},"id":"2012","properties":{"lossyear":21}},{"type":"Feature","geometry":{"geodesic":false,"type":"Point","coordinates":[146.58656396043057,-42.90345475445439]},"id":"2013","properties":{"lossyear":21}},{"type":"Feature","geometry":{"geodesic":false,"type":"Point","coordinates":[147.965477921554,-41.76169602833848]},"id":"2014","properties":{"lossyear":21}},{"type":"Feature","geometry":{"geodesic":false,"type":"Point","coordinates":[147.60345686205386,-42.42734765387104]},"id":"2015","properties":{"lossyear":21}},{"type":"Feature","geometry":{"geodesic":false,"type":"Point","coordinates":[147.5549478367114,-41.66018640123296]},"id":"2016","properties":{}},{"type":"Feature","geometry":{"geodesic":false,"type":"Point","coordinates":[148.27988827099585,-42.114733934997446]},"id":"2017","properties":{"lossyear":21}},{"type":"Feature","geometry":{"geodesic":false,"type":"Point","coordinates":[144.7719670865091,-41.2981653417328]},"id":"2018","properties":{"lossyear":21}},{"type":"Feature","geometry":{"geodesic":false,"type":"Point","coordinates":[144.89773122628583,-41.51106606406913]},"id":"2019","properties":{"lossyear":21}},{"type":"Feature","geometry":{"geodesic":false,"type":"Point","coordinates":[144.80520475202155,-41.27211419849333]},"id":"2020","properties":{"lossyear":21}},{"type":"Feature","geometry":{"geodesic":false,"type":"Point","coordinates":[144.74052605156493,-41.2981653417328]},"id":"2021","properties":{"lossyear":21}},{"type":"Feature","geometry":{"geodesic":false,"type":"Point","coordinates":[144.86539187605757,-41.294572080596325]},"id":"2022","properties":{"lossyear":21}},{"type":"Feature","geometry":{"geodesic":false,"type":"Point","coordinates":[145.67297731648102,-41.43201431906661]},"id":"2023","properties":{}},{"type":"Feature","geometry":{"geodesic":false,"type":"Point","coordinates":[147.5235068017672,-41.37991203258767]},"id":"2024","properties":{}},{"type":"Feature","geometry":{"geodesic":false,"type":"Point","coordinates":[147.21358802874596,-43.11096558508599]},"id":"2025","properties":{}},{"type":"Feature","geometry":{"geodesic":false,"type":"Point","coordinates":[147.68161029177224,-41.90452815851347]},"id":"2026","properties":{}},{"type":"Feature","geometry":{"geodesic":false,"type":"Point","coordinates":[145.4016861006769,-40.90919482370904]},"id":"2027","properties":{"lossyear":21}},{"type":"Feature","geometry":{"geodesic":false,"type":"Point","coordinates":[147.72832268654645,-41.93956245459414]},"id":"2028","properties":{}},{"type":"Feature","geometry":{"geodesic":false,"type":"Point","coordinates":[144.95791835032185,-40.85529590666188]},"id":"2029","properties":{"lossyear":21}},{"type":"Feature","geometry":{"geodesic":false,"type":"Point","coordinates":[145.63794302040031,-41.538015522592715]},"id":"2030","properties":{"lossyear":21}},{"type":"Feature","geometry":{"geodesic":false,"type":"Point","coordinates":[147.34743700607982,-41.3026569181534]},"id":"2031","properties":{"lossyear":21}},{"type":"Feature","geometry":{"geodesic":false,"type":"Point","coordinates":[144.87976492060346,-41.28109735133452]},"id":"2032","properties":{"lossyear":21}},{"type":"Feature","geometry":{"geodesic":false,"type":"Point","coordinates":[147.68969512932932,-41.47423513742022]},"id":"2033","properties":{"lossyear":21}},{"type":"Feature","geometry":{"geodesic":false,"type":"Point","coordinates":[147.02045024266027,-42.184802527158766]},"id":"2034","properties":{"lossyear":21}},{"type":"Feature","geometry":{"geodesic":false,"type":"Point","coordinates":[145.2354977731148,-42.34110938659556]},"id":"2035","properties":{"lossyear":21}},{"type":"Feature","geometry":{"geodesic":false,"type":"Point","coordinates":[144.89862954156996,-41.493099758386734]},"id":"2036","properties":{"lossyear":21}},{"type":"Feature","geometry":{"geodesic":false,"type":"Point","coordinates":[147.91696889621159,-41.09245114166943]},"id":"2037","properties":{"lossyear":21}},{"type":"Feature","geometry":{"geodesic":false,"type":"Point","coordinates":[145.00732569094845,-41.500286280659694]},"id":"2038","properties":{}},{"type":"Feature","geometry":{"geodesic":false,"type":"Point","coordinates":[145.25795565521776,-42.3653638992668]},"id":"2039","properties":{"lossyear":21}},{"type":"Feature","geometry":{"geodesic":false,"type":"Point","coordinates":[146.52008862940573,-42.467771841656415]},"id":"2040","properties":{}},{"type":"Feature","geometry":{"geodesic":false,"type":"Point","coordinates":[144.7890350769074,-41.275707459629814]},"id":"2041","properties":{"lossyear":21}},{"type":"Feature","geometry":{"geodesic":false,"type":"Point","coordinates":[144.86718850662578,-41.28379229718689]},"id":"2042","properties":{"lossyear":21}},{"type":"Feature","geometry":{"geodesic":false,"type":"Point","coordinates":[144.8995278568541,-41.067298313714076]},"id":"2043","properties":{"lossyear":21}},{"type":"Feature","geometry":{"geodesic":false,"type":"Point","coordinates":[147.28545325147553,-43.319374731001716]},"id":"2044","properties":{}},{"type":"Feature","geometry":{"geodesic":false,"type":"Point","coordinates":[145.64423122738918,-41.427522742646005]},"id":"2045","properties":{}},{"type":"Feature","geometry":{"geodesic":false,"type":"Point","coordinates":[145.64692617324152,-41.441895787191925]},"id":"2046","properties":{"lossyear":21}},{"type":"Feature","geometry":{"geodesic":false,"type":"Point","coordinates":[144.93815541407122,-41.4913031278185]},"id":"2047","properties":{"lossyear":21}},{"type":"Feature","geometry":{"geodesic":false,"type":"Point","coordinates":[145.25705733993368,-42.33122791847025]},"id":"2048","properties":{"lossyear":9}},{"type":"Feature","geometry":{"geodesic":false,"type":"Point","coordinates":[145.68824867631105,-42.74445294916522]},"id":"2049","properties":{"lossyear":21}},{"type":"Feature","geometry":{"geodesic":false,"type":"Point","coordinates":[147.76874687433184,-42.70852033780045]},"id":"2050","properties":{"lossyear":21}},{"type":"Feature","geometry":{"geodesic":false,"type":"Point","coordinates":[147.92146047263213,-41.094247772237665]},"id":"2051","properties":{}},{"type":"Feature","geometry":{"geodesic":false,"type":"Point","coordinates":[147.65915240966928,-41.11670565434065]},"id":"2052","properties":{"lossyear":21}},{"type":"Feature","geometry":{"geodesic":false,"type":"Point","coordinates":[146.99439909942083,-43.29422190304638]},"id":"2053","properties":{"lossyear":21}},{"type":"Feature","geometry":{"geodesic":false,"type":"Point","coordinates":[146.9701445867496,-43.39573153015188]},"id":"2054","properties":{"lossyear":21}},{"type":"Feature","geometry":{"geodesic":false,"type":"Point","coordinates":[145.55260306840898,-41.02058591893987]},"id":"2055","properties":{"lossyear":21}},{"type":"Feature","geometry":{"geodesic":false,"type":"Point","coordinates":[144.9228840542412,-41.145451743432474]},"id":"2056","properties":{"lossyear":21}},{"type":"Feature","geometry":{"geodesic":false,"type":"Point","coordinates":[146.5102071612804,-42.467771841656415]},"id":"2057","properties":{"lossyear":21}},{"type":"Feature","geometry":{"geodesic":false,"type":"Point","coordinates":[145.2723286997637,-42.313261612787855]},"id":"2058","properties":{"lossyear":21}},{"type":"Feature","geometry":{"geodesic":false,"type":"Point","coordinates":[147.86306997916438,-41.16251973383075]},"id":"2059","properties":{}},{"type":"Feature","geometry":{"geodesic":false,"type":"Point","coordinates":[144.80430643673742,-41.307148494573994]},"id":"2060","properties":{"lossyear":21}},{"type":"Feature","geometry":{"geodesic":false,"type":"Point","coordinates":[144.8447306245228,-41.2981653417328]},"id":"2061","properties":{"lossyear":21}},{"type":"Feature","geometry":{"geodesic":false,"type":"Point","coordinates":[147.19472340777946,-41.17060457138783]},"id":"2062","properties":{"lossyear":21}},{"type":"Feature","geometry":{"geodesic":false,"type":"Point","coordinates":[146.05386299694766,-42.51178929057828]},"id":"2063","properties":{"lossyear":21}},{"type":"Feature","geometry":{"geodesic":false,"type":"Point","coordinates":[145.2956848971508,-41.921596148911746]},"id":"2064","properties":{"lossyear":21}},{"type":"Feature","geometry":{"geodesic":false,"type":"Point","coordinates":[144.8447306245228,-40.842719492684196]},"id":"2065","properties":{"lossyear":21}},{"type":"Feature","geometry":{"geodesic":false,"type":"Point","coordinates":[145.69184193744752,-42.75343610200642]},"id":"2066","properties":{}},{"type":"Feature","geometry":{"geodesic":false,"type":"Point","coordinates":[145.12859825430456,-41.81469663010152]},"id":"2067","properties":{"lossyear":21}},{"type":"Feature","geometry":{"geodesic":false,"type":"Point","coordinates":[145.25526070936542,-42.315956558640224]},"id":"2068","properties":{"lossyear":21}},{"type":"Feature","geometry":{"geodesic":false,"type":"Point","coordinates":[144.7980182297486,-41.30175860286927]},"id":"2069","properties":{"lossyear":21}},{"type":"Feature","geometry":{"geodesic":false,"type":"Point","coordinates":[144.95163014333303,-41.524540793330914]},"id":"2070","properties":{"lossyear":21}},{"type":"Feature","geometry":{"geodesic":false,"type":"Point","coordinates":[144.90132448742236,-41.523642478046796]},"id":"2071","properties":{"lossyear":21}},{"type":"Feature","geometry":{"geodesic":false,"type":"Point","coordinates":[145.27592196090018,-42.344702647732035]},"id":"2072","properties":{"lossyear":21}},{"type":"Feature","geometry":{"geodesic":false,"type":"Point","coordinates":[145.327125932095,-42.01322430789193]},"id":"2073","properties":{}},{"type":"Feature","geometry":{"geodesic":false,"type":"Point","coordinates":[144.83215421054513,-41.27211419849333]},"id":"2074","properties":{"lossyear":21}},{"type":"Feature","geometry":{"geodesic":false,"type":"Point","coordinates":[144.87976492060346,-40.70707388478215]},"id":"2075","properties":{"lossyear":21}},{"type":"Feature","geometry":{"geodesic":false,"type":"Point","coordinates":[147.15340090471,-43.03640541650407]},"id":"2076","properties":{"lossyear":4}},{"type":"Feature","geometry":{"geodesic":false,"type":"Point","coordinates":[147.94391835473516,-41.76528928947495]},"id":"2077","properties":{"lossyear":21}},{"type":"Feature","geometry":{"geodesic":false,"type":"Point","coordinates":[146.71053146963902,-42.55041684779542]},"id":"2078","properties":{}},{"type":"Feature","geometry":{"geodesic":false,"type":"Point","coordinates":[144.89054470401288,-41.27301251377746]},"id":"2079","properties":{"lossyear":21}},{"type":"Feature","geometry":{"geodesic":false,"type":"Point","coordinates":[147.55854109784786,-42.501907822452964]},"id":"2080","properties":{"lossyear":21}},{"type":"Feature","geometry":{"geodesic":false,"type":"Point","coordinates":[148.153225815935,-41.66737292350592]},"id":"2081","properties":{"lossyear":21}},{"type":"Feature","geometry":{"geodesic":false,"type":"Point","coordinates":[147.52979500875603,-41.3808103478718]},"id":"2082","properties":{"lossyear":22}},{"type":"Feature","geometry":{"geodesic":false,"type":"Point","coordinates":[145.31814277925378,-41.99705463277779]},"id":"2083","properties":{}},{"type":"Feature","geometry":{"geodesic":false,"type":"Point","coordinates":[147.6510675721122,-42.4210594468822]},"id":"2084","properties":{"lossyear":21}},{"type":"Feature","geometry":{"geodesic":false,"type":"Point","coordinates":[147.96188466041752,-41.759899397770226]},"id":"2085","properties":{"lossyear":21}},{"type":"Feature","geometry":{"geodesic":false,"type":"Point","coordinates":[146.47068128877913,-42.68157087927686]},"id":"2086","properties":{"lossyear":19}},{"type":"Feature","geometry":{"geodesic":false,"type":"Point","coordinates":[145.97930282836575,-42.74804621030171]},"id":"2087","properties":{}},{"type":"Feature","geometry":{"geodesic":false,"type":"Point","coordinates":[147.2423341178378,-43.07952455014181]},"id":"2088","properties":{"lossyear":21}},{"type":"Feature","geometry":{"geodesic":false,"type":"Point","coordinates":[145.327125932095,-41.99615631749367]},"id":"2089","properties":{"lossyear":21}},{"type":"Feature","geometry":{"geodesic":false,"type":"Point","coordinates":[144.84832388565928,-40.84182117740008]},"id":"2090","properties":{"lossyear":22}},{"type":"Feature","geometry":{"geodesic":false,"type":"Point","coordinates":[144.7908317074756,-41.30445354872164]},"id":"2091","properties":{"lossyear":21}},{"type":"Feature","geometry":{"geodesic":false,"type":"Point","coordinates":[146.7446674504356,-42.95106546451272]},"id":"2092","properties":{"lossyear":21}},{"type":"Feature","geometry":{"geodesic":false,"type":"Point","coordinates":[144.88784975816054,-41.51735427105797]},"id":"2093","properties":{"lossyear":21}},{"type":"Feature","geometry":{"geodesic":false,"type":"Point","coordinates":[144.78274686991853,-41.280199036050405]},"id":"2094","properties":{"lossyear":21}},{"type":"Feature","geometry":{"geodesic":false,"type":"Point","coordinates":[144.76657719480443,-41.291877134743956]},"id":"2095","properties":{"lossyear":21}},{"type":"Feature","geometry":{"geodesic":false,"type":"Point","coordinates":[147.9421217241669,-41.759899397770226]},"id":"2096","properties":{"lossyear":21}},{"type":"Feature","geometry":{"geodesic":false,"type":"Point","coordinates":[147.34653869079568,-41.217316966162045]},"id":"2097","properties":{"lossyear":21}},{"type":"Feature","geometry":{"geodesic":false,"type":"Point","coordinates":[147.85678177217557,-41.17060457138783]},"id":"2098","properties":{"lossyear":21}},{"type":"Feature","geometry":{"geodesic":false,"type":"Point","coordinates":[144.76478056423616,-41.30355523343752]},"id":"2099","properties":{"lossyear":21}},{"type":"Feature","geometry":{"geodesic":false,"type":"Point","coordinates":[146.71771799191202,-42.385126835517426]},"id":"2100","properties":{"lossyear":21}},{"type":"Feature","geometry":{"geodesic":false,"type":"Point","coordinates":[146.93870355180542,-43.37417196333301]},"id":"2101","properties":{"lossyear":21}},{"type":"Feature","geometry":{"geodesic":false,"type":"Point","coordinates":[148.0804622779213,-41.17599446309255]},"id":"2102","properties":{"lossyear":21}},{"type":"Feature","geometry":{"geodesic":false,"type":"Point","coordinates":[147.30431787244203,-41.229893380139714]},"id":"2103","properties":{"lossyear":20}},{"type":"Feature","geometry":{"geodesic":false,"type":"Point","coordinates":[146.57488586173702,-42.90345475445439]},"id":"2104","properties":{}},{"type":"Feature","geometry":{"geodesic":false,"type":"Point","coordinates":[146.7042432626502,-42.64923152904856]},"id":"2105","properties":{"lossyear":21}},{"type":"Feature","geometry":{"geodesic":false,"type":"Point","coordinates":[145.1591409739646,-41.80481516197621]},"id":"2106","properties":{"lossyear":21}},{"type":"Feature","geometry":{"geodesic":false,"type":"Point","coordinates":[147.67083050836283,-43.00406606627577]},"id":"2107","properties":{"lossyear":21}},{"type":"Feature","geometry":{"geodesic":false,"type":"Point","coordinates":[146.90456757100884,-42.889980025192585]},"id":"2108","properties":{"lossyear":21}},{"type":"Feature","geometry":{"geodesic":false,"type":"Point","coordinates":[145.6172817688656,-41.749119614360794]},"id":"2109","properties":{}},{"type":"Feature","geometry":{"geodesic":false,"type":"Point","coordinates":[144.9462402516283,-41.51735427105797]},"id":"2110","properties":{"lossyear":21}},{"type":"Feature","geometry":{"geodesic":false,"type":"Point","coordinates":[145.34329560720914,-40.901109986151965]},"id":"2111","properties":{}},{"type":"Feature","geometry":{"geodesic":false,"type":"Point","coordinates":[147.7256277406941,-42.76780914655234]},"id":"2112","properties":{"lossyear":20}},{"type":"Feature","geometry":{"geodesic":false,"type":"Point","coordinates":[146.9746361631702,-42.18390421187465]},"id":"2113","properties":{"lossyear":21}},{"type":"Feature","geometry":{"geodesic":false,"type":"Point","coordinates":[146.98092437015902,-41.20024897576377]},"id":"2114","properties":{"lossyear":21}},{"type":"Feature","geometry":{"geodesic":false,"type":"Point","coordinates":[145.64333291210505,-41.20923212860497]},"id":"2115","properties":{"lossyear":21}},{"type":"Feature","geometry":{"geodesic":false,"type":"Point","coordinates":[146.7868882687892,-42.768707461836456]},"id":"2116","properties":{"lossyear":21}},{"type":"Feature","geometry":{"geodesic":false,"type":"Point","coordinates":[145.28939669016194,-42.33571949489085]},"id":"2117","properties":{"lossyear":21}},{"type":"Feature","geometry":{"geodesic":false,"type":"Point","coordinates":[147.37079320346692,-41.859612394307504]},"id":"2118","properties":{}},{"type":"Feature","geometry":{"geodesic":false,"type":"Point","coordinates":[144.6569827301418,-40.98375499229097]},"id":"2119","properties":{"lossyear":21}},{"type":"Feature","geometry":{"geodesic":false,"type":"Point","coordinates":[147.86756155558498,-42.07880132363266]},"id":"2120","properties":{}},{"type":"Feature","geometry":{"geodesic":false,"type":"Point","coordinates":[146.78778658407333,-42.031190613574324]},"id":"2121","properties":{}},{"type":"Feature","geometry":{"geodesic":false,"type":"Point","coordinates":[147.88822280711975,-41.75720445191787]},"id":"2122","properties":{}},{"type":"Feature","geometry":{"geodesic":false,"type":"Point","coordinates":[147.3573184742051,-41.30175860286927]},"id":"2123","properties":{"lossyear":4}},{"type":"Feature","geometry":{"geodesic":false,"type":"Point","coordinates":[147.6322029511457,-41.43920084133957]},"id":"2124","properties":{}},{"type":"Feature","geometry":{"geodesic":false,"type":"Point","coordinates":[147.75617046035416,-42.70762202251633]},"id":"2125","properties":{"lossyear":21}},{"type":"Feature","geometry":{"geodesic":false,"type":"Point","coordinates":[145.18788706305645,-41.81739157595388]},"id":"2126","properties":{"lossyear":21}},{"type":"Feature","geometry":{"geodesic":false,"type":"Point","coordinates":[145.27502364561605,-42.289007100116635]},"id":"2127","properties":{}},{"type":"Feature","geometry":{"geodesic":false,"type":"Point","coordinates":[144.92468068480946,-41.51555764048972]},"id":"2128","properties":{"lossyear":21}},{"type":"Feature","geometry":{"geodesic":false,"type":"Point","coordinates":[144.8591036690687,-41.28379229718689]},"id":"2129","properties":{"lossyear":21}},{"type":"Feature","geometry":{"geodesic":false,"type":"Point","coordinates":[144.83844241753394,-41.28648724303925]},"id":"2130","properties":{"lossyear":21}},{"type":"Feature","geometry":{"geodesic":false,"type":"Point","coordinates":[148.20083652599334,-41.32780974610874]},"id":"2131","properties":{"lossyear":20}},{"type":"Feature","geometry":{"geodesic":false,"type":"Point","coordinates":[144.67135577468775,-41.02597581064458]},"id":"2132","properties":{"lossyear":22}},{"type":"Feature","geometry":{"geodesic":false,"type":"Point","coordinates":[146.7770068006639,-43.18193249253143]},"id":"2133","properties":{}},{"type":"Feature","geometry":{"geodesic":false,"type":"Point","coordinates":[145.96852304495633,-41.21282538974144]},"id":"2134","properties":{"lossyear":21}},{"type":"Feature","geometry":{"geodesic":false,"type":"Point","coordinates":[147.91157900450685,-41.929680986468824]},"id":"2135","properties":{"lossyear":21}},{"type":"Feature","geometry":{"geodesic":false,"type":"Point","coordinates":[147.77773002717305,-42.107547412724486]},"id":"2136","properties":{"lossyear":21}},{"type":"Feature","geometry":{"geodesic":false,"type":"Point","coordinates":[146.2613738275793,-41.28199566661864]},"id":"2137","properties":{"lossyear":20}},{"type":"Feature","geometry":{"geodesic":false,"type":"Point","coordinates":[146.34671377957062,-43.04269362349291]},"id":"2138","properties":{"lossyear":21}},{"type":"Feature","geometry":{"geodesic":false,"type":"Point","coordinates":[147.1318413378911,-42.25127785818361]},"id":"2139","properties":{"lossyear":21}},{"type":"Feature","geometry":{"geodesic":false,"type":"Point","coordinates":[144.94264699049182,-41.71857689470073]},"id":"2140","properties":{}},{"type":"Feature","geometry":{"geodesic":false,"type":"Point","coordinates":[148.08585216962604,-41.69342406674539]},"id":"2141","properties":{}},{"type":"Feature","geometry":{"geodesic":false,"type":"Point","coordinates":[147.93403688660982,-42.13809013238455]},"id":"2142","properties":{"lossyear":21}},{"type":"Feature","geometry":{"geodesic":false,"type":"Point","coordinates":[146.86773664435998,-43.28074717378459]},"id":"2143","properties":{"lossyear":21}},{"type":"Feature","geometry":{"geodesic":false,"type":"Point","coordinates":[147.85408682632323,-42.29978688352607]},"id":"2144","properties":{"lossyear":21}},{"type":"Feature","geometry":{"geodesic":false,"type":"Point","coordinates":[147.642084419271,-41.429319373214256]},"id":"2145","properties":{}},{"type":"Feature","geometry":{"geodesic":false,"type":"Point","coordinates":[147.6465759956916,-41.423031166225414]},"id":"2146","properties":{"lossyear":21}},{"type":"Feature","geometry":{"geodesic":false,"type":"Point","coordinates":[146.53446167395163,-42.742656318596985]},"id":"2147","properties":{"lossyear":21}},{"type":"Feature","geometry":{"geodesic":false,"type":"Point","coordinates":[145.28400679845726,-42.28361720841191]},"id":"2148","properties":{"lossyear":21}},{"type":"Feature","geometry":{"geodesic":false,"type":"Point","coordinates":[145.12231004731575,-41.47154019156787]},"id":"2149","properties":{"lossyear":21}},{"type":"Feature","geometry":{"geodesic":false,"type":"Point","coordinates":[144.71357659304135,-41.07358652070292]},"id":"2150","properties":{"lossyear":21}},{"type":"Feature","geometry":{"geodesic":false,"type":"Point","coordinates":[148.19903989542507,-41.32960637667698]},"id":"2151","properties":{"lossyear":20}},{"type":"Feature","geometry":{"geodesic":false,"type":"Point","coordinates":[145.88138646239673,-41.26941925264097]},"id":"2152","properties":{"lossyear":22}},{"type":"Feature","geometry":{"geodesic":false,"type":"Point","coordinates":[144.73872942099672,-41.30086028758515]},"id":"2153","properties":{"lossyear":21}},{"type":"Feature","geometry":{"geodesic":false,"type":"Point","coordinates":[144.93456215293475,-40.93704259751675]},"id":"2154","properties":{}},{"type":"Feature","geometry":{"geodesic":false,"type":"Point","coordinates":[147.76874687433184,-42.711215283652805]},"id":"2155","properties":{"lossyear":21}},{"type":"Feature","geometry":{"geodesic":false,"type":"Point","coordinates":[145.2678371233431,-42.35368580057323]},"id":"2156","properties":{"lossyear":21}},{"type":"Feature","geometry":{"geodesic":false,"type":"Point","coordinates":[146.36198513940064,-41.47243850685199]},"id":"2157","properties":{"lossyear":21}},{"type":"Feature","geometry":{"geodesic":false,"type":"Point","coordinates":[146.8273124565746,-41.3439794212229]},"id":"2158","properties":{"lossyear":21}},{"type":"Feature","geometry":{"geodesic":false,"type":"Point","coordinates":[145.27592196090018,-42.29260036125311]},"id":"2159","properties":{"lossyear":21}},{"type":"Feature","geometry":{"geodesic":false,"type":"Point","coordinates":[144.77106877122498,-41.2891821888916]},"id":"2160","properties":{"lossyear":21}},{"type":"Feature","geometry":{"geodesic":false,"type":"Point","coordinates":[144.7746620323615,-41.27121588320921]},"id":"2161","properties":{"lossyear":21}},{"type":"Feature","geometry":{"geodesic":false,"type":"Point","coordinates":[144.75939067253142,-41.27840240548217]},"id":"2162","properties":{"lossyear":21}},{"type":"Feature","geometry":{"geodesic":false,"type":"Point","coordinates":[144.75939067253142,-41.299961972301034]},"id":"2163","properties":{"lossyear":21}},{"type":"Feature","geometry":{"geodesic":false,"type":"Point","coordinates":[145.28131185260492,-41.46345535401079]},"id":"2164","properties":{"lossyear":21}},{"type":"Feature","geometry":{"geodesic":false,"type":"Point","coordinates":[146.89648273345176,-43.10108411696068]},"id":"2165","properties":{"lossyear":21}},{"type":"Feature","geometry":{"geodesic":false,"type":"Point","coordinates":[146.79946468276688,-41.613474006458745]},"id":"2166","properties":{"lossyear":21}},{"type":"Feature","geometry":{"geodesic":false,"type":"Point","coordinates":[145.11332689447454,-41.52004921691032]},"id":"2167","properties":{}},{"type":"Feature","geometry":{"geodesic":false,"type":"Point","coordinates":[146.57758080758936,-42.88369181820376]},"id":"2168","properties":{"lossyear":21}},{"type":"Feature","geometry":{"geodesic":false,"type":"Point","coordinates":[146.71771799191202,-42.981608184172785]},"id":"2169","properties":{"lossyear":21}},{"type":"Feature","geometry":{"geodesic":false,"type":"Point","coordinates":[145.2507691329448,-42.29978688352607]},"id":"2170","properties":{"lossyear":21}},{"type":"Feature","geometry":{"geodesic":false,"type":"Point","coordinates":[144.91749416253646,-41.51106606406913]},"id":"2171","properties":{"lossyear":21}},{"type":"Feature","geometry":{"geodesic":false,"type":"Point","coordinates":[146.44373183025556,-41.45986209287432]},"id":"2172","properties":{"lossyear":21}},{"type":"Feature","geometry":{"geodesic":false,"type":"Point","coordinates":[146.8955844181677,-43.102880747528914]},"id":"2173","properties":{"lossyear":21}},{"type":"Feature","geometry":{"geodesic":false,"type":"Point","coordinates":[144.86269693020517,-41.29367376531221]},"id":"2174","properties":{"lossyear":21}},{"type":"Feature","geometry":{"geodesic":false,"type":"Point","coordinates":[145.282210167889,-42.315956558640224]},"id":"2175","properties":{"lossyear":21}},{"type":"Feature","geometry":{"geodesic":false,"type":"Point","coordinates":[145.26244723163836,-42.359075692277955]},"id":"2176","properties":{"lossyear":21}},{"type":"Feature","geometry":{"geodesic":false,"type":"Point","coordinates":[145.70262172085694,-41.01609434251927]},"id":"2177","properties":{"lossyear":21}},{"type":"Feature","geometry":{"geodesic":false,"type":"Point","coordinates":[146.60722521196533,-42.782182191098244]},"id":"2178","properties":{"lossyear":22}},{"type":"Feature","geometry":{"geodesic":false,"type":"Point","coordinates":[147.85139188047083,-43.09120264883536]},"id":"2179","properties":{"lossyear":21}},{"type":"Feature","geometry":{"geodesic":false,"type":"Point","coordinates":[145.15824265868054,-41.81110336896505]},"id":"2180","properties":{"lossyear":21}},{"type":"Feature","geometry":{"geodesic":false,"type":"Point","coordinates":[146.5757841770211,-42.6186888093885]},"id":"2181","properties":{}},{"type":"Feature","geometry":{"geodesic":false,"type":"Point","coordinates":[144.8546120926481,-41.03855222462225]},"id":"2182","properties":{"lossyear":21}},{"type":"Feature","geometry":{"geodesic":false,"type":"Point","coordinates":[144.79442496861213,-41.29097881945984]},"id":"2183","properties":{}},{"type":"Feature","geometry":{"geodesic":false,"type":"Point","coordinates":[147.9043924822339,-41.56765992696866]},"id":"2184","properties":{"lossyear":21}},{"type":"Feature","geometry":{"geodesic":false,"type":"Point","coordinates":[144.8573070385005,-41.30175860286927]},"id":"2185","properties":{"lossyear":21}},{"type":"Feature","geometry":{"geodesic":false,"type":"Point","coordinates":[146.57219091588462,-42.91872611428441]},"id":"2186","properties":{"lossyear":21}},{"type":"Feature","geometry":{"geodesic":false,"type":"Point","coordinates":[147.12645144618637,-41.13736690587541]},"id":"2187","properties":{"lossyear":21}},{"type":"Feature","geometry":{"geodesic":false,"type":"Point","coordinates":[146.4140874258796,-42.11114067386097]},"id":"2188","properties":{}},{"type":"Feature","geometry":{"geodesic":false,"type":"Point","coordinates":[146.9746361631702,-42.186599157727]},"id":"2189","properties":{}},{"type":"Feature","geometry":{"geodesic":false,"type":"Point","coordinates":[144.65788104542594,-40.97477183944977]},"id":"2190","properties":{"lossyear":21}},{"type":"Feature","geometry":{"geodesic":false,"type":"Point","coordinates":[147.91068068922272,-41.9332742476053]},"id":"2191","properties":{"lossyear":21}},{"type":"Feature","geometry":{"geodesic":false,"type":"Point","coordinates":[146.6018353202606,-42.9223193754209]},"id":"2192","properties":{}},{"type":"Feature","geometry":{"geodesic":false,"type":"Point","coordinates":[145.3055663652761,-42.17042948261286]},"id":"2193","properties":{"lossyear":21}},{"type":"Feature","geometry":{"geodesic":false,"type":"Point","coordinates":[144.79262833804387,-40.978365100586245]},"id":"2194","properties":{"lossyear":21}},{"type":"Feature","geometry":{"geodesic":false,"type":"Point","coordinates":[145.2956848971508,-42.15695475335106]},"id":"2195","properties":{"lossyear":21}},{"type":"Feature","geometry":{"geodesic":false,"type":"Point","coordinates":[145.2911933207302,-42.30338014466254]},"id":"2196","properties":{"lossyear":21}},{"type":"Feature","geometry":{"geodesic":false,"type":"Point","coordinates":[145.3594652823233,-42.20276883284116]},"id":"2197","properties":{"lossyear":21}},{"type":"Feature","geometry":{"geodesic":false,"type":"Point","coordinates":[147.73640752410353,-41.955732129708295]},"id":"2198","properties":{}},{"type":"Feature","geometry":{"geodesic":false,"type":"Point","coordinates":[146.33323905030886,-43.04089699292467]},"id":"2199","properties":{}},{"type":"Feature","geometry":{"geodesic":false,"type":"Point","coordinates":[144.86269693020517,-41.282893981902774]},"id":"2200","properties":{"lossyear":21}},{"type":"Feature","geometry":{"geodesic":false,"type":"Point","coordinates":[145.37294001158506,-40.881347049901336]},"id":"2201","properties":{}},{"type":"Feature","geometry":{"geodesic":false,"type":"Point","coordinates":[146.55602124077046,-42.90345475445439]},"id":"2202","properties":{"lossyear":21}},{"type":"Feature","geometry":{"geodesic":false,"type":"Point","coordinates":[145.24358261067187,-42.34200770187968]},"id":"2203","properties":{}},{"type":"Feature","geometry":{"geodesic":false,"type":"Point","coordinates":[146.76263375611796,-42.782182191098244]},"id":"2204","properties":{}},{"type":"Feature","geometry":{"geodesic":false,"type":"Point","coordinates":[147.9142739503592,-43.171152709122]},"id":"2205","properties":{"lossyear":21}},{"type":"Feature","geometry":{"geodesic":false,"type":"Point","coordinates":[145.30197310413962,-42.30607509051491]},"id":"2206","properties":{"lossyear":21}},{"type":"Feature","geometry":{"geodesic":false,"type":"Point","coordinates":[144.77735697821385,-41.2891821888916]},"id":"2207","properties":{"lossyear":21}},{"type":"Feature","geometry":{"geodesic":false,"type":"Point","coordinates":[144.93007057651414,-41.49489638895497]},"id":"2208","properties":{"lossyear":21}},{"type":"Feature","geometry":{"geodesic":false,"type":"Point","coordinates":[144.86988345247812,-41.29367376531221]},"id":"2209","properties":{"lossyear":21}},{"type":"Feature","geometry":{"geodesic":false,"type":"Point","coordinates":[147.64567768040746,-41.427522742646005]},"id":"2210","properties":{"lossyear":20}},{"type":"Feature","geometry":{"geodesic":false,"type":"Point","coordinates":[145.64153628153684,-41.45267557060136]},"id":"2211","properties":{}},{"type":"Feature","geometry":{"geodesic":false,"type":"Point","coordinates":[147.12195986976576,-42.25217617346773]},"id":"2212","properties":{}},{"type":"Feature","geometry":{"geodesic":false,"type":"Point","coordinates":[146.87222822078058,-42.7983518662124]},"id":"2213","properties":{}},{"type":"Feature","geometry":{"geodesic":false,"type":"Point","coordinates":[147.2378425414172,-43.077727919573576]},"id":"2214","properties":{}},{"type":"Feature","geometry":{"geodesic":false,"type":"Point","coordinates":[144.78364518520266,-41.299961972301034]},"id":"2215","properties":{"lossyear":21}},{"type":"Feature","geometry":{"geodesic":false,"type":"Point","coordinates":[147.65016925682806,-42.41926281631396]},"id":"2216","properties":{"lossyear":21}},{"type":"Feature","geometry":{"geodesic":false,"type":"Point","coordinates":[145.3918046325516,-42.22881997608063]},"id":"2217","properties":{"lossyear":21}},{"type":"Feature","geometry":{"geodesic":false,"type":"Point","coordinates":[147.4255904357982,-41.06819662899821]},"id":"2218","properties":{"lossyear":21}},{"type":"Feature","geometry":{"geodesic":false,"type":"Point","coordinates":[145.12590330845222,-40.954110587915025]},"id":"2219","properties":{"lossyear":21}},{"type":"Feature","geometry":{"geodesic":false,"type":"Point","coordinates":[146.93331366010068,-43.42178267339135]},"id":"2220","properties":{"lossyear":21}},{"type":"Feature","geometry":{"geodesic":false,"type":"Point","coordinates":[145.12680162373636,-41.52993068503564]},"id":"2221","properties":{}},{"type":"Feature","geometry":{"geodesic":false,"type":"Point","coordinates":[145.15644602811227,-41.50118459594381]},"id":"2222","properties":{"lossyear":21}},{"type":"Feature","geometry":{"geodesic":false,"type":"Point","coordinates":[145.79963977154188,-41.446387363612516]},"id":"2223","properties":{"lossyear":21}},{"type":"Feature","geometry":{"geodesic":false,"type":"Point","coordinates":[145.33071919323146,-42.1632429603399]},"id":"2224","properties":{"lossyear":21}},{"type":"Feature","geometry":{"geodesic":false,"type":"Point","coordinates":[145.23909103425126,-42.370753790971506]},"id":"2225","properties":{"lossyear":21}},{"type":"Feature","geometry":{"geodesic":false,"type":"Point","coordinates":[145.40348273124516,-40.98914488399568]},"id":"2226","properties":{"lossyear":21}},{"type":"Feature","geometry":{"geodesic":false,"type":"Point","coordinates":[144.92557900009353,-41.06639999842996]},"id":"2227","properties":{"lossyear":21}},{"type":"Feature","geometry":{"geodesic":false,"type":"Point","coordinates":[146.58117406872583,-42.63306185393441]},"id":"2228","properties":{"lossyear":21}},{"type":"Feature","geometry":{"geodesic":false,"type":"Point","coordinates":[145.1034454263492,-41.546100360149794]},"id":"2229","properties":{}},{"type":"Feature","geometry":{"geodesic":false,"type":"Point","coordinates":[146.11225349041547,-42.218938507955315]},"id":"2230","properties":{}},{"type":"Feature","geometry":{"geodesic":false,"type":"Point","coordinates":[147.289046512612,-40.997229721552756]},"id":"2231","properties":{"lossyear":21}},{"type":"Feature","geometry":{"geodesic":false,"type":"Point","coordinates":[146.57219091588462,-42.91513285314794]},"id":"2232","properties":{"lossyear":21}},{"type":"Feature","geometry":{"geodesic":false,"type":"Point","coordinates":[147.86486660973264,-42.30248182937842]},"id":"2233","properties":{}},{"type":"Feature","geometry":{"geodesic":false,"type":"Point","coordinates":[144.86898513719404,-41.27660577491393]},"id":"2234","properties":{"lossyear":21}},{"type":"Feature","geometry":{"geodesic":false,"type":"Point","coordinates":[147.91068068922272,-41.260436099799776]},"id":"2235","properties":{"lossyear":21}},{"type":"Feature","geometry":{"geodesic":false,"type":"Point","coordinates":[146.81832930373338,-41.43111600378249]},"id":"2236","properties":{"lossyear":21}},{"type":"Feature","geometry":{"geodesic":false,"type":"Point","coordinates":[144.64081305502765,-40.999924667405125]},"id":"2237","properties":{"lossyear":21}},{"type":"Feature","geometry":{"geodesic":false,"type":"Point","coordinates":[144.8528154620799,-41.28199566661864]},"id":"2238","properties":{"lossyear":21}},{"type":"Feature","geometry":{"geodesic":false,"type":"Point","coordinates":[146.98541594657962,-41.185875931217865]},"id":"2239","properties":{"lossyear":21}},{"type":"Feature","geometry":{"geodesic":false,"type":"Point","coordinates":[145.1294965695887,-41.49759133480734]},"id":"2240","properties":{"lossyear":21}},{"type":"Feature","geometry":{"geodesic":false,"type":"Point","coordinates":[145.6361463898321,-41.44279410247604]},"id":"2241","properties":{}},{"type":"Feature","geometry":{"geodesic":false,"type":"Point","coordinates":[145.25975228578602,-42.30338014466254]},"id":"2242","properties":{"lossyear":21}},{"type":"Feature","geometry":{"geodesic":false,"type":"Point","coordinates":[147.60794843847447,-42.115632250281564]},"id":"2243","properties":{"lossyear":21}},{"type":"Feature","geometry":{"geodesic":false,"type":"Point","coordinates":[145.10524205691746,-41.54520204486566]},"id":"2244","properties":{"lossyear":21}},{"type":"Feature","geometry":{"geodesic":false,"type":"Point","coordinates":[147.7444923616606,-41.95752876027653]},"id":"2245","properties":{"lossyear":21}},{"type":"Feature","geometry":{"geodesic":false,"type":"Point","coordinates":[144.79711991446447,-41.299063657016916]},"id":"2246","properties":{"lossyear":21}},{"type":"Feature","geometry":{"geodesic":false,"type":"Point","coordinates":[145.3055663652761,-41.7536111907814]},"id":"2247","properties":{}},{"type":"Feature","geometry":{"geodesic":false,"type":"Point","coordinates":[145.65680764136687,-41.30804680985811]},"id":"2248","properties":{"lossyear":21}},{"type":"Feature","geometry":{"geodesic":false,"type":"Point","coordinates":[147.8954093293927,-41.80840842311268]},"id":"2249","properties":{}},{"type":"Feature","geometry":{"geodesic":false,"type":"Point","coordinates":[146.58566564514643,-42.90255643917027]},"id":"2250","properties":{"lossyear":22}},{"type":"Feature","geometry":{"geodesic":false,"type":"Point","coordinates":[146.3592901935483,-41.47513345270434]},"id":"2251","properties":{"lossyear":21}},{"type":"Feature","geometry":{"geodesic":false,"type":"Point","coordinates":[145.25795565521776,-42.30427845994666]},"id":"2252","properties":{"lossyear":21}},{"type":"Feature","geometry":{"geodesic":false,"type":"Point","coordinates":[144.80969632844216,-41.27301251377746]},"id":"2253","properties":{"lossyear":21}},{"type":"Feature","geometry":{"geodesic":false,"type":"Point","coordinates":[145.64782448852566,-41.427522742646005]},"id":"2254","properties":{"lossyear":21}},{"type":"Feature","geometry":{"geodesic":false,"type":"Point","coordinates":[147.00068730640965,-41.04214548575874]},"id":"2255","properties":{"lossyear":21}},{"type":"Feature","geometry":{"geodesic":false,"type":"Point","coordinates":[144.89234133458115,-41.27301251377746]},"id":"2256","properties":{}},{"type":"Feature","geometry":{"geodesic":false,"type":"Point","coordinates":[144.92647731537767,-41.50926943350089]},"id":"2257","properties":{"lossyear":21}},{"type":"Feature","geometry":{"geodesic":false,"type":"Point","coordinates":[144.80700138258976,-41.016992657803385]},"id":"2258","properties":{"lossyear":20}},{"type":"Feature","geometry":{"geodesic":false,"type":"Point","coordinates":[145.26244723163836,-42.32943128790201]},"id":"2259","properties":{"lossyear":21}},{"type":"Feature","geometry":{"geodesic":false,"type":"Point","coordinates":[144.7701704559409,-41.27301251377746]},"id":"2260","properties":{"lossyear":21}},{"type":"Feature","geometry":{"geodesic":false,"type":"Point","coordinates":[147.6789153459199,-41.43830252605544]},"id":"2261","properties":{"lossyear":21}},{"type":"Feature","geometry":{"geodesic":false,"type":"Point","coordinates":[147.86756155558498,-42.60880734126319]},"id":"2262","properties":{"lossyear":21}},{"type":"Feature","geometry":{"geodesic":false,"type":"Point","coordinates":[146.06733772620947,-42.49292466961177]},"id":"2263","properties":{}},{"type":"Feature","geometry":{"geodesic":false,"type":"Point","coordinates":[145.62626492170676,-41.454472201169594]},"id":"2264","properties":{}},{"type":"Feature","geometry":{"geodesic":false,"type":"Point","coordinates":[146.3125777987741,-41.28199566661864]},"id":"2265","properties":{}},{"type":"Feature","geometry":{"geodesic":false,"type":"Point","coordinates":[145.27861690675252,-42.29978688352607]},"id":"2266","properties":{"lossyear":21}},{"type":"Feature","geometry":{"geodesic":false,"type":"Point","coordinates":[146.99260246885257,-43.05077846104999]},"id":"2267","properties":{"lossyear":21}},{"type":"Feature","geometry":{"geodesic":false,"type":"Point","coordinates":[146.62698814821596,-42.243193020626535]},"id":"2268","properties":{"lossyear":21}},{"type":"Feature","geometry":{"geodesic":false,"type":"Point","coordinates":[146.06104951922066,-42.705825391948096]},"id":"2269","properties":{}},{"type":"Feature","geometry":{"geodesic":false,"type":"Point","coordinates":[144.9507318280489,-40.85888916779835]},"id":"2270","properties":{"lossyear":21}},{"type":"Feature","geometry":{"geodesic":false,"type":"Point","coordinates":[146.58656396043057,-42.93399747411445]},"id":"2271","properties":{"lossyear":21}},{"type":"Feature","geometry":{"geodesic":false,"type":"Point","coordinates":[147.8873244918356,-41.54699867543391]},"id":"2272","properties":{"lossyear":21}},{"type":"Feature","geometry":{"geodesic":false,"type":"Point","coordinates":[146.58117406872583,-42.931302528262094]},"id":"2273","properties":{"lossyear":21}},{"type":"Feature","geometry":{"geodesic":false,"type":"Point","coordinates":[145.25795565521776,-42.36446558398268]},"id":"2274","properties":{"lossyear":21}},{"type":"Feature","geometry":{"geodesic":false,"type":"Point","coordinates":[144.89683291100175,-41.530829000319756]},"id":"2275","properties":{"lossyear":21}},{"type":"Feature","geometry":{"geodesic":false,"type":"Point","coordinates":[144.79711991446447,-41.2891821888916]},"id":"2276","properties":{"lossyear":21}},{"type":"Feature","geometry":{"geodesic":false,"type":"Point","coordinates":[147.8271373677996,-41.67006786935828]},"id":"2277","properties":{"lossyear":21}},{"type":"Feature","geometry":{"geodesic":false,"type":"Point","coordinates":[146.46259645122205,-42.25936269574069]},"id":"2278","properties":{"lossyear":21}},{"type":"Feature","geometry":{"geodesic":false,"type":"Point","coordinates":[145.1905820089088,-41.81739157595388]},"id":"2279","properties":{"lossyear":21}},{"type":"Feature","geometry":{"geodesic":false,"type":"Point","coordinates":[146.79497310634628,-42.769605777120574]},"id":"2280","properties":{"lossyear":21}},{"type":"Feature","geometry":{"geodesic":false,"type":"Point","coordinates":[148.08136059320543,-41.17689277837667]},"id":"2281","properties":{"lossyear":21}},{"type":"Feature","geometry":{"geodesic":false,"type":"Point","coordinates":[144.96151161145832,-41.50208291122793]},"id":"2282","properties":{"lossyear":21}},{"type":"Feature","geometry":{"geodesic":false,"type":"Point","coordinates":[145.63973965096858,-41.4454890483284]},"id":"2283","properties":{"lossyear":21}},{"type":"Feature","geometry":{"geodesic":false,"type":"Point","coordinates":[146.7770068006639,-43.174745970258485]},"id":"2284","properties":{"lossyear":21}},{"type":"Feature","geometry":{"geodesic":false,"type":"Point","coordinates":[145.24178598010366,-42.34200770187968]},"id":"2285","properties":{"lossyear":21}},{"type":"Feature","geometry":{"geodesic":false,"type":"Point","coordinates":[145.10973363333807,-41.80301853140797]},"id":"2286","properties":{"lossyear":21}},{"type":"Feature","geometry":{"geodesic":false,"type":"Point","coordinates":[147.26838526107724,-42.12551371840688]},"id":"2287","properties":{"lossyear":21}},{"type":"Feature","geometry":{"geodesic":false,"type":"Point","coordinates":[144.84742557037515,-41.29726702644868]},"id":"2288","properties":{}},{"type":"Feature","geometry":{"geodesic":false,"type":"Point","coordinates":[145.25166744822894,-42.30248182937842]},"id":"2289","properties":{"lossyear":21}},{"type":"Feature","geometry":{"geodesic":false,"type":"Point","coordinates":[145.26873543862723,-42.340211071311444]},"id":"2290","properties":{}},{"type":"Feature","geometry":{"geodesic":false,"type":"Point","coordinates":[145.3612619128915,-41.9934613716413]},"id":"2291","properties":{"lossyear":21}},{"type":"Feature","geometry":{"geodesic":false,"type":"Point","coordinates":[144.7953232838962,-41.28558892775513]},"id":"2292","properties":{"lossyear":21}},{"type":"Feature","geometry":{"geodesic":false,"type":"Point","coordinates":[146.0592528886524,-42.51178929057828]},"id":"2293","properties":{"lossyear":21}},{"type":"Feature","geometry":{"geodesic":false,"type":"Point","coordinates":[145.00463074509605,-41.04663706217933]},"id":"2294","properties":{"lossyear":21}},{"type":"Feature","geometry":{"geodesic":false,"type":"Point","coordinates":[146.36647671582125,-42.24768459704714]},"id":"2295","properties":{"lossyear":21}},{"type":"Feature","geometry":{"geodesic":false,"type":"Point","coordinates":[146.05745625808413,-41.44009915662369]},"id":"2296","properties":{"lossyear":21}},{"type":"Feature","geometry":{"geodesic":false,"type":"Point","coordinates":[147.38426793272868,-41.18857087707022]},"id":"2297","properties":{"lossyear":21}},{"type":"Feature","geometry":{"geodesic":false,"type":"Point","coordinates":[145.10883531805393,-41.487709866682025]},"id":"2298","properties":{}},{"type":"Feature","geometry":{"geodesic":false,"type":"Point","coordinates":[144.91390090139998,-41.07089157485056]},"id":"2299","properties":{"lossyear":21}},{"type":"Feature","geometry":{"geodesic":false,"type":"Point","coordinates":[145.25166744822894,-42.33032960318613]},"id":"2300","properties":{"lossyear":21}},{"type":"Feature","geometry":{"geodesic":false,"type":"Point","coordinates":[145.30915962641257,-42.31236329750374]},"id":"2301","properties":{}},{"type":"Feature","geometry":{"geodesic":false,"type":"Point","coordinates":[147.01416203567146,-42.18300589659053]},"id":"2302","properties":{"lossyear":21}},{"type":"Feature","geometry":{"geodesic":false,"type":"Point","coordinates":[146.93870355180542,-43.474783275154394]},"id":"2303","properties":{"lossyear":21}},{"type":"Feature","geometry":{"geodesic":false,"type":"Point","coordinates":[146.6018353202606,-42.91782779900029]},"id":"2304","properties":{}},{"type":"Feature","geometry":{"geodesic":false,"type":"Point","coordinates":[147.85229019575496,-42.11114067386097]},"id":"2305","properties":{"lossyear":21}},{"type":"Feature","geometry":{"geodesic":false,"type":"Point","coordinates":[145.2615489163543,-41.748221299076675]},"id":"2306","properties":{"lossyear":21}},{"type":"Feature","geometry":{"geodesic":false,"type":"Point","coordinates":[146.34940872542302,-43.044490254061145]},"id":"2307","properties":{}},{"type":"Feature","geometry":{"geodesic":false,"type":"Point","coordinates":[144.9489351974807,-41.5146593252056]},"id":"2308","properties":{"lossyear":21}},{"type":"Feature","geometry":{"geodesic":false,"type":"Point","coordinates":[148.0849538543419,-41.17779109366079]},"id":"2309","properties":{"lossyear":21}},{"type":"Feature","geometry":{"geodesic":false,"type":"Point","coordinates":[144.66327093713068,-40.98195836172273]},"id":"2310","properties":{"lossyear":21}},{"type":"Feature","geometry":{"geodesic":false,"type":"Point","coordinates":[144.92917226123006,-41.6844409139042]},"id":"2311","properties":{"lossyear":21}},{"type":"Feature","geometry":{"geodesic":false,"type":"Point","coordinates":[147.5765074035303,-42.5037044530212]},"id":"2312","properties":{}},{"type":"Feature","geometry":{"geodesic":false,"type":"Point","coordinates":[144.64889789258473,-40.98914488399568]},"id":"2313","properties":{"lossyear":21}},{"type":"Feature","geometry":{"geodesic":false,"type":"Point","coordinates":[146.57219091588462,-42.89806486274966]},"id":"2314","properties":{}},{"type":"Feature","geometry":{"geodesic":false,"type":"Point","coordinates":[144.75759404196322,-41.30355523343752]},"id":"2315","properties":{"lossyear":21}},{"type":"Feature","geometry":{"geodesic":false,"type":"Point","coordinates":[147.69957659745467,-41.909918050218195]},"id":"2316","properties":{}},{"type":"Feature","geometry":{"geodesic":false,"type":"Point","coordinates":[144.7396277362808,-41.29636871116456]},"id":"2317","properties":{"lossyear":21}},{"type":"Feature","geometry":{"geodesic":false,"type":"Point","coordinates":[148.15412413121913,-41.66827123879004]},"id":"2318","properties":{"lossyear":21}},{"type":"Feature","geometry":{"geodesic":false,"type":"Point","coordinates":[147.87115481672146,-41.93057930175294]},"id":"2319","properties":{"lossyear":21}},{"type":"Feature","geometry":{"geodesic":false,"type":"Point","coordinates":[146.17513556030383,-41.48681155139789]},"id":"2320","properties":{"lossyear":21}},{"type":"Feature","geometry":{"geodesic":false,"type":"Point","coordinates":[147.7148479572847,-43.12533862963191]},"id":"2321","properties":{"lossyear":21}},{"type":"Feature","geometry":{"geodesic":false,"type":"Point","coordinates":[145.27502364561605,-42.308770036367264]},"id":"2322","properties":{"lossyear":21}},{"type":"Feature","geometry":{"geodesic":false,"type":"Point","coordinates":[144.90312111799057,-40.94961901149442]},"id":"2323","properties":{"lossyear":21}},{"type":"Feature","geometry":{"geodesic":false,"type":"Point","coordinates":[146.9000759945883,-42.88728507934023]},"id":"2324","properties":{"lossyear":21}},{"type":"Feature","geometry":{"geodesic":false,"type":"Point","coordinates":[145.793351564553,-41.49579470423909]},"id":"2325","properties":{"lossyear":21}},{"type":"Feature","geometry":{"geodesic":false,"type":"Point","coordinates":[147.8639682944485,-41.92339277947998]},"id":"2326","properties":{"lossyear":21}},{"type":"Feature","geometry":{"geodesic":false,"type":"Point","coordinates":[144.8186794812833,-41.29367376531221]},"id":"2327","properties":{"lossyear":21}},{"type":"Feature","geometry":{"geodesic":false,"type":"Point","coordinates":[144.77735697821385,-41.29636871116456]},"id":"2328","properties":{"lossyear":21}},{"type":"Feature","geometry":{"geodesic":false,"type":"Point","coordinates":[144.78005192406619,-41.27750409019805]},"id":"2329","properties":{"lossyear":21}},{"type":"Feature","geometry":{"geodesic":false,"type":"Point","coordinates":[146.7446674504356,-41.16162141854663]},"id":"2330","properties":{}},{"type":"Feature","geometry":{"geodesic":false,"type":"Point","coordinates":[145.3055663652761,-42.165937906192255]},"id":"2331","properties":{"lossyear":21}},{"type":"Feature","geometry":{"geodesic":false,"type":"Point","coordinates":[147.8873244918356,-41.27750409019805]},"id":"2332","properties":{"lossyear":21}},{"type":"Feature","geometry":{"geodesic":false,"type":"Point","coordinates":[146.79676973691454,-42.00783441618722]},"id":"2333","properties":{"lossyear":21}},{"type":"Feature","geometry":{"geodesic":false,"type":"Point","coordinates":[148.11639488928608,-41.632338627425256]},"id":"2334","properties":{"lossyear":21}},{"type":"Feature","geometry":{"geodesic":false,"type":"Point","coordinates":[145.2507691329448,-42.359075692277955]},"id":"2335","properties":{"lossyear":21}},{"type":"Feature","geometry":{"geodesic":false,"type":"Point","coordinates":[144.9444436210601,-41.50926943350089]},"id":"2336","properties":{"lossyear":21}},{"type":"Feature","geometry":{"geodesic":false,"type":"Point","coordinates":[144.91210427083178,-41.50926943350089]},"id":"2337","properties":{"lossyear":21}},{"type":"Feature","geometry":{"geodesic":false,"type":"Point","coordinates":[145.29478658186667,-41.743729722656084]},"id":"2338","properties":{"lossyear":21}},{"type":"Feature","geometry":{"geodesic":false,"type":"Point","coordinates":[148.1550224465032,-41.67006786935828]},"id":"2339","properties":{"lossyear":21}},{"type":"Feature","geometry":{"geodesic":false,"type":"Point","coordinates":[146.5569195560546,-42.28451552369603]},"id":"2340","properties":{"lossyear":23}},{"type":"Feature","geometry":{"geodesic":false,"type":"Point","coordinates":[144.84113736338634,-41.27301251377746]},"id":"2341","properties":{"lossyear":21}},{"type":"Feature","geometry":{"geodesic":false,"type":"Point","coordinates":[144.84113736338634,-41.267622622072736]},"id":"2342","properties":{"lossyear":21}},{"type":"Feature","geometry":{"geodesic":false,"type":"Point","coordinates":[144.8501205162275,-41.29547039588044]},"id":"2343","properties":{"lossyear":21}},{"type":"Feature","geometry":{"geodesic":false,"type":"Point","coordinates":[146.4958341167345,-42.39321167307449]},"id":"2344","properties":{"lossyear":21}},{"type":"Feature","geometry":{"geodesic":false,"type":"Point","coordinates":[148.26641354173404,-41.364640672757645]},"id":"2345","properties":{}},{"type":"Feature","geometry":{"geodesic":false,"type":"Point","coordinates":[146.5335633586675,-42.47316173336114]},"id":"2346","properties":{"lossyear":21}},{"type":"Feature","geometry":{"geodesic":false,"type":"Point","coordinates":[147.6977799668864,-43.07233802786885]},"id":"2347","properties":{}},{"type":"Feature","geometry":{"geodesic":false,"type":"Point","coordinates":[145.1294965695887,-41.49579470423909]},"id":"2348","properties":{"lossyear":21}},{"type":"Feature","geometry":{"geodesic":false,"type":"Point","coordinates":[146.14459284064372,-41.35565751991645]},"id":"2349","properties":{"lossyear":21}},{"type":"Feature","geometry":{"geodesic":false,"type":"Point","coordinates":[144.703695124916,-41.0726882054188]},"id":"2350","properties":{}},{"type":"Feature","geometry":{"geodesic":false,"type":"Point","coordinates":[144.91120595554764,-41.4913031278185]},"id":"2351","properties":{"lossyear":21}},{"type":"Feature","geometry":{"geodesic":false,"type":"Point","coordinates":[146.94319512822602,-43.3687820716283]},"id":"2352","properties":{"lossyear":21}},{"type":"Feature","geometry":{"geodesic":false,"type":"Point","coordinates":[144.9336638376506,-41.686237544472434]},"id":"2353","properties":{}},{"type":"Feature","geometry":{"geodesic":false,"type":"Point","coordinates":[147.24413074840606,-43.077727919573576]},"id":"2354","properties":{"lossyear":21}},{"type":"Feature","geometry":{"geodesic":false,"type":"Point","coordinates":[144.748610889122,-41.31074175571047]},"id":"2355","properties":{"lossyear":21}},{"type":"Feature","geometry":{"geodesic":false,"type":"Point","coordinates":[147.7615603520589,-41.47064187628375]},"id":"2356","properties":{"lossyear":21}},{"type":"Feature","geometry":{"geodesic":false,"type":"Point","coordinates":[145.65590932608274,-41.422132850941296]},"id":"2357","properties":{}},{"type":"Feature","geometry":{"geodesic":false,"type":"Point","coordinates":[145.64512954267332,-41.37272551031472]},"id":"2358","properties":{"lossyear":21}},{"type":"Feature","geometry":{"geodesic":false,"type":"Point","coordinates":[144.79262833804387,-41.287385558323365]},"id":"2359","properties":{"lossyear":21}},{"type":"Feature","geometry":{"geodesic":false,"type":"Point","coordinates":[145.28400679845726,-41.90632478908172]},"id":"2360","properties":{}},{"type":"Feature","geometry":{"geodesic":false,"type":"Point","coordinates":[147.50643881136892,-41.05382358445229]},"id":"2361","properties":{"lossyear":21}},{"type":"Feature","geometry":{"geodesic":false,"type":"Point","coordinates":[144.75489909611088,-41.30355523343752]},"id":"2362","properties":{"lossyear":21}},{"type":"Feature","geometry":{"geodesic":false,"type":"Point","coordinates":[145.80862292438303,-41.4454890483284]},"id":"2363","properties":{"lossyear":21}},{"type":"Feature","geometry":{"geodesic":false,"type":"Point","coordinates":[147.3851662480128,-41.18857087707022]},"id":"2364","properties":{"lossyear":21}},{"type":"Feature","geometry":{"geodesic":false,"type":"Point","coordinates":[145.2184297827165,-42.34380433244792]},"id":"2365","properties":{"lossyear":21}},{"type":"Feature","geometry":{"geodesic":false,"type":"Point","coordinates":[145.56428116710254,-41.190367507638456]},"id":"2366","properties":{"lossyear":21}},{"type":"Feature","geometry":{"geodesic":false,"type":"Point","coordinates":[145.21932809800063,-42.32224476562905]},"id":"2367","properties":{"lossyear":21}},{"type":"Feature","geometry":{"geodesic":false,"type":"Point","coordinates":[147.53967647688137,-42.49561961546412]},"id":"2368","properties":{"lossyear":21}},{"type":"Feature","geometry":{"geodesic":false,"type":"Point","coordinates":[145.2741253303319,-42.31236329750374]},"id":"2369","properties":{"lossyear":21}},{"type":"Feature","geometry":{"geodesic":false,"type":"Point","coordinates":[146.94499175879423,-43.365188810491816]},"id":"2370","properties":{"lossyear":21}},{"type":"Feature","geometry":{"geodesic":false,"type":"Point","coordinates":[147.67352545421517,-43.00496438155989]},"id":"2371","properties":{}},{"type":"Feature","geometry":{"geodesic":false,"type":"Point","coordinates":[145.13668309186164,-41.468845245715514]},"id":"2372","properties":{}},{"type":"Feature","geometry":{"geodesic":false,"type":"Point","coordinates":[146.82192256486985,-42.812724910758305]},"id":"2373","properties":{"lossyear":21}},{"type":"Feature","geometry":{"geodesic":false,"type":"Point","coordinates":[146.57758080758936,-42.61150228711554]},"id":"2374","properties":{"lossyear":21}},{"type":"Feature","geometry":{"geodesic":false,"type":"Point","coordinates":[144.8267643188404,-41.280199036050405]},"id":"2375","properties":{"lossyear":21}},{"type":"Feature","geometry":{"geodesic":false,"type":"Point","coordinates":[145.2723286997637,-42.34380433244792]},"id":"2376","properties":{"lossyear":21}},{"type":"Feature","geometry":{"geodesic":false,"type":"Point","coordinates":[144.92378236952533,-41.499387965375576]},"id":"2377","properties":{"lossyear":21}},{"type":"Feature","geometry":{"geodesic":false,"type":"Point","coordinates":[146.58386901457817,-42.92770926712561]},"id":"2378","properties":{"lossyear":21}},{"type":"Feature","geometry":{"geodesic":false,"type":"Point","coordinates":[145.54721317670425,-41.17329951724018]},"id":"2379","properties":{"lossyear":21}},{"type":"Feature","geometry":{"geodesic":false,"type":"Point","coordinates":[147.78581486473013,-42.088682791757975]},"id":"2380","properties":{"lossyear":21}},{"type":"Feature","geometry":{"geodesic":false,"type":"Point","coordinates":[145.27502364561605,-42.34560096301617]},"id":"2381","properties":{"lossyear":21}},{"type":"Feature","geometry":{"geodesic":false,"type":"Point","coordinates":[144.90761269441117,-41.519150901626205]},"id":"2382","properties":{"lossyear":21}},{"type":"Feature","geometry":{"geodesic":false,"type":"Point","coordinates":[146.56949597003228,-42.90255643917027]},"id":"2383","properties":{}},{"type":"Feature","geometry":{"geodesic":false,"type":"Point","coordinates":[144.94713856691243,-41.49489638895497]},"id":"2384","properties":{"lossyear":21}},{"type":"Feature","geometry":{"geodesic":false,"type":"Point","coordinates":[147.37797972573986,-41.34128447537054]},"id":"2385","properties":{"lossyear":5}},{"type":"Feature","geometry":{"geodesic":false,"type":"Point","coordinates":[147.90978237393858,-43.1756442855426]},"id":"2386","properties":{"lossyear":21}},{"type":"Feature","geometry":{"geodesic":false,"type":"Point","coordinates":[145.28760005959373,-41.9242910947641]},"id":"2387","properties":{"lossyear":21}},{"type":"Feature","geometry":{"geodesic":false,"type":"Point","coordinates":[145.7888599881324,-41.410454752247745]},"id":"2388","properties":{"lossyear":21}},{"type":"Feature","geometry":{"geodesic":false,"type":"Point","coordinates":[145.23819271896713,-42.33122791847025]},"id":"2389","properties":{"lossyear":21}},{"type":"Feature","geometry":{"geodesic":false,"type":"Point","coordinates":[146.70603989321847,-42.65012984433268]},"id":"2390","properties":{"lossyear":21}},{"type":"Feature","geometry":{"geodesic":false,"type":"Point","coordinates":[147.6762204000675,-42.41836450102984]},"id":"2391","properties":{"lossyear":21}},{"type":"Feature","geometry":{"geodesic":false,"type":"Point","coordinates":[146.98811089243196,-41.953935499140044]},"id":"2392","properties":{"lossyear":21}},{"type":"Feature","geometry":{"geodesic":false,"type":"Point","coordinates":[146.51559705298513,-42.192887364715844]},"id":"2393","properties":{"lossyear":21}},{"type":"Feature","geometry":{"geodesic":false,"type":"Point","coordinates":[145.29298995129847,-42.3105666669355]},"id":"2394","properties":{"lossyear":21}},{"type":"Feature","geometry":{"geodesic":false,"type":"Point","coordinates":[145.12051341674749,-41.812899999533286]},"id":"2395","properties":{"lossyear":21}},{"type":"Feature","geometry":{"geodesic":false,"type":"Point","coordinates":[144.81418790486276,-41.00261961325748]},"id":"2396","properties":{"lossyear":21}},{"type":"Feature","geometry":{"geodesic":false,"type":"Point","coordinates":[147.95829139928105,-41.762594343622595]},"id":"2397","properties":{"lossyear":21}},{"type":"Feature","geometry":{"geodesic":false,"type":"Point","coordinates":[145.80233471739422,-41.4454890483284]},"id":"2398","properties":{"lossyear":21}},{"type":"Feature","geometry":{"geodesic":false,"type":"Point","coordinates":[146.42217226343666,-42.141683393521035]},"id":"2399","properties":{"lossyear":21}},{"type":"Feature","geometry":{"geodesic":false,"type":"Point","coordinates":[144.82317105770392,-41.27750409019805]},"id":"2400","properties":{}},{"type":"Feature","geometry":{"geodesic":false,"type":"Point","coordinates":[145.11781847089514,-41.504777857080285]},"id":"2401","properties":{}},{"type":"Feature","geometry":{"geodesic":false,"type":"Point","coordinates":[146.6359713010571,-42.2413963900583]},"id":"2402","properties":{"lossyear":21}},{"type":"Feature","geometry":{"geodesic":false,"type":"Point","coordinates":[144.88425649702407,-41.50926943350089]},"id":"2403","properties":{"lossyear":21}},{"type":"Feature","geometry":{"geodesic":false,"type":"Point","coordinates":[144.936358783503,-41.52094753219444]},"id":"2404","properties":{"lossyear":21}},{"type":"Feature","geometry":{"geodesic":false,"type":"Point","coordinates":[144.95432508918537,-41.70600048072306]},"id":"2405","properties":{}},{"type":"Feature","geometry":{"geodesic":false,"type":"Point","coordinates":[146.50841053071218,-42.19109073414761]},"id":"2406","properties":{}},{"type":"Feature","geometry":{"geodesic":false,"type":"Point","coordinates":[147.23963917198546,-43.08221949599417]},"id":"2407","properties":{}},{"type":"Feature","geometry":{"geodesic":false,"type":"Point","coordinates":[147.6699321930787,-41.15802815741016]},"id":"2408","properties":{"lossyear":21}},{"type":"Feature","geometry":{"geodesic":false,"type":"Point","coordinates":[147.73281426296705,-42.69414729325453]},"id":"2409","properties":{"lossyear":21}},{"type":"Feature","geometry":{"geodesic":false,"type":"Point","coordinates":[144.78813676162326,-41.29097881945984]},"id":"2410","properties":{"lossyear":21}},{"type":"Feature","geometry":{"geodesic":false,"type":"Point","coordinates":[145.1294965695887,-41.5281340544674]},"id":"2411","properties":{"lossyear":21}},{"type":"Feature","geometry":{"geodesic":false,"type":"Point","coordinates":[146.8318040329952,-41.11490902377241]},"id":"2412","properties":{"lossyear":21}},{"type":"Feature","geometry":{"geodesic":false,"type":"Point","coordinates":[144.93905372935535,-41.53621889202448]},"id":"2413","properties":{"lossyear":21}},{"type":"Feature","geometry":{"geodesic":false,"type":"Point","coordinates":[145.1384797224299,-41.52004921691032]},"id":"2414","properties":{}},{"type":"Feature","geometry":{"geodesic":false,"type":"Point","coordinates":[146.5802757534417,-42.884590133487876]},"id":"2415","properties":{"lossyear":22}},{"type":"Feature","geometry":{"geodesic":false,"type":"Point","coordinates":[145.67028237062863,-42.73996137274463]},"id":"2416","properties":{}},{"type":"Feature","geometry":{"geodesic":false,"type":"Point","coordinates":[146.78419332293686,-42.77140240768881]},"id":"2417","properties":{"lossyear":21}},{"type":"Feature","geometry":{"geodesic":false,"type":"Point","coordinates":[144.8635952454893,-41.27301251377746]},"id":"2418","properties":{"lossyear":21}},{"type":"Feature","geometry":{"geodesic":false,"type":"Point","coordinates":[146.96655132561312,-43.30410337117169]},"id":"2419","properties":{"lossyear":21}},{"type":"Feature","geometry":{"geodesic":false,"type":"Point","coordinates":[147.54326973801784,-42.501907822452964]},"id":"2420","properties":{"lossyear":21}},{"type":"Feature","geometry":{"geodesic":false,"type":"Point","coordinates":[144.8995278568541,-41.49848965009146]},"id":"2421","properties":{"lossyear":21}},{"type":"Feature","geometry":{"geodesic":false,"type":"Point","coordinates":[144.94085035992362,-40.935245966948514]},"id":"2422","properties":{"lossyear":21}},{"type":"Feature","geometry":{"geodesic":false,"type":"Point","coordinates":[147.28814819732793,-40.99183982984805]},"id":"2423","properties":{"lossyear":21}},{"type":"Feature","geometry":{"geodesic":false,"type":"Point","coordinates":[145.29209163601433,-41.4589637775902]},"id":"2424","properties":{"lossyear":21}},{"type":"Feature","geometry":{"geodesic":false,"type":"Point","coordinates":[144.9552234044695,-41.705102165438944]},"id":"2425","properties":{}},{"type":"Feature","geometry":{"geodesic":false,"type":"Point","coordinates":[145.25436239408128,-42.36177063813031]},"id":"2426","properties":{"lossyear":21}},{"type":"Feature","geometry":{"geodesic":false,"type":"Point","coordinates":[146.60992015781767,-42.20546377869351]},"id":"2427","properties":{"lossyear":21}},{"type":"Feature","geometry":{"geodesic":false,"type":"Point","coordinates":[147.74359404637647,-42.32224476562905]},"id":"2428","properties":{"lossyear":21}},{"type":"Feature","geometry":{"geodesic":false,"type":"Point","coordinates":[144.77556034764558,-41.28109735133452]},"id":"2429","properties":{"lossyear":21}},{"type":"Feature","geometry":{"geodesic":false,"type":"Point","coordinates":[146.98631426186375,-43.28973032662577]},"id":"2430","properties":{"lossyear":21}},{"type":"Feature","geometry":{"geodesic":false,"type":"Point","coordinates":[148.11190331286548,-41.64940661782353]},"id":"2431","properties":{"lossyear":21}},{"type":"Feature","geometry":{"geodesic":false,"type":"Point","coordinates":[144.73603447514432,-41.30445354872164]},"id":"2432","properties":{"lossyear":21}},{"type":"Feature","geometry":{"geodesic":false,"type":"Point","coordinates":[145.981099458934,-42.75523273257467]},"id":"2433","properties":{"lossyear":21}},{"type":"Feature","geometry":{"geodesic":false,"type":"Point","coordinates":[147.87295144728972,-42.607909025979055]},"id":"2434","properties":{"lossyear":21}},{"type":"Feature","geometry":{"geodesic":false,"type":"Point","coordinates":[147.69688165160227,-41.47423513742022]},"id":"2435","properties":{"lossyear":21}},{"type":"Feature","geometry":{"geodesic":false,"type":"Point","coordinates":[147.85588345689143,-41.92339277947998]},"id":"2436","properties":{"lossyear":21}},{"type":"Feature","geometry":{"geodesic":false,"type":"Point","coordinates":[145.24268429538773,-42.31865150449258]},"id":"2437","properties":{"lossyear":21}},{"type":"Feature","geometry":{"geodesic":false,"type":"Point","coordinates":[145.55350138369312,-41.02058591893987]},"id":"2438","properties":{"lossyear":21}},{"type":"Feature","geometry":{"geodesic":false,"type":"Point","coordinates":[144.86000198435283,-41.274809144345696]},"id":"2439","properties":{"lossyear":21}},{"type":"Feature","geometry":{"geodesic":false,"type":"Point","coordinates":[145.38102484914214,-42.216243562102946]},"id":"2440","properties":{}},{"type":"Feature","geometry":{"geodesic":false,"type":"Point","coordinates":[145.11871678617928,-41.81110336896505]},"id":"2441","properties":{"lossyear":21}},{"type":"Feature","geometry":{"geodesic":false,"type":"Point","coordinates":[145.69184193744752,-42.76062262427938]},"id":"2442","properties":{"lossyear":20}},{"type":"Feature","geometry":{"geodesic":false,"type":"Point","coordinates":[144.89683291100175,-41.487709866682025]},"id":"2443","properties":{"lossyear":21}},{"type":"Feature","geometry":{"geodesic":false,"type":"Point","coordinates":[148.10920836701314,-41.63772851912998]},"id":"2444","properties":{"lossyear":21}},{"type":"Feature","geometry":{"geodesic":false,"type":"Point","coordinates":[145.1151235250428,-41.47513345270434]},"id":"2445","properties":{"lossyear":21}},{"type":"Feature","geometry":{"geodesic":false,"type":"Point","coordinates":[144.95163014333303,-41.70330553487071]},"id":"2446","properties":{"lossyear":21}},{"type":"Feature","geometry":{"geodesic":false,"type":"Point","coordinates":[144.72615300701904,-41.07178989013468]},"id":"2447","properties":{"lossyear":21}},{"type":"Feature","geometry":{"geodesic":false,"type":"Point","coordinates":[147.8873244918356,-41.27121588320921]},"id":"2448","properties":{"lossyear":21}},{"type":"Feature","geometry":{"geodesic":false,"type":"Point","coordinates":[148.0759707015007,-41.66108471651708]},"id":"2449","properties":{"lossyear":21}},{"type":"Feature","geometry":{"geodesic":false,"type":"Point","coordinates":[145.2166331521483,-42.33032960318613]},"id":"2450","properties":{"lossyear":21}},{"type":"Feature","geometry":{"geodesic":false,"type":"Point","coordinates":[145.21034494515942,-41.52903236975152]},"id":"2451","properties":{"lossyear":21}},{"type":"Feature","geometry":{"geodesic":false,"type":"Point","coordinates":[144.90940932497938,-41.07089157485056]},"id":"2452","properties":{"lossyear":21}},{"type":"Feature","geometry":{"geodesic":false,"type":"Point","coordinates":[144.9318672070824,-41.493099758386734]},"id":"2453","properties":{"lossyear":21}},{"type":"Feature","geometry":{"geodesic":false,"type":"Point","coordinates":[144.9677998184472,-41.02058591893987]},"id":"2454","properties":{"lossyear":21}},{"type":"Feature","geometry":{"geodesic":false,"type":"Point","coordinates":[145.15105613640753,-41.77876401873674]},"id":"2455","properties":{}},{"type":"Feature","geometry":{"geodesic":false,"type":"Point","coordinates":[145.27502364561605,-42.31415992807197]},"id":"2456","properties":{"lossyear":1}},{"type":"Feature","geometry":{"geodesic":false,"type":"Point","coordinates":[144.9489351974807,-41.031365702349305]},"id":"2457","properties":{"lossyear":21}},{"type":"Feature","geometry":{"geodesic":false,"type":"Point","coordinates":[147.84330704291375,-42.45968700409934]},"id":"2458","properties":{}},{"type":"Feature","geometry":{"geodesic":false,"type":"Point","coordinates":[144.86718850662578,-41.294572080596325]},"id":"2459","properties":{"lossyear":21}},{"type":"Feature","geometry":{"geodesic":false,"type":"Point","coordinates":[146.91714398498652,-41.24785968582211]},"id":"2460","properties":{}},{"type":"Feature","geometry":{"geodesic":false,"type":"Point","coordinates":[144.65877936071007,-40.97477183944977]},"id":"2461","properties":{"lossyear":21}},{"type":"Feature","geometry":{"geodesic":false,"type":"Point","coordinates":[145.25436239408128,-42.36446558398268]},"id":"2462","properties":{"lossyear":21}},{"type":"Feature","geometry":{"geodesic":false,"type":"Point","coordinates":[144.82496768827218,-41.28199566661864]},"id":"2463","properties":{}},{"type":"Feature","geometry":{"geodesic":false,"type":"Point","coordinates":[145.12410667788396,-41.519150901626205]},"id":"2464","properties":{"lossyear":21}},{"type":"Feature","geometry":{"geodesic":false,"type":"Point","coordinates":[147.13812954487992,-42.2647525874454]},"id":"2465","properties":{"lossyear":21}},{"type":"Feature","geometry":{"geodesic":false,"type":"Point","coordinates":[147.72203447955764,-41.1508416351372]},"id":"2466","properties":{"lossyear":21}},{"type":"Feature","geometry":{"geodesic":false,"type":"Point","coordinates":[145.2768202761843,-42.3105666669355]},"id":"2467","properties":{"lossyear":21}},{"type":"Feature","geometry":{"geodesic":false,"type":"Point","coordinates":[144.7746620323615,-41.3026569181534]},"id":"2468","properties":{"lossyear":21}},{"type":"Feature","geometry":{"geodesic":false,"type":"Point","coordinates":[144.89323964986528,-41.51735427105797]},"id":"2469","properties":{"lossyear":21}},{"type":"Feature","geometry":{"geodesic":false,"type":"Point","coordinates":[144.77825529349798,-41.28828387360748]},"id":"2470","properties":{"lossyear":21}},{"type":"Feature","geometry":{"geodesic":false,"type":"Point","coordinates":[146.14279621007552,-41.32062322383578]},"id":"2471","properties":{"lossyear":21}},{"type":"Feature","geometry":{"geodesic":false,"type":"Point","coordinates":[144.8806632358876,-41.51735427105797]},"id":"2472","properties":{"lossyear":21}},{"type":"Feature","geometry":{"geodesic":false,"type":"Point","coordinates":[144.75489909611088,-41.29636871116456]},"id":"2473","properties":{"lossyear":21}},{"type":"Feature","geometry":{"geodesic":false,"type":"Point","coordinates":[144.93815541407122,-41.487709866682025]},"id":"2474","properties":{"lossyear":21}},{"type":"Feature","geometry":{"geodesic":false,"type":"Point","coordinates":[146.73927755873086,-42.955557040933314]},"id":"2475","properties":{"lossyear":21}},{"type":"Feature","geometry":{"geodesic":false,"type":"Point","coordinates":[146.7958714216304,-42.77140240768881]},"id":"2476","properties":{}},{"type":"Feature","geometry":{"geodesic":false,"type":"Point","coordinates":[145.6639941636398,-41.43291263435073]},"id":"2477","properties":{"lossyear":21}},{"type":"Feature","geometry":{"geodesic":false,"type":"Point","coordinates":[146.65393760673953,-41.27391082906158]},"id":"2478","properties":{"lossyear":9}},{"type":"Feature","geometry":{"geodesic":false,"type":"Point","coordinates":[144.90132448742236,-41.50926943350089]},"id":"2479","properties":{"lossyear":21}},{"type":"Feature","geometry":{"geodesic":false,"type":"Point","coordinates":[144.95702003503771,-41.70240721958659]},"id":"2480","properties":{"lossyear":21}},{"type":"Feature","geometry":{"geodesic":false,"type":"Point","coordinates":[144.75579741139495,-41.30535186400576]},"id":"2481","properties":{"lossyear":21}},{"type":"Feature","geometry":{"geodesic":false,"type":"Point","coordinates":[144.8869514428764,-41.500286280659694]},"id":"2482","properties":{"lossyear":21}},{"type":"Feature","geometry":{"geodesic":false,"type":"Point","coordinates":[145.27143038447957,-42.36446558398268]},"id":"2483","properties":{"lossyear":21}},{"type":"Feature","geometry":{"geodesic":false,"type":"Point","coordinates":[146.77071859367504,-41.26672430678862]},"id":"2484","properties":{"lossyear":21}},{"type":"Feature","geometry":{"geodesic":false,"type":"Point","coordinates":[145.3001764735714,-42.31505824335609]},"id":"2485","properties":{}},{"type":"Feature","geometry":{"geodesic":false,"type":"Point","coordinates":[145.0800892289621,-40.99094151456393]},"id":"2486","properties":{"lossyear":13}},{"type":"Feature","geometry":{"geodesic":false,"type":"Point","coordinates":[144.650694523153,-40.98734825342744]},"id":"2487","properties":{}},{"type":"Feature","geometry":{"geodesic":false,"type":"Point","coordinates":[144.8294592646928,-41.287385558323365]},"id":"2488","properties":{"lossyear":21}},{"type":"Feature","geometry":{"geodesic":false,"type":"Point","coordinates":[144.98396949356135,-41.0035179285416]},"id":"2489","properties":{}},{"type":"Feature","geometry":{"geodesic":false,"type":"Point","coordinates":[146.53176672809929,-42.474060048645256]},"id":"2490","properties":{"lossyear":21}},{"type":"Feature","geometry":{"geodesic":false,"type":"Point","coordinates":[147.69598333631814,-41.473336822136105]},"id":"2491","properties":{}},{"type":"Feature","geometry":{"geodesic":false,"type":"Point","coordinates":[144.76478056423616,-41.27840240548217]},"id":"2492","properties":{"lossyear":21}},{"type":"Feature","geometry":{"geodesic":false,"type":"Point","coordinates":[145.21034494515942,-41.52723573918328]},"id":"2493","properties":{"lossyear":21}},{"type":"Feature","geometry":{"geodesic":false,"type":"Point","coordinates":[145.7915549339848,-41.16790962553547]},"id":"2494","properties":{"lossyear":21}},{"type":"Feature","geometry":{"geodesic":false,"type":"Point","coordinates":[145.2633455469225,-42.34919422415264]},"id":"2495","properties":{"lossyear":21}},{"type":"Feature","geometry":{"geodesic":false,"type":"Point","coordinates":[145.66848574006042,-42.738164742176394]},"id":"2496","properties":{"lossyear":21}},{"type":"Feature","geometry":{"geodesic":false,"type":"Point","coordinates":[146.93061871424834,-42.76511420069998]},"id":"2497","properties":{}},{"type":"Feature","geometry":{"geodesic":false,"type":"Point","coordinates":[145.10075048049686,-41.801221900839735]},"id":"2498","properties":{"lossyear":21}},{"type":"Feature","geometry":{"geodesic":false,"type":"Point","coordinates":[144.8851548123082,-41.51106606406913]},"id":"2499","properties":{"lossyear":21}},{"type":"Feature","geometry":{"geodesic":false,"type":"Point","coordinates":[145.1528527669758,-41.805713477260326]},"id":"2500","properties":{"lossyear":21}},{"type":"Feature","geometry":{"geodesic":false,"type":"Point","coordinates":[146.90546588629297,-42.889980025192585]},"id":"2501","properties":{"lossyear":21}},{"type":"Feature","geometry":{"geodesic":false,"type":"Point","coordinates":[145.40707599238164,-42.01052936203958]},"id":"2502","properties":{"lossyear":22}},{"type":"Feature","geometry":{"geodesic":false,"type":"Point","coordinates":[147.55854109784786,-41.16970625610371]},"id":"2503","properties":{}},{"type":"Feature","geometry":{"geodesic":false,"type":"Point","coordinates":[145.17890391021524,-41.9242910947641]},"id":"2504","properties":{"lossyear":22}},{"type":"Feature","geometry":{"geodesic":false,"type":"Point","coordinates":[145.88408140824907,-41.224503488435005]},"id":"2505","properties":{}},{"type":"Feature","geometry":{"geodesic":false,"type":"Point","coordinates":[146.49224085559803,-42.58634945916019]},"id":"2506","properties":{"lossyear":22}},{"type":"Feature","geometry":{"geodesic":false,"type":"Point","coordinates":[148.25024386661988,-41.42662442736189]},"id":"2507","properties":{"lossyear":22}},{"type":"Feature","geometry":{"geodesic":false,"type":"Point","coordinates":[147.9789526508158,-40.93883922808499]},"id":"2508","properties":{"lossyear":22}},{"type":"Feature","geometry":{"geodesic":false,"type":"Point","coordinates":[145.55529801426133,-40.93165270581204]},"id":"2509","properties":{"lossyear":22}},{"type":"Feature","geometry":{"geodesic":false,"type":"Point","coordinates":[147.17765541738117,-42.40578808705217]},"id":"2510","properties":{"lossyear":22}},{"type":"Feature","geometry":{"geodesic":false,"type":"Point","coordinates":[147.23155433442838,-41.13646859059129]},"id":"2511","properties":{"lossyear":22}},{"type":"Feature","geometry":{"geodesic":false,"type":"Point","coordinates":[146.27395024155697,-42.126412033691]},"id":"2512","properties":{"lossyear":22}},{"type":"Feature","geometry":{"geodesic":false,"type":"Point","coordinates":[146.38803628264014,-43.25828929168159]},"id":"2513","properties":{"lossyear":22}},{"type":"Feature","geometry":{"geodesic":false,"type":"Point","coordinates":[147.26030042352022,-41.30984344042635]},"id":"2514","properties":{"lossyear":22}},{"type":"Feature","geometry":{"geodesic":false,"type":"Point","coordinates":[146.39073122849248,-42.139886762952784]},"id":"2515","properties":{}},{"type":"Feature","geometry":{"geodesic":false,"type":"Point","coordinates":[147.16418068811942,-41.10412924036298]},"id":"2516","properties":{"lossyear":22}},{"type":"Feature","geometry":{"geodesic":false,"type":"Point","coordinates":[145.24807418709247,-41.74732298379256]},"id":"2517","properties":{"lossyear":22}},{"type":"Feature","geometry":{"geodesic":false,"type":"Point","coordinates":[146.83270234827933,-43.52149566992861]},"id":"2518","properties":{"lossyear":24}},{"type":"Feature","geometry":{"geodesic":false,"type":"Point","coordinates":[147.67352545421517,-41.062806737293485]},"id":"2519","properties":{"lossyear":22}},{"type":"Feature","geometry":{"geodesic":false,"type":"Point","coordinates":[147.23694422613306,-41.13197701417069]},"id":"2520","properties":{"lossyear":22}},{"type":"Feature","geometry":{"geodesic":false,"type":"Point","coordinates":[147.93044362547334,-40.92356786825496]},"id":"2521","properties":{}},{"type":"Feature","geometry":{"geodesic":false,"type":"Point","coordinates":[147.68161029177224,-41.17240120195606]},"id":"2522","properties":{"lossyear":21}},{"type":"Feature","geometry":{"geodesic":false,"type":"Point","coordinates":[146.8506686539617,-43.508020940666825]},"id":"2523","properties":{}},{"type":"Feature","geometry":{"geodesic":false,"type":"Point","coordinates":[145.5660777976708,-40.93344933638028]},"id":"2524","properties":{"lossyear":22}},{"type":"Feature","geometry":{"geodesic":false,"type":"Point","coordinates":[145.2633455469225,-41.736543200383124]},"id":"2525","properties":{"lossyear":22}},{"type":"Feature","geometry":{"geodesic":false,"type":"Point","coordinates":[146.26496708871576,-41.42662442736189]},"id":"2526","properties":{}},{"type":"Feature","geometry":{"geodesic":false,"type":"Point","coordinates":[146.85336359981403,-41.377217086735314]},"id":"2527","properties":{"lossyear":6}},{"type":"Feature","geometry":{"geodesic":false,"type":"Point","coordinates":[145.22471798970537,-41.729356678110165]},"id":"2528","properties":{"lossyear":22}},{"type":"Feature","geometry":{"geodesic":false,"type":"Point","coordinates":[146.90905914742945,-42.87381035007844]},"id":"2529","properties":{"lossyear":22}},{"type":"Feature","geometry":{"geodesic":false,"type":"Point","coordinates":[145.56068790596606,-40.93614428223263]},"id":"2530","properties":{"lossyear":21}},{"type":"Feature","geometry":{"geodesic":false,"type":"Point","coordinates":[146.371866607526,-43.269069075091025]},"id":"2531","properties":{"lossyear":22}},{"type":"Feature","geometry":{"geodesic":false,"type":"Point","coordinates":[147.6232197983045,-42.448008905405786]},"id":"2532","properties":{"lossyear":22}},{"type":"Feature","geometry":{"geodesic":false,"type":"Point","coordinates":[146.65124266088714,-41.39338676184947]},"id":"2533","properties":{"lossyear":22}},{"type":"Feature","geometry":{"geodesic":false,"type":"Point","coordinates":[147.43367527335528,-41.20833381332085]},"id":"2534","properties":{"lossyear":22}},{"type":"Feature","geometry":{"geodesic":false,"type":"Point","coordinates":[145.51936540289654,-41.23977484826503]},"id":"2535","properties":{"lossyear":22}},{"type":"Feature","geometry":{"geodesic":false,"type":"Point","coordinates":[146.2847300249664,-42.21983682323943]},"id":"2536","properties":{"lossyear":22}},{"type":"Feature","geometry":{"geodesic":false,"type":"Point","coordinates":[145.74304590864233,-41.896443320956394]},"id":"2537","properties":{"lossyear":22}},{"type":"Feature","geometry":{"geodesic":false,"type":"Point","coordinates":[146.82012593430164,-42.94477725752388]},"id":"2538","properties":{}},{"type":"Feature","geometry":{"geodesic":false,"type":"Point","coordinates":[146.84438044697288,-41.2110287591732]},"id":"2539","properties":{"lossyear":22}},{"type":"Feature","geometry":{"geodesic":false,"type":"Point","coordinates":[145.9487601087057,-41.2981653417328]},"id":"2540","properties":{"lossyear":22}},{"type":"Feature","geometry":{"geodesic":false,"type":"Point","coordinates":[145.81311450080364,-42.87201371951021]},"id":"2541","properties":{"lossyear":22}},{"type":"Feature","geometry":{"geodesic":false,"type":"Point","coordinates":[145.47534795397473,-41.00711118967807]},"id":"2542","properties":{}},{"type":"Feature","geometry":{"geodesic":false,"type":"Point","coordinates":[145.53912833914717,-41.228995064855596]},"id":"2543","properties":{}},{"type":"Feature","geometry":{"geodesic":false,"type":"Point","coordinates":[147.61603327603154,-41.43740421077132]},"id":"2544","properties":{"lossyear":22}},{"type":"Feature","geometry":{"geodesic":false,"type":"Point","coordinates":[147.22077455101896,-41.953935499140044]},"id":"2545","properties":{"lossyear":22}},{"type":"Feature","geometry":{"geodesic":false,"type":"Point","coordinates":[146.64944603031893,-42.571078099330165]},"id":"2546","properties":{"lossyear":22}},{"type":"Feature","geometry":{"geodesic":false,"type":"Point","coordinates":[146.6934634792408,-42.64923152904856]},"id":"2547","properties":{"lossyear":22}},{"type":"Feature","geometry":{"geodesic":false,"type":"Point","coordinates":[146.12393158910902,-41.45986209287432]},"id":"2548","properties":{"lossyear":22}},{"type":"Feature","geometry":{"geodesic":false,"type":"Point","coordinates":[147.23065601914425,-41.11490902377241]},"id":"2549","properties":{"lossyear":22}},{"type":"Feature","geometry":{"geodesic":false,"type":"Point","coordinates":[147.30341955715795,-43.50622431009859]},"id":"2550","properties":{}},{"type":"Feature","geometry":{"geodesic":false,"type":"Point","coordinates":[146.89917767930416,-42.889980025192585]},"id":"2551","properties":{"lossyear":22}},{"type":"Feature","geometry":{"geodesic":false,"type":"Point","coordinates":[147.07794242084395,-41.52094753219444]},"id":"2552","properties":{}},{"type":"Feature","geometry":{"geodesic":false,"type":"Point","coordinates":[147.53069332404016,-42.54772190194305]},"id":"2553","properties":{"lossyear":22}},{"type":"Feature","geometry":{"geodesic":false,"type":"Point","coordinates":[145.5570946448296,-40.93255102109616]},"id":"2554","properties":{"lossyear":22}},{"type":"Feature","geometry":{"geodesic":false,"type":"Point","coordinates":[145.7142998195505,-41.90901973493408]},"id":"2555","properties":{"lossyear":22}},{"type":"Feature","geometry":{"geodesic":false,"type":"Point","coordinates":[147.22885938857598,-41.13377364473892]},"id":"2556","properties":{"lossyear":22}},{"type":"Feature","geometry":{"geodesic":false,"type":"Point","coordinates":[147.78761149529834,-41.17240120195606]},"id":"2557","properties":{"lossyear":22}},{"type":"Feature","geometry":{"geodesic":false,"type":"Point","coordinates":[146.83449897884753,-43.50442767953034]},"id":"2558","properties":{"lossyear":22}},{"type":"Feature","geometry":{"geodesic":false,"type":"Point","coordinates":[147.62591474415683,-42.68157087927686]},"id":"2559","properties":{"lossyear":22}},{"type":"Feature","geometry":{"geodesic":false,"type":"Point","coordinates":[147.28006335977085,-41.12389217661361]},"id":"2560","properties":{"lossyear":22}},{"type":"Feature","geometry":{"geodesic":false,"type":"Point","coordinates":[147.19382509249533,-41.922494464195864]},"id":"2561","properties":{}},{"type":"Feature","geometry":{"geodesic":false,"type":"Point","coordinates":[144.85551040793223,-40.850804330241274]},"id":"2562","properties":{"lossyear":22}},{"type":"Feature","geometry":{"geodesic":false,"type":"Point","coordinates":[147.67532208478343,-41.06101010672525]},"id":"2563","properties":{"lossyear":22}},{"type":"Feature","geometry":{"geodesic":false,"type":"Point","coordinates":[146.39342617434488,-43.2627808681022]},"id":"2564","properties":{"lossyear":22}},{"type":"Feature","geometry":{"geodesic":false,"type":"Point","coordinates":[147.96278297570166,-40.91727966126612]},"id":"2565","properties":{"lossyear":22}},{"type":"Feature","geometry":{"geodesic":false,"type":"Point","coordinates":[148.12627635741143,-41.685339229188315]},"id":"2566","properties":{"lossyear":22}},{"type":"Feature","geometry":{"geodesic":false,"type":"Point","coordinates":[145.3846181102786,-41.98268158823187]},"id":"2567","properties":{"lossyear":22}},{"type":"Feature","geometry":{"geodesic":false,"type":"Point","coordinates":[146.8407871858364,-41.64222009555057]},"id":"2568","properties":{"lossyear":22}},{"type":"Feature","geometry":{"geodesic":false,"type":"Point","coordinates":[147.2701818916455,-41.12928206831833]},"id":"2569","properties":{"lossyear":22}},{"type":"Feature","geometry":{"geodesic":false,"type":"Point","coordinates":[147.3249791239768,-42.501009507168845]},"id":"2570","properties":{"lossyear":22}},{"type":"Feature","geometry":{"geodesic":false,"type":"Point","coordinates":[145.55439969897725,-40.927161129391436]},"id":"2571","properties":{"lossyear":22}},{"type":"Feature","geometry":{"geodesic":false,"type":"Point","coordinates":[147.82803568308373,-41.27121588320921]},"id":"2572","properties":{}},{"type":"Feature","geometry":{"geodesic":false,"type":"Point","coordinates":[146.82821077185872,-43.50352936424622]},"id":"2573","properties":{"lossyear":22}},{"type":"Feature","geometry":{"geodesic":false,"type":"Point","coordinates":[146.3826463909354,-42.14078507823692]},"id":"2574","properties":{"lossyear":22}},{"type":"Feature","geometry":{"geodesic":false,"type":"Point","coordinates":[147.25491053181548,-41.12299386132949]},"id":"2575","properties":{"lossyear":22}},{"type":"Feature","geometry":{"geodesic":false,"type":"Point","coordinates":[145.80952123966716,-42.86842045837372]},"id":"2576","properties":{"lossyear":22}},{"type":"Feature","geometry":{"geodesic":false,"type":"Point","coordinates":[147.68161029177224,-42.29619362238958]},"id":"2577","properties":{"lossyear":22}},{"type":"Feature","geometry":{"geodesic":false,"type":"Point","coordinates":[145.88587803881734,-42.17941263545406]},"id":"2578","properties":{"lossyear":22}},{"type":"Feature","geometry":{"geodesic":false,"type":"Point","coordinates":[144.8573070385005,-40.85529590666188]},"id":"2579","properties":{}},{"type":"Feature","geometry":{"geodesic":false,"type":"Point","coordinates":[146.4293587857096,-41.55957508941158]},"id":"2580","properties":{"lossyear":22}},{"type":"Feature","geometry":{"geodesic":false,"type":"Point","coordinates":[147.27108020692964,-41.141858482296]},"id":"2581","properties":{"lossyear":10}},{"type":"Feature","geometry":{"geodesic":false,"type":"Point","coordinates":[145.80053808682595,-42.877403611214916]},"id":"2582","properties":{"lossyear":23}},{"type":"Feature","geometry":{"geodesic":false,"type":"Point","coordinates":[146.1652540921785,-42.15964969920341]},"id":"2583","properties":{"lossyear":22}},{"type":"Feature","geometry":{"geodesic":false,"type":"Point","coordinates":[145.40348273124516,-41.98986811050483]},"id":"2584","properties":{}},{"type":"Feature","geometry":{"geodesic":false,"type":"Point","coordinates":[145.6972318291522,-41.16072310326251]},"id":"2585","properties":{"lossyear":21}},{"type":"Feature","geometry":{"geodesic":false,"type":"Point","coordinates":[146.16884735331496,-43.25918760696571]},"id":"2586","properties":{"lossyear":22}},{"type":"Feature","geometry":{"geodesic":false,"type":"Point","coordinates":[145.24178598010366,-41.74103477680373]},"id":"2587","properties":{"lossyear":22}},{"type":"Feature","geometry":{"geodesic":false,"type":"Point","coordinates":[145.4654664858494,-41.00980613553044]},"id":"2588","properties":{"lossyear":22}},{"type":"Feature","geometry":{"geodesic":false,"type":"Point","coordinates":[146.4554099289491,-42.60701071069494]},"id":"2589","properties":{"lossyear":22}},{"type":"Feature","geometry":{"geodesic":false,"type":"Point","coordinates":[146.6530392914554,-42.72109675177812]},"id":"2590","properties":{"lossyear":24}},{"type":"Feature","geometry":{"geodesic":false,"type":"Point","coordinates":[146.38803628264014,-43.26008592224983]},"id":"2591","properties":{"lossyear":22}},{"type":"Feature","geometry":{"geodesic":false,"type":"Point","coordinates":[146.2613738275793,-41.454472201169594]},"id":"2592","properties":{"lossyear":22}},{"type":"Feature","geometry":{"geodesic":false,"type":"Point","coordinates":[146.16705072274675,-42.1497682310781]},"id":"2593","properties":{"lossyear":22}},{"type":"Feature","geometry":{"geodesic":false,"type":"Point","coordinates":[146.39881606604956,-43.27445896679575]},"id":"2594","properties":{"lossyear":22}},{"type":"Feature","geometry":{"geodesic":false,"type":"Point","coordinates":[145.54990812255664,-40.93614428223263]},"id":"2595","properties":{"lossyear":22}},{"type":"Feature","geometry":{"geodesic":false,"type":"Point","coordinates":[145.55799296011372,-40.928059444675554]},"id":"2596","properties":{"lossyear":22}},{"type":"Feature","geometry":{"geodesic":false,"type":"Point","coordinates":[146.7509556574244,-41.34038616008641]},"id":"2597","properties":{"lossyear":6}},{"type":"Feature","geometry":{"geodesic":false,"type":"Point","coordinates":[146.5569195560546,-42.47585667921349]},"id":"2598","properties":{"lossyear":22}},{"type":"Feature","geometry":{"geodesic":false,"type":"Point","coordinates":[147.53428658517663,-41.38260697844004]},"id":"2599","properties":{"lossyear":22}},{"type":"Feature","geometry":{"geodesic":false,"type":"Point","coordinates":[146.41768068701606,-43.288832011341654]},"id":"2600","properties":{"lossyear":22}},{"type":"Feature","geometry":{"geodesic":false,"type":"Point","coordinates":[147.39055613971755,-43.23942467071508]},"id":"2601","properties":{"lossyear":22}},{"type":"Feature","geometry":{"geodesic":false,"type":"Point","coordinates":[145.91552244319325,-41.30086028758515]},"id":"2602","properties":{"lossyear":22}},{"type":"Feature","geometry":{"geodesic":false,"type":"Point","coordinates":[146.0736259331983,-41.40686149111126]},"id":"2603","properties":{"lossyear":22}},{"type":"Feature","geometry":{"geodesic":false,"type":"Point","coordinates":[146.13560968780257,-41.42392948150953]},"id":"2604","properties":{"lossyear":22}},{"type":"Feature","geometry":{"geodesic":false,"type":"Point","coordinates":[148.1020218447402,-41.082569673544114]},"id":"2605","properties":{"lossyear":4}},{"type":"Feature","geometry":{"geodesic":false,"type":"Point","coordinates":[147.78311991887773,-42.09227605289446]},"id":"2606","properties":{"lossyear":22}},{"type":"Feature","geometry":{"geodesic":false,"type":"Point","coordinates":[147.42199717466173,-41.32421648497227]},"id":"2607","properties":{"lossyear":22}},{"type":"Feature","geometry":{"geodesic":false,"type":"Point","coordinates":[146.73388766702618,-41.29636871116456]},"id":"2608","properties":{"lossyear":22}},{"type":"Feature","geometry":{"geodesic":false,"type":"Point","coordinates":[145.7187913959711,-41.244266424685634]},"id":"2609","properties":{"lossyear":22}},{"type":"Feature","geometry":{"geodesic":false,"type":"Point","coordinates":[147.91696889621159,-42.037478820563166]},"id":"2610","properties":{}},{"type":"Feature","geometry":{"geodesic":false,"type":"Point","coordinates":[145.5355350780107,-40.915483030697885]},"id":"2611","properties":{}},{"type":"Feature","geometry":{"geodesic":false,"type":"Point","coordinates":[145.61548513829734,-41.90632478908172]},"id":"2612","properties":{"lossyear":22}},{"type":"Feature","geometry":{"geodesic":false,"type":"Point","coordinates":[145.6172817688656,-41.90542647379759]},"id":"2613","properties":{"lossyear":22}},{"type":"Feature","geometry":{"geodesic":false,"type":"Point","coordinates":[145.8661151025667,-42.87201371951021]},"id":"2614","properties":{"lossyear":23}},{"type":"Feature","geometry":{"geodesic":false,"type":"Point","coordinates":[147.07524747499156,-41.171502886671945]},"id":"2615","properties":{}},{"type":"Feature","geometry":{"geodesic":false,"type":"Point","coordinates":[145.6693840553445,-41.430217688498374]},"id":"2616","properties":{}},{"type":"Feature","geometry":{"geodesic":false,"type":"Point","coordinates":[147.17585878681297,-41.14994331985308]},"id":"2617","properties":{"lossyear":22}},{"type":"Feature","geometry":{"geodesic":false,"type":"Point","coordinates":[145.72238465710757,-41.90183321266112]},"id":"2618","properties":{}},{"type":"Feature","geometry":{"geodesic":false,"type":"Point","coordinates":[146.17783050615617,-42.154259807498704]},"id":"2619","properties":{}},{"type":"Feature","geometry":{"geodesic":false,"type":"Point","coordinates":[147.76874687433184,-42.04915691925672]},"id":"2620","properties":{}},{"type":"Feature","geometry":{"geodesic":false,"type":"Point","coordinates":[147.24143580255367,-41.13916353644365]},"id":"2621","properties":{"lossyear":9}},{"type":"Feature","geometry":{"geodesic":false,"type":"Point","coordinates":[145.89396287637442,-41.30984344042635]},"id":"2622","properties":{"lossyear":22}},{"type":"Feature","geometry":{"geodesic":false,"type":"Point","coordinates":[146.50661390014392,-41.376318771451196]},"id":"2623","properties":{"lossyear":22}},{"type":"Feature","geometry":{"geodesic":false,"type":"Point","coordinates":[144.84652725509102,-40.84631275382068]},"id":"2624","properties":{"lossyear":22}},{"type":"Feature","geometry":{"geodesic":false,"type":"Point","coordinates":[146.75275228799268,-42.30966835165138]},"id":"2625","properties":{"lossyear":22}},{"type":"Feature","geometry":{"geodesic":false,"type":"Point","coordinates":[147.67711871535164,-41.06190842200937]},"id":"2626","properties":{"lossyear":22}},{"type":"Feature","geometry":{"geodesic":false,"type":"Point","coordinates":[146.8425838164046,-43.09210096411948]},"id":"2627","properties":{"lossyear":22}},{"type":"Feature","geometry":{"geodesic":false,"type":"Point","coordinates":[146.39881606604956,-43.263679183386316]},"id":"2628","properties":{"lossyear":22}},{"type":"Feature","geometry":{"geodesic":false,"type":"Point","coordinates":[145.26424386220663,-41.73205162396253]},"id":"2629","properties":{"lossyear":22}},{"type":"Feature","geometry":{"geodesic":false,"type":"Point","coordinates":[146.8919911570312,-41.09245114166943]},"id":"2630","properties":{"lossyear":22}},{"type":"Feature","geometry":{"geodesic":false,"type":"Point","coordinates":[146.17064398388322,-42.154259807498704]},"id":"2631","properties":{"lossyear":22}},{"type":"Feature","geometry":{"geodesic":false,"type":"Point","coordinates":[147.00158562169378,-41.94225740044649]},"id":"2632","properties":{}},{"type":"Feature","geometry":{"geodesic":false,"type":"Point","coordinates":[147.58998213279204,-42.54143369495422]},"id":"2633","properties":{}},{"type":"Feature","geometry":{"geodesic":false,"type":"Point","coordinates":[146.26406877343163,-41.43560758020308]},"id":"2634","properties":{"lossyear":22}},{"type":"Feature","geometry":{"geodesic":false,"type":"Point","coordinates":[145.71519813483462,-41.024179180076345]},"id":"2635","properties":{}},{"type":"Feature","geometry":{"geodesic":false,"type":"Point","coordinates":[147.43637021920762,-41.260436099799776]},"id":"2636","properties":{"lossyear":22}},{"type":"Feature","geometry":{"geodesic":false,"type":"Point","coordinates":[146.55063134906578,-42.15785306863518]},"id":"2637","properties":{}},{"type":"Feature","geometry":{"geodesic":false,"type":"Point","coordinates":[146.8695332749282,-43.28254380435283]},"id":"2638","properties":{"lossyear":22}},{"type":"Feature","geometry":{"geodesic":false,"type":"Point","coordinates":[145.25975228578602,-41.72037352526897]},"id":"2639","properties":{}},{"type":"Feature","geometry":{"geodesic":false,"type":"Point","coordinates":[146.81832930373338,-42.94477725752388]},"id":"2640","properties":{"lossyear":22}},{"type":"Feature","geometry":{"geodesic":false,"type":"Point","coordinates":[145.54092496971543,-40.934347651664396]},"id":"2641","properties":{"lossyear":22}},{"type":"Feature","geometry":{"geodesic":false,"type":"Point","coordinates":[147.7256277406941,-42.07341143192795]},"id":"2642","properties":{"lossyear":22}},{"type":"Feature","geometry":{"geodesic":false,"type":"Point","coordinates":[147.57920234938263,-41.14635005871661]},"id":"2643","properties":{"lossyear":22}},{"type":"Feature","geometry":{"geodesic":false,"type":"Point","coordinates":[145.72687623352817,-41.90542647379759]},"id":"2644","properties":{"lossyear":22}},{"type":"Feature","geometry":{"geodesic":false,"type":"Point","coordinates":[147.16597731868762,-41.13826522115953]},"id":"2645","properties":{"lossyear":22}},{"type":"Feature","geometry":{"geodesic":false,"type":"Point","coordinates":[146.8551602303823,-43.50532599481447]},"id":"2646","properties":{"lossyear":22}},{"type":"Feature","geometry":{"geodesic":false,"type":"Point","coordinates":[145.58404410335316,-41.370030564462354]},"id":"2647","properties":{}},{"type":"Feature","geometry":{"geodesic":false,"type":"Point","coordinates":[146.08620234717597,-41.37901371730355]},"id":"2648","properties":{"lossyear":22}},{"type":"Feature","geometry":{"geodesic":false,"type":"Point","coordinates":[146.64225950804598,-42.5728747298984]},"id":"2649","properties":{"lossyear":22}},{"type":"Feature","geometry":{"geodesic":false,"type":"Point","coordinates":[145.9065392903521,-42.63755343035501]},"id":"2650","properties":{"lossyear":22}},{"type":"Feature","geometry":{"geodesic":false,"type":"Point","coordinates":[145.28400679845726,-41.71588194884838]},"id":"2651","properties":{"lossyear":22}},{"type":"Feature","geometry":{"geodesic":false,"type":"Point","coordinates":[146.78149837708452,-41.646711671971175]},"id":"2652","properties":{"lossyear":22}},{"type":"Feature","geometry":{"geodesic":false,"type":"Point","coordinates":[148.12358141155903,-41.69162743617714]},"id":"2653","properties":{"lossyear":22}},{"type":"Feature","geometry":{"geodesic":false,"type":"Point","coordinates":[145.7277745488123,-41.90452815851347]},"id":"2654","properties":{"lossyear":22}},{"type":"Feature","geometry":{"geodesic":false,"type":"Point","coordinates":[145.39000800198335,-41.98537653408424]},"id":"2655","properties":{}},{"type":"Feature","geometry":{"geodesic":false,"type":"Point","coordinates":[146.2020850188274,-41.41404801338422]},"id":"2656","properties":{"lossyear":22}},{"type":"Feature","geometry":{"geodesic":false,"type":"Point","coordinates":[146.38893459792428,-43.263679183386316]},"id":"2657","properties":{"lossyear":22}},{"type":"Feature","geometry":{"geodesic":false,"type":"Point","coordinates":[148.07956396263722,-41.18497761593375]},"id":"2658","properties":{"lossyear":22}},{"type":"Feature","geometry":{"geodesic":false,"type":"Point","coordinates":[145.5382300238631,-40.93794091280087]},"id":"2659","properties":{"lossyear":22}},{"type":"Feature","geometry":{"geodesic":false,"type":"Point","coordinates":[146.80305794390335,-42.986998075877494]},"id":"2660","properties":{"lossyear":22}},{"type":"Feature","geometry":{"geodesic":false,"type":"Point","coordinates":[145.66309584835568,-41.429319373214256]},"id":"2661","properties":{"lossyear":21}},{"type":"Feature","geometry":{"geodesic":false,"type":"Point","coordinates":[147.99063074950936,-40.94333080450559]},"id":"2662","properties":{"lossyear":22}},{"type":"Feature","geometry":{"geodesic":false,"type":"Point","coordinates":[148.07776733206896,-41.19485908405906]},"id":"2663","properties":{"lossyear":22}},{"type":"Feature","geometry":{"geodesic":false,"type":"Point","coordinates":[146.8362956094158,-41.43291263435073]},"id":"2664","properties":{"lossyear":22}},{"type":"Feature","geometry":{"geodesic":false,"type":"Point","coordinates":[147.55584615199552,-41.178689408944905]},"id":"2665","properties":{"lossyear":22}},{"type":"Feature","geometry":{"geodesic":false,"type":"Point","coordinates":[147.87384976257385,-42.04017376641552]},"id":"2666","properties":{"lossyear":22}},{"type":"Feature","geometry":{"geodesic":false,"type":"Point","coordinates":[147.26299536937256,-41.10412924036298]},"id":"2667","properties":{}},{"type":"Feature","geometry":{"geodesic":false,"type":"Point","coordinates":[146.0808124554713,-41.48142165969318]},"id":"2668","properties":{"lossyear":22}},{"type":"Feature","geometry":{"geodesic":false,"type":"Point","coordinates":[145.98559103535462,-43.00765932741224]},"id":"2669","properties":{"lossyear":22}},{"type":"Feature","geometry":{"geodesic":false,"type":"Point","coordinates":[147.09590872652632,-42.12910697954335]},"id":"2670","properties":{}},{"type":"Feature","geometry":{"geodesic":false,"type":"Point","coordinates":[147.3618100506257,-41.44009915662369]},"id":"2671","properties":{"lossyear":22}},{"type":"Feature","geometry":{"geodesic":false,"type":"Point","coordinates":[147.5100320725054,-41.069993259566445]},"id":"2672","properties":{}},{"type":"Feature","geometry":{"geodesic":false,"type":"Point","coordinates":[146.83000740242693,-41.640423464982334]},"id":"2673","properties":{"lossyear":21}},{"type":"Feature","geometry":{"geodesic":false,"type":"Point","coordinates":[145.75831726847235,-41.17060457138783]},"id":"2674","properties":{"lossyear":22}},{"type":"Feature","geometry":{"geodesic":false,"type":"Point","coordinates":[145.51577214176007,-41.25774115394742]},"id":"2675","properties":{"lossyear":22}},{"type":"Feature","geometry":{"geodesic":false,"type":"Point","coordinates":[145.19417527004532,-42.216243562102946]},"id":"2676","properties":{"lossyear":22}},{"type":"Feature","geometry":{"geodesic":false,"type":"Point","coordinates":[147.5657276201208,-41.141858482296]},"id":"2677","properties":{"lossyear":22}},{"type":"Feature","geometry":{"geodesic":false,"type":"Point","coordinates":[145.1591409739646,-41.921596148911746]},"id":"2678","properties":{"lossyear":22}},{"type":"Feature","geometry":{"geodesic":false,"type":"Point","coordinates":[147.62052485245215,-42.67528267228802]},"id":"2679","properties":{"lossyear":22}},{"type":"Feature","geometry":{"geodesic":false,"type":"Point","coordinates":[146.8614484373711,-43.50622431009859]},"id":"2680","properties":{"lossyear":22}},{"type":"Feature","geometry":{"geodesic":false,"type":"Point","coordinates":[146.95936480334018,-43.09659254054009]},"id":"2681","properties":{"lossyear":22}},{"type":"Feature","geometry":{"geodesic":false,"type":"Point","coordinates":[145.6810621540381,-41.36104741162117]},"id":"2682","properties":{}},{"type":"Feature","geometry":{"geodesic":false,"type":"Point","coordinates":[146.4275621551414,-43.288832011341654]},"id":"2683","properties":{"lossyear":22}},{"type":"Feature","geometry":{"geodesic":false,"type":"Point","coordinates":[147.41391233710465,-41.19575739934318]},"id":"2684","properties":{"lossyear":22}},{"type":"Feature","geometry":{"geodesic":false,"type":"Point","coordinates":[146.84527876225695,-41.64850830253941]},"id":"2685","properties":{"lossyear":22}},{"type":"Feature","geometry":{"geodesic":false,"type":"Point","coordinates":[144.8546120926481,-40.85260096080951]},"id":"2686","properties":{"lossyear":22}},{"type":"Feature","geometry":{"geodesic":false,"type":"Point","coordinates":[147.7426957310924,-42.324939711481406]},"id":"2687","properties":{"lossyear":22}},{"type":"Feature","geometry":{"geodesic":false,"type":"Point","coordinates":[147.41481065238872,-41.198452345195534]},"id":"2688","properties":{"lossyear":22}},{"type":"Feature","geometry":{"geodesic":false,"type":"Point","coordinates":[146.30179801536468,-42.23331155250122]},"id":"2689","properties":{"lossyear":22}},{"type":"Feature","geometry":{"geodesic":false,"type":"Point","coordinates":[145.62356997585442,-41.43291263435073]},"id":"2690","properties":{"lossyear":22}},{"type":"Feature","geometry":{"geodesic":false,"type":"Point","coordinates":[146.34581546428655,-42.04197039698376]},"id":"2691","properties":{"lossyear":22}},{"type":"Feature","geometry":{"geodesic":false,"type":"Point","coordinates":[146.45361329838084,-42.6052140801267]},"id":"2692","properties":{"lossyear":22}},{"type":"Feature","geometry":{"geodesic":false,"type":"Point","coordinates":[146.17154229916736,-43.237628040146845]},"id":"2693","properties":{"lossyear":22}},{"type":"Feature","geometry":{"geodesic":false,"type":"Point","coordinates":[145.52475529460128,-41.05472189973641]},"id":"2694","properties":{"lossyear":22}},{"type":"Feature","geometry":{"geodesic":false,"type":"Point","coordinates":[146.8273124565746,-43.508020940666825]},"id":"2695","properties":{"lossyear":22}},{"type":"Feature","geometry":{"geodesic":false,"type":"Point","coordinates":[145.26604049277483,-41.74103477680373]},"id":"2696","properties":{"lossyear":22}},{"type":"Feature","geometry":{"geodesic":false,"type":"Point","coordinates":[146.1832203978609,-43.24571287770392]},"id":"2697","properties":{}},{"type":"Feature","geometry":{"geodesic":false,"type":"Point","coordinates":[146.07093098734595,-42.13359855596396]},"id":"2698","properties":{"lossyear":22}},{"type":"Feature","geometry":{"geodesic":false,"type":"Point","coordinates":[147.25041895539488,-41.106824186215334]},"id":"2699","properties":{"lossyear":22}},{"type":"Feature","geometry":{"geodesic":false,"type":"Point","coordinates":[146.5874622757147,-42.884590133487876]},"id":"2700","properties":{}},{"type":"Feature","geometry":{"geodesic":false,"type":"Point","coordinates":[147.64298273455512,-40.94782238092618]},"id":"2701","properties":{"lossyear":22}},{"type":"Feature","geometry":{"geodesic":false,"type":"Point","coordinates":[147.63669452756625,-41.23169001070795]},"id":"2702","properties":{"lossyear":22}},{"type":"Feature","geometry":{"geodesic":false,"type":"Point","coordinates":[147.1677739492559,-41.16251973383075]},"id":"2703","properties":{"lossyear":22}},{"type":"Feature","geometry":{"geodesic":false,"type":"Point","coordinates":[145.25436239408128,-41.71498363356426]},"id":"2704","properties":{"lossyear":22}},{"type":"Feature","geometry":{"geodesic":false,"type":"Point","coordinates":[146.4230705787208,-41.646711671971175]},"id":"2705","properties":{}},{"type":"Feature","geometry":{"geodesic":false,"type":"Point","coordinates":[146.161660831042,-42.158751383919295]},"id":"2706","properties":{}},{"type":"Feature","geometry":{"geodesic":false,"type":"Point","coordinates":[146.38803628264014,-43.29422190304638]},"id":"2707","properties":{"lossyear":22}},{"type":"Feature","geometry":{"geodesic":false,"type":"Point","coordinates":[145.99008261177516,-41.274809144345696]},"id":"2708","properties":{"lossyear":22}},{"type":"Feature","geometry":{"geodesic":false,"type":"Point","coordinates":[145.5615862212502,-40.93794091280087]},"id":"2709","properties":{"lossyear":22}},{"type":"Feature","geometry":{"geodesic":false,"type":"Point","coordinates":[146.17333892973556,-43.25110276940863]},"id":"2710","properties":{"lossyear":22}},{"type":"Feature","geometry":{"geodesic":false,"type":"Point","coordinates":[147.76515361319537,-41.121197230761254]},"id":"2711","properties":{"lossyear":22}},{"type":"Feature","geometry":{"geodesic":false,"type":"Point","coordinates":[146.92253387669126,-41.043043801042856]},"id":"2712","properties":{"lossyear":22}},{"type":"Feature","geometry":{"geodesic":false,"type":"Point","coordinates":[147.57560908824615,-41.167011310251354]},"id":"2713","properties":{"lossyear":22}},{"type":"Feature","geometry":{"geodesic":false,"type":"Point","coordinates":[145.23729440368305,-41.72037352526897]},"id":"2714","properties":{}},{"type":"Feature","geometry":{"geodesic":false,"type":"Point","coordinates":[145.8975561375109,-42.633960169218525]},"id":"2715","properties":{"lossyear":22}},{"type":"Feature","geometry":{"geodesic":false,"type":"Point","coordinates":[147.75347551450182,-41.46974356099963]},"id":"2716","properties":{"lossyear":22}},{"type":"Feature","geometry":{"geodesic":false,"type":"Point","coordinates":[145.3657534893121,-41.974596750674806]},"id":"2717","properties":{"lossyear":22}},{"type":"Feature","geometry":{"geodesic":false,"type":"Point","coordinates":[147.72383111012584,-41.99076642578895]},"id":"2718","properties":{"lossyear":22}},{"type":"Feature","geometry":{"geodesic":false,"type":"Point","coordinates":[146.7680236478227,-42.80913164962183]},"id":"2719","properties":{"lossyear":22}},{"type":"Feature","geometry":{"geodesic":false,"type":"Point","coordinates":[146.43474867741435,-43.319374731001716]},"id":"2720","properties":{"lossyear":22}},{"type":"Feature","geometry":{"geodesic":false,"type":"Point","coordinates":[145.53014518630602,-40.922669552970845]},"id":"2721","properties":{"lossyear":22}},{"type":"Feature","geometry":{"geodesic":false,"type":"Point","coordinates":[145.3828214797104,-41.98357990351599]},"id":"2722","properties":{"lossyear":22}},{"type":"Feature","geometry":{"geodesic":false,"type":"Point","coordinates":[146.8928894723153,-41.08795956524884]},"id":"2723","properties":{"lossyear":22}},{"type":"Feature","geometry":{"geodesic":false,"type":"Point","coordinates":[146.42846047042553,-41.4454890483284]},"id":"2724","properties":{"lossyear":22}},{"type":"Feature","geometry":{"geodesic":false,"type":"Point","coordinates":[147.1812486785177,-42.404889771768055]},"id":"2725","properties":{"lossyear":22}},{"type":"Feature","geometry":{"geodesic":false,"type":"Point","coordinates":[147.3663016270463,-41.44009915662369]},"id":"2726","properties":{"lossyear":22}},{"type":"Feature","geometry":{"geodesic":false,"type":"Point","coordinates":[145.5355350780107,-40.916381345982]},"id":"2727","properties":{"lossyear":22}},{"type":"Feature","geometry":{"geodesic":false,"type":"Point","coordinates":[147.27197852221377,-41.120298915477136]},"id":"2728","properties":{"lossyear":22}},{"type":"Feature","geometry":{"geodesic":false,"type":"Point","coordinates":[146.5236818905422,-42.460585319383455]},"id":"2729","properties":{}},{"type":"Feature","geometry":{"geodesic":false,"type":"Point","coordinates":[147.3995392925587,-43.23672972486273]},"id":"2730","properties":{"lossyear":22}},{"type":"Feature","geometry":{"geodesic":false,"type":"Point","coordinates":[147.59627033978092,-42.417466185745724]},"id":"2731","properties":{"lossyear":22}},{"type":"Feature","geometry":{"geodesic":false,"type":"Point","coordinates":[145.4717546928382,-41.004416243825716]},"id":"2732","properties":{"lossyear":22}},{"type":"Feature","geometry":{"geodesic":false,"type":"Point","coordinates":[144.83305252582926,-40.98914488399568]},"id":"2733","properties":{"lossyear":22}},{"type":"Feature","geometry":{"geodesic":false,"type":"Point","coordinates":[146.84438044697288,-41.19485908405906]},"id":"2734","properties":{"lossyear":22}},{"type":"Feature","geometry":{"geodesic":false,"type":"Point","coordinates":[146.920737246123,-43.366087125775934]},"id":"2735","properties":{"lossyear":14}},{"type":"Feature","geometry":{"geodesic":false,"type":"Point","coordinates":[146.64495445389832,-42.57826462160311]},"id":"2736","properties":{"lossyear":22}},{"type":"Feature","geometry":{"geodesic":false,"type":"Point","coordinates":[146.063744465073,-41.42842105793012]},"id":"2737","properties":{}},{"type":"Feature","geometry":{"geodesic":false,"type":"Point","coordinates":[146.8919911570312,-41.09065451110119]},"id":"2738","properties":{"lossyear":22}},{"type":"Feature","geometry":{"geodesic":false,"type":"Point","coordinates":[146.70334494736608,-42.2413963900583]},"id":"2739","properties":{"lossyear":7}},{"type":"Feature","geometry":{"geodesic":false,"type":"Point","coordinates":[146.99260246885257,-41.856917448455135]},"id":"2740","properties":{"lossyear":22}},{"type":"Feature","geometry":{"geodesic":false,"type":"Point","coordinates":[145.6145868230132,-41.222706857866754]},"id":"2741","properties":{"lossyear":22}},{"type":"Feature","geometry":{"geodesic":false,"type":"Point","coordinates":[145.96133652268338,-42.99957448985518]},"id":"2742","properties":{"lossyear":22}},{"type":"Feature","geometry":{"geodesic":false,"type":"Point","coordinates":[146.44103688440322,-43.32566293799056]},"id":"2743","properties":{"lossyear":22}},{"type":"Feature","geometry":{"geodesic":false,"type":"Point","coordinates":[145.73585938636938,-41.41853958980481]},"id":"2744","properties":{"lossyear":22}},{"type":"Feature","geometry":{"geodesic":false,"type":"Point","coordinates":[145.28580342902546,-40.9711785783133]},"id":"2745","properties":{"lossyear":22}},{"type":"Feature","geometry":{"geodesic":false,"type":"Point","coordinates":[146.40690090360664,-43.27805222793222]},"id":"2746","properties":{"lossyear":22}},{"type":"Feature","geometry":{"geodesic":false,"type":"Point","coordinates":[147.18214699380178,-41.11670565434065]},"id":"2747","properties":{}},{"type":"Feature","geometry":{"geodesic":false,"type":"Point","coordinates":[147.50464218080072,-41.4131496981001]},"id":"2748","properties":{"lossyear":13}},{"type":"Feature","geometry":{"geodesic":false,"type":"Point","coordinates":[145.53463676272662,-40.920872922402594]},"id":"2749","properties":{"lossyear":22}},{"type":"Feature","geometry":{"geodesic":false,"type":"Point","coordinates":[146.7590404949815,-41.588321178503406]},"id":"2750","properties":{"lossyear":22}},{"type":"Feature","geometry":{"geodesic":false,"type":"Point","coordinates":[147.1767571020971,-41.10233260979474]},"id":"2751","properties":{"lossyear":22}},{"type":"Feature","geometry":{"geodesic":false,"type":"Point","coordinates":[147.58369392580323,-41.20204560633201]},"id":"2752","properties":{"lossyear":22}},{"type":"Feature","geometry":{"geodesic":false,"type":"Point","coordinates":[145.37473664215332,-41.98537653408424]},"id":"2753","properties":{"lossyear":22}},{"type":"Feature","geometry":{"geodesic":false,"type":"Point","coordinates":[146.97104290203373,-43.27356065151163]},"id":"2754","properties":{"lossyear":22}},{"type":"Feature","geometry":{"geodesic":false,"type":"Point","coordinates":[146.26856034985224,-42.122818772554524]},"id":"2755","properties":{"lossyear":22}},{"type":"Feature","geometry":{"geodesic":false,"type":"Point","coordinates":[147.72832268654645,-42.07071648607558]},"id":"2756","properties":{"lossyear":22}},{"type":"Feature","geometry":{"geodesic":false,"type":"Point","coordinates":[147.64028778870278,-40.93883922808499]},"id":"2757","properties":{"lossyear":20}},{"type":"Feature","geometry":{"geodesic":false,"type":"Point","coordinates":[146.18501702842912,-42.15605643806694]},"id":"2758","properties":{}},{"type":"Feature","geometry":{"geodesic":false,"type":"Point","coordinates":[145.6082986160244,-41.90362984322935]},"id":"2759","properties":{}},{"type":"Feature","geometry":{"geodesic":false,"type":"Point","coordinates":[146.8425838164046,-41.36284404218941]},"id":"2760","properties":{}},{"type":"Feature","geometry":{"geodesic":false,"type":"Point","coordinates":[146.3853413367878,-43.271764020943394]},"id":"2761","properties":{"lossyear":22}},{"type":"Feature","geometry":{"geodesic":false,"type":"Point","coordinates":[144.84652725509102,-40.850804330241274]},"id":"2762","properties":{"lossyear":22}},{"type":"Feature","geometry":{"geodesic":false,"type":"Point","coordinates":[145.27053206919544,-41.728458362826046]},"id":"2763","properties":{"lossyear":22}},{"type":"Feature","geometry":{"geodesic":false,"type":"Point","coordinates":[146.84977033867756,-43.42986751094843]},"id":"2764","properties":{"lossyear":22}},{"type":"Feature","geometry":{"geodesic":false,"type":"Point","coordinates":[144.83215421054513,-40.843617807968315]},"id":"2765","properties":{"lossyear":22}},{"type":"Feature","geometry":{"geodesic":false,"type":"Point","coordinates":[145.39449957840395,-41.98268158823187]},"id":"2766","properties":{}},{"type":"Feature","geometry":{"geodesic":false,"type":"Point","coordinates":[145.61997671471795,-41.075383151271154]},"id":"2767","properties":{"lossyear":22}},{"type":"Feature","geometry":{"geodesic":false,"type":"Point","coordinates":[144.67225408997183,-41.0035179285416]},"id":"2768","properties":{"lossyear":22}},{"type":"Feature","geometry":{"geodesic":false,"type":"Point","coordinates":[147.66454230137396,-41.228995064855596]},"id":"2769","properties":{"lossyear":22}},{"type":"Feature","geometry":{"geodesic":false,"type":"Point","coordinates":[147.36809825761452,-41.44099747190781]},"id":"2770","properties":{"lossyear":22}},{"type":"Feature","geometry":{"geodesic":false,"type":"Point","coordinates":[147.21987623573483,-41.12928206831833]},"id":"2771","properties":{"lossyear":22}},{"type":"Feature","geometry":{"geodesic":false,"type":"Point","coordinates":[146.86234675265524,-42.762419254847615]},"id":"2772","properties":{}},{"type":"Feature","geometry":{"geodesic":false,"type":"Point","coordinates":[146.75993881026562,-41.596406016060484]},"id":"2773","properties":{"lossyear":22}},{"type":"Feature","geometry":{"geodesic":false,"type":"Point","coordinates":[145.21483652158003,-40.94961901149442]},"id":"2774","properties":{"lossyear":22}},{"type":"Feature","geometry":{"geodesic":false,"type":"Point","coordinates":[146.8506686539617,-41.77067918117967]},"id":"2775","properties":{}},{"type":"Feature","geometry":{"geodesic":false,"type":"Point","coordinates":[147.18663857022239,-42.705825391948096]},"id":"2776","properties":{"lossyear":22}},{"type":"Feature","geometry":{"geodesic":false,"type":"Point","coordinates":[146.7698202783909,-41.59191443963988]},"id":"2777","properties":{"lossyear":22}},{"type":"Feature","geometry":{"geodesic":false,"type":"Point","coordinates":[146.64495445389832,-41.38260697844004]},"id":"2778","properties":{}},{"type":"Feature","geometry":{"geodesic":false,"type":"Point","coordinates":[147.84690030405022,-42.16683622147637]},"id":"2779","properties":{"lossyear":22}},{"type":"Feature","geometry":{"geodesic":false,"type":"Point","coordinates":[147.57201582710968,-41.144553428148356]},"id":"2780","properties":{"lossyear":22}},{"type":"Feature","geometry":{"geodesic":false,"type":"Point","coordinates":[147.27736841391845,-41.125688807181845]},"id":"2781","properties":{"lossyear":22}},{"type":"Feature","geometry":{"geodesic":false,"type":"Point","coordinates":[146.38444302150367,-42.908844646159096]},"id":"2782","properties":{"lossyear":22}},{"type":"Feature","geometry":{"geodesic":false,"type":"Point","coordinates":[145.7565206379041,-41.15353658098955]},"id":"2783","properties":{"lossyear":22}},{"type":"Feature","geometry":{"geodesic":false,"type":"Point","coordinates":[146.77071859367504,-41.592812754924]},"id":"2784","properties":{"lossyear":22}},{"type":"Feature","geometry":{"geodesic":false,"type":"Point","coordinates":[145.5310435015901,-40.92626281410732]},"id":"2785","properties":{"lossyear":22}},{"type":"Feature","geometry":{"geodesic":false,"type":"Point","coordinates":[146.16615240746262,-42.14886991579398]},"id":"2786","properties":{"lossyear":22}},{"type":"Feature","geometry":{"geodesic":false,"type":"Point","coordinates":[145.29658321243494,-40.95051732677854]},"id":"2787","properties":{}},{"type":"Feature","geometry":{"geodesic":false,"type":"Point","coordinates":[146.4293587857096,-43.30859494759228]},"id":"2788","properties":{"lossyear":22}},{"type":"Feature","geometry":{"geodesic":false,"type":"Point","coordinates":[145.95953989211512,-42.42734765387104]},"id":"2789","properties":{"lossyear":22}},{"type":"Feature","geometry":{"geodesic":false,"type":"Point","coordinates":[147.30252124187382,-42.46507689580406]},"id":"2790","properties":{"lossyear":22}},{"type":"Feature","geometry":{"geodesic":false,"type":"Point","coordinates":[147.16597731868762,-41.140061851727765]},"id":"2791","properties":{"lossyear":22}},{"type":"Feature","geometry":{"geodesic":false,"type":"Point","coordinates":[145.61099356187674,-41.90542647379759]},"id":"2792","properties":{"lossyear":22}},{"type":"Feature","geometry":{"geodesic":false,"type":"Point","coordinates":[145.6972318291522,-41.31523333213107]},"id":"2793","properties":{"lossyear":22}},{"type":"Feature","geometry":{"geodesic":false,"type":"Point","coordinates":[145.6828587846063,-41.274809144345696]},"id":"2794","properties":{"lossyear":22}},{"type":"Feature","geometry":{"geodesic":false,"type":"Point","coordinates":[146.1571692546214,-43.23942467071508]},"id":"2795","properties":{"lossyear":22}},{"type":"Feature","geometry":{"geodesic":false,"type":"Point","coordinates":[146.47966444162034,-41.45087894003312]},"id":"2796","properties":{}},{"type":"Feature","geometry":{"geodesic":false,"type":"Point","coordinates":[146.9063642015771,-42.871115404226074]},"id":"2797","properties":{"lossyear":22}},{"type":"Feature","geometry":{"geodesic":false,"type":"Point","coordinates":[146.19579681183853,-41.75001792964491]},"id":"2798","properties":{"lossyear":22}},{"type":"Feature","geometry":{"geodesic":false,"type":"Point","coordinates":[146.45900319008558,-42.26744753329777]},"id":"2799","properties":{"lossyear":22}},{"type":"Feature","geometry":{"geodesic":false,"type":"Point","coordinates":[147.43277695807114,-41.22540180371912]},"id":"2800","properties":{"lossyear":22}},{"type":"Feature","geometry":{"geodesic":false,"type":"Point","coordinates":[147.58638887165557,-41.19935066047965]},"id":"2801","properties":{"lossyear":22}},{"type":"Feature","geometry":{"geodesic":false,"type":"Point","coordinates":[145.25705733993368,-42.076106377780306]},"id":"2802","properties":{}},{"type":"Feature","geometry":{"geodesic":false,"type":"Point","coordinates":[146.4293587857096,-43.29152695719402]},"id":"2803","properties":{"lossyear":22}},{"type":"Feature","geometry":{"geodesic":false,"type":"Point","coordinates":[147.2594021082361,-41.106824186215334]},"id":"2804","properties":{"lossyear":22}},{"type":"Feature","geometry":{"geodesic":false,"type":"Point","coordinates":[146.82641414129046,-43.12713526020015]},"id":"2805","properties":{"lossyear":22}},{"type":"Feature","geometry":{"geodesic":false,"type":"Point","coordinates":[146.82012593430164,-43.50442767953034]},"id":"2806","properties":{"lossyear":22}},{"type":"Feature","geometry":{"geodesic":false,"type":"Point","coordinates":[144.84742557037515,-40.85439759137776]},"id":"2807","properties":{"lossyear":22}},{"type":"Feature","geometry":{"geodesic":false,"type":"Point","coordinates":[146.67729380412663,-41.640423464982334]},"id":"2808","properties":{"lossyear":22}},{"type":"Feature","geometry":{"geodesic":false,"type":"Point","coordinates":[145.2399893495354,-41.7446280379402]},"id":"2809","properties":{}},{"type":"Feature","geometry":{"geodesic":false,"type":"Point","coordinates":[147.75347551450182,-41.128383753034214]},"id":"2810","properties":{"lossyear":4}},{"type":"Feature","geometry":{"geodesic":false,"type":"Point","coordinates":[146.26496708871576,-41.454472201169594]},"id":"2811","properties":{}},{"type":"Feature","geometry":{"geodesic":false,"type":"Point","coordinates":[146.9000759945883,-42.88908170990847]},"id":"2812","properties":{"lossyear":22}},{"type":"Feature","geometry":{"geodesic":false,"type":"Point","coordinates":[146.4374436232667,-43.3229679921382]},"id":"2813","properties":{"lossyear":22}},{"type":"Feature","geometry":{"geodesic":false,"type":"Point","coordinates":[145.29658321243494,-40.9487206962103]},"id":"2814","properties":{"lossyear":22}},{"type":"Feature","geometry":{"geodesic":false,"type":"Point","coordinates":[146.82461751072225,-43.217865103896216]},"id":"2815","properties":{}},{"type":"Feature","geometry":{"geodesic":false,"type":"Point","coordinates":[145.24987081766068,-41.7401364615196]},"id":"2816","properties":{"lossyear":22}},{"type":"Feature","geometry":{"geodesic":false,"type":"Point","coordinates":[145.96672641438806,-43.00945595798049]},"id":"2817","properties":{}},{"type":"Feature","geometry":{"geodesic":false,"type":"Point","coordinates":[145.74035096279,-41.91261299607055]},"id":"2818","properties":{"lossyear":22}},{"type":"Feature","geometry":{"geodesic":false,"type":"Point","coordinates":[147.965477921554,-41.73294993924665]},"id":"2819","properties":{"lossyear":22}},{"type":"Feature","geometry":{"geodesic":false,"type":"Point","coordinates":[145.7277745488123,-41.20024897576377]},"id":"2820","properties":{"lossyear":22}},{"type":"Feature","geometry":{"geodesic":false,"type":"Point","coordinates":[146.3952228049131,-41.530829000319756]},"id":"2821","properties":{"lossyear":22}},{"type":"Feature","geometry":{"geodesic":false,"type":"Point","coordinates":[147.1695705798241,-42.80194512734887]},"id":"2822","properties":{"lossyear":22}},{"type":"Feature","geometry":{"geodesic":false,"type":"Point","coordinates":[146.15177936291673,-43.25918760696571]},"id":"2823","properties":{"lossyear":22}},{"type":"Feature","geometry":{"geodesic":false,"type":"Point","coordinates":[147.26030042352022,-41.121197230761254]},"id":"2824","properties":{"lossyear":22}},{"type":"Feature","geometry":{"geodesic":false,"type":"Point","coordinates":[146.17333892973556,-42.165937906192255]},"id":"2825","properties":{"lossyear":22}},{"type":"Feature","geometry":{"geodesic":false,"type":"Point","coordinates":[147.98613917308876,-40.94602575035795]},"id":"2826","properties":{}},{"type":"Feature","geometry":{"geodesic":false,"type":"Point","coordinates":[145.77718188943885,-41.24246979411738]},"id":"2827","properties":{"lossyear":22}},{"type":"Feature","geometry":{"geodesic":false,"type":"Point","coordinates":[146.58386901457817,-42.64294332205972]},"id":"2828","properties":{"lossyear":22}},{"type":"Feature","geometry":{"geodesic":false,"type":"Point","coordinates":[147.52979500875603,-41.37542045616708]},"id":"2829","properties":{"lossyear":22}},{"type":"Feature","geometry":{"geodesic":false,"type":"Point","coordinates":[144.83754410224986,-40.845414438536565]},"id":"2830","properties":{"lossyear":22}},{"type":"Feature","geometry":{"geodesic":false,"type":"Point","coordinates":[145.73855433222172,-41.90003658209288]},"id":"2831","properties":{"lossyear":22}},{"type":"Feature","geometry":{"geodesic":false,"type":"Point","coordinates":[146.08799897774423,-41.38799687014475]},"id":"2832","properties":{"lossyear":22}},{"type":"Feature","geometry":{"geodesic":false,"type":"Point","coordinates":[146.92253387669126,-42.91513285314794]},"id":"2833","properties":{"lossyear":22}},{"type":"Feature","geometry":{"geodesic":false,"type":"Point","coordinates":[144.95612171975364,-40.981060046438614]},"id":"2834","properties":{"lossyear":22}},{"type":"Feature","geometry":{"geodesic":false,"type":"Point","coordinates":[145.0279869424832,-40.934347651664396]},"id":"2835","properties":{"lossyear":22}},{"type":"Feature","geometry":{"geodesic":false,"type":"Point","coordinates":[145.72058802653936,-41.191265822922574]},"id":"2836","properties":{"lossyear":22}},{"type":"Feature","geometry":{"geodesic":false,"type":"Point","coordinates":[146.73748092816265,-41.627847051004665]},"id":"2837","properties":{"lossyear":22}},{"type":"Feature","geometry":{"geodesic":false,"type":"Point","coordinates":[145.7681987365977,-41.337691214234056]},"id":"2838","properties":{"lossyear":22}},{"type":"Feature","geometry":{"geodesic":false,"type":"Point","coordinates":[147.0339249719221,-41.84703598032982]},"id":"2839","properties":{"lossyear":22}},{"type":"Feature","geometry":{"geodesic":false,"type":"Point","coordinates":[147.21628297459836,-41.953037183855926]},"id":"2840","properties":{"lossyear":22}},{"type":"Feature","geometry":{"geodesic":false,"type":"Point","coordinates":[145.28939669016194,-40.9711785783133]},"id":"2841","properties":{"lossyear":22}},{"type":"Feature","geometry":{"geodesic":false,"type":"Point","coordinates":[147.23694422613306,-41.13557027530716]},"id":"2842","properties":{"lossyear":22}},{"type":"Feature","geometry":{"geodesic":false,"type":"Point","coordinates":[147.78401823416186,-42.01771588431254]},"id":"2843","properties":{"lossyear":22}},{"type":"Feature","geometry":{"geodesic":false,"type":"Point","coordinates":[146.17064398388322,-42.15695475335106]},"id":"2844","properties":{"lossyear":22}},{"type":"Feature","geometry":{"geodesic":false,"type":"Point","coordinates":[145.7322661252329,-41.90003658209288]},"id":"2845","properties":{"lossyear":22}},{"type":"Feature","geometry":{"geodesic":false,"type":"Point","coordinates":[146.063744465073,-41.430217688498374]},"id":"2846","properties":{"lossyear":22}},{"type":"Feature","geometry":{"geodesic":false,"type":"Point","coordinates":[145.77808020472298,-41.23887653298091]},"id":"2847","properties":{"lossyear":22}},{"type":"Feature","geometry":{"geodesic":false,"type":"Point","coordinates":[146.19220355070206,-43.237628040146845]},"id":"2848","properties":{"lossyear":22}},{"type":"Feature","geometry":{"geodesic":false,"type":"Point","coordinates":[145.75472400733588,-41.95124055328769]},"id":"2849","properties":{"lossyear":23}},{"type":"Feature","geometry":{"geodesic":false,"type":"Point","coordinates":[146.82821077185872,-41.639525149698216]},"id":"2850","properties":{}},{"type":"Feature","geometry":{"geodesic":false,"type":"Point","coordinates":[145.4466018648829,-41.10233260979474]},"id":"2851","properties":{}},{"type":"Feature","geometry":{"geodesic":false,"type":"Point","coordinates":[145.5445182308519,-41.972800120106555]},"id":"2852","properties":{"lossyear":22}},{"type":"Feature","geometry":{"geodesic":false,"type":"Point","coordinates":[145.72597791824404,-41.90542647379759]},"id":"2853","properties":{"lossyear":22}},{"type":"Feature","geometry":{"geodesic":false,"type":"Point","coordinates":[147.49655734324364,-41.54520204486566]},"id":"2854","properties":{"lossyear":22}},{"type":"Feature","geometry":{"geodesic":false,"type":"Point","coordinates":[144.82406937298805,-41.06011179144113]},"id":"2855","properties":{"lossyear":22}},{"type":"Feature","geometry":{"geodesic":false,"type":"Point","coordinates":[146.17962713672443,-42.165937906192255]},"id":"2856","properties":{"lossyear":22}},{"type":"Feature","geometry":{"geodesic":false,"type":"Point","coordinates":[146.7635320714021,-41.62425378986819]},"id":"2857","properties":{"lossyear":22}},{"type":"Feature","geometry":{"geodesic":false,"type":"Point","coordinates":[146.85605854566643,-43.50981757123506]},"id":"2858","properties":{"lossyear":22}},{"type":"Feature","geometry":{"geodesic":false,"type":"Point","coordinates":[146.92253387669126,-43.36159554935534]},"id":"2859","properties":{"lossyear":22}},{"type":"Feature","geometry":{"geodesic":false,"type":"Point","coordinates":[147.4300820122188,-41.36104741162117]},"id":"2860","properties":{"lossyear":22}},{"type":"Feature","geometry":{"geodesic":false,"type":"Point","coordinates":[147.71574627256877,-41.8919517445358]},"id":"2861","properties":{}},{"type":"Feature","geometry":{"geodesic":false,"type":"Point","coordinates":[147.51811691006247,-41.35925078105292]},"id":"2862","properties":{}},{"type":"Feature","geometry":{"geodesic":false,"type":"Point","coordinates":[147.6250164288727,-41.43381094963485]},"id":"2863","properties":{"lossyear":22}},{"type":"Feature","geometry":{"geodesic":false,"type":"Point","coordinates":[146.41678237173198,-43.28164548906871]},"id":"2864","properties":{"lossyear":22}},{"type":"Feature","geometry":{"geodesic":false,"type":"Point","coordinates":[146.9018726251565,-43.456816969472015]},"id":"2865","properties":{}},{"type":"Feature","geometry":{"geodesic":false,"type":"Point","coordinates":[145.26065060107015,-41.73384825453077]},"id":"2866","properties":{"lossyear":22}},{"type":"Feature","geometry":{"geodesic":false,"type":"Point","coordinates":[146.40959584945898,-43.48286811271147]},"id":"2867","properties":{"lossyear":22}},{"type":"Feature","geometry":{"geodesic":false,"type":"Point","coordinates":[146.82102424958578,-41.40057328412243]},"id":"2868","properties":{"lossyear":22}},{"type":"Feature","geometry":{"geodesic":false,"type":"Point","coordinates":[147.88822280711975,-42.03478387471081]},"id":"2869","properties":{"lossyear":22}},{"type":"Feature","geometry":{"geodesic":false,"type":"Point","coordinates":[145.282210167889,-41.71318700299602]},"id":"2870","properties":{"lossyear":22}},{"type":"Feature","geometry":{"geodesic":false,"type":"Point","coordinates":[146.15896588518967,-43.23852635543096]},"id":"2871","properties":{"lossyear":22}},{"type":"Feature","geometry":{"geodesic":false,"type":"Point","coordinates":[146.8551602303823,-41.287385558323365]},"id":"2872","properties":{"lossyear":22}},{"type":"Feature","geometry":{"geodesic":false,"type":"Point","coordinates":[145.2696337539113,-41.73205162396253]},"id":"2873","properties":{"lossyear":22}},{"type":"Feature","geometry":{"geodesic":false,"type":"Point","coordinates":[145.54721317670425,-40.93165270581204]},"id":"2874","properties":{"lossyear":22}},{"type":"Feature","geometry":{"geodesic":false,"type":"Point","coordinates":[146.2676620345681,-42.12910697954335]},"id":"2875","properties":{"lossyear":22}},{"type":"Feature","geometry":{"geodesic":false,"type":"Point","coordinates":[145.61189187716087,-41.90452815851347]},"id":"2876","properties":{"lossyear":22}},{"type":"Feature","geometry":{"geodesic":false,"type":"Point","coordinates":[145.57865421164843,-41.5371172073086]},"id":"2877","properties":{"lossyear":22}},{"type":"Feature","geometry":{"geodesic":false,"type":"Point","coordinates":[146.38354470621954,-43.25469603054512]},"id":"2878","properties":{"lossyear":22}},{"type":"Feature","geometry":{"geodesic":false,"type":"Point","coordinates":[146.42846047042553,-43.30410337117169]},"id":"2879","properties":{"lossyear":22}},{"type":"Feature","geometry":{"geodesic":false,"type":"Point","coordinates":[146.43295204684614,-43.310391578160534]},"id":"2880","properties":{"lossyear":22}},{"type":"Feature","geometry":{"geodesic":false,"type":"Point","coordinates":[146.83719392469987,-43.515207462939784]},"id":"2881","properties":{"lossyear":22}},{"type":"Feature","geometry":{"geodesic":false,"type":"Point","coordinates":[148.15681907707148,-41.67006786935828]},"id":"2882","properties":{}},{"type":"Feature","geometry":{"geodesic":false,"type":"Point","coordinates":[146.0592528886524,-41.422132850941296]},"id":"2883","properties":{"lossyear":22}},{"type":"Feature","geometry":{"geodesic":false,"type":"Point","coordinates":[146.38803628264014,-43.27445896679575]},"id":"2884","properties":{}},{"type":"Feature","geometry":{"geodesic":false,"type":"Point","coordinates":[144.66776251355128,-41.024179180076345]},"id":"2885","properties":{}},{"type":"Feature","geometry":{"geodesic":false,"type":"Point","coordinates":[146.97822942430668,-41.1966557146273]},"id":"2886","properties":{"lossyear":22}},{"type":"Feature","geometry":{"geodesic":false,"type":"Point","coordinates":[145.1672258115217,-41.92069783362763]},"id":"2887","properties":{"lossyear":22}},{"type":"Feature","geometry":{"geodesic":false,"type":"Point","coordinates":[146.42486720928906,-43.29691684889873]},"id":"2888","properties":{"lossyear":22}},{"type":"Feature","geometry":{"geodesic":false,"type":"Point","coordinates":[145.27951522203665,-41.711390372427786]},"id":"2889","properties":{"lossyear":22}},{"type":"Feature","geometry":{"geodesic":false,"type":"Point","coordinates":[147.85408682632323,-43.12084705321131]},"id":"2890","properties":{"lossyear":22}},{"type":"Feature","geometry":{"geodesic":false,"type":"Point","coordinates":[145.63255312869563,-41.210130443889085]},"id":"2891","properties":{"lossyear":22}},{"type":"Feature","geometry":{"geodesic":false,"type":"Point","coordinates":[144.82766263412452,-40.98734825342744]},"id":"2892","properties":{"lossyear":22}},{"type":"Feature","geometry":{"geodesic":false,"type":"Point","coordinates":[146.5569195560546,-41.30894512514223]},"id":"2893","properties":{"lossyear":22}},{"type":"Feature","geometry":{"geodesic":false,"type":"Point","coordinates":[145.98469272007048,-41.40236991469067]},"id":"2894","properties":{"lossyear":8}},{"type":"Feature","geometry":{"geodesic":false,"type":"Point","coordinates":[145.98379440478635,-42.40758471762041]},"id":"2895","properties":{"lossyear":22}},{"type":"Feature","geometry":{"geodesic":false,"type":"Point","coordinates":[146.72939609060558,-41.68174596805183]},"id":"2896","properties":{"lossyear":22}},{"type":"Feature","geometry":{"geodesic":false,"type":"Point","coordinates":[147.23065601914425,-41.12209554604537]},"id":"2897","properties":{"lossyear":22}},{"type":"Feature","geometry":{"geodesic":false,"type":"Point","coordinates":[147.3510302672163,-41.31792827798343]},"id":"2898","properties":{"lossyear":22}},{"type":"Feature","geometry":{"geodesic":false,"type":"Point","coordinates":[147.94571498530337,-40.91458471541377]},"id":"2899","properties":{"lossyear":22}},{"type":"Feature","geometry":{"geodesic":false,"type":"Point","coordinates":[147.2378425414172,-41.132875329454805]},"id":"2900","properties":{"lossyear":22}},{"type":"Feature","geometry":{"geodesic":false,"type":"Point","coordinates":[147.1489093282894,-41.91620625720704]},"id":"2901","properties":{"lossyear":22}},{"type":"Feature","geometry":{"geodesic":false,"type":"Point","coordinates":[146.47157960406327,-41.54789699071803]},"id":"2902","properties":{}},{"type":"Feature","geometry":{"geodesic":false,"type":"Point","coordinates":[146.38983291320835,-43.26547581395455]},"id":"2903","properties":{"lossyear":22}},{"type":"Feature","geometry":{"geodesic":false,"type":"Point","coordinates":[146.2937131778076,-41.712288687711904]},"id":"2904","properties":{"lossyear":22}},{"type":"Feature","geometry":{"geodesic":false,"type":"Point","coordinates":[145.88677635410147,-42.180310950738175]},"id":"2905","properties":{"lossyear":22}},{"type":"Feature","geometry":{"geodesic":false,"type":"Point","coordinates":[146.40779921889077,-43.26996739037514]},"id":"2906","properties":{"lossyear":22}},{"type":"Feature","geometry":{"geodesic":false,"type":"Point","coordinates":[147.6250164288727,-41.44009915662369]},"id":"2907","properties":{"lossyear":22}},{"type":"Feature","geometry":{"geodesic":false,"type":"Point","coordinates":[146.87043159021232,-41.77606907288438]},"id":"2908","properties":{"lossyear":23}},{"type":"Feature","geometry":{"geodesic":false,"type":"Point","coordinates":[145.99187924234343,-41.27301251377746]},"id":"2909","properties":{"lossyear":22}},{"type":"Feature","geometry":{"geodesic":false,"type":"Point","coordinates":[145.38551642556274,-41.9934613716413]},"id":"2910","properties":{"lossyear":22}},{"type":"Feature","geometry":{"geodesic":false,"type":"Point","coordinates":[146.37725649923073,-43.28434043492106]},"id":"2911","properties":{}},{"type":"Feature","geometry":{"geodesic":false,"type":"Point","coordinates":[147.19202846192712,-41.185875931217865]},"id":"2912","properties":{"lossyear":10}},{"type":"Feature","geometry":{"geodesic":false,"type":"Point","coordinates":[145.58314578806903,-41.53532057674035]},"id":"2913","properties":{"lossyear":21}},{"type":"Feature","geometry":{"geodesic":false,"type":"Point","coordinates":[146.16794903803088,-42.15066654636223]},"id":"2914","properties":{"lossyear":22}},{"type":"Feature","geometry":{"geodesic":false,"type":"Point","coordinates":[145.68196046932218,-41.48860818196614]},"id":"2915","properties":{"lossyear":22}},{"type":"Feature","geometry":{"geodesic":false,"type":"Point","coordinates":[146.657530867876,-42.722893382346356]},"id":"2916","properties":{"lossyear":22}},{"type":"Feature","geometry":{"geodesic":false,"type":"Point","coordinates":[145.3055663652761,-40.82924476342241]},"id":"2917","properties":{"lossyear":11}},{"type":"Feature","geometry":{"geodesic":false,"type":"Point","coordinates":[148.0831572237737,-41.19575739934318]},"id":"2918","properties":{}},{"type":"Feature","geometry":{"geodesic":false,"type":"Point","coordinates":[145.62446829113856,-41.43111600378249]},"id":"2919","properties":{"lossyear":22}},{"type":"Feature","geometry":{"geodesic":false,"type":"Point","coordinates":[147.4444550567647,-41.210130443889085]},"id":"2920","properties":{"lossyear":22}},{"type":"Feature","geometry":{"geodesic":false,"type":"Point","coordinates":[144.8078996978739,-40.857092537230116]},"id":"2921","properties":{"lossyear":22}},{"type":"Feature","geometry":{"geodesic":false,"type":"Point","coordinates":[147.27377515278198,-41.120298915477136]},"id":"2922","properties":{"lossyear":22}},{"type":"Feature","geometry":{"geodesic":false,"type":"Point","coordinates":[146.91714398498652,-41.29008050417572]},"id":"2923","properties":{"lossyear":22}},{"type":"Feature","geometry":{"geodesic":false,"type":"Point","coordinates":[147.7426957310924,-41.376318771451196]},"id":"2924","properties":{"lossyear":22}},{"type":"Feature","geometry":{"geodesic":false,"type":"Point","coordinates":[146.95217828106718,-43.05437172218646]},"id":"2925","properties":{"lossyear":22}},{"type":"Feature","geometry":{"geodesic":false,"type":"Point","coordinates":[147.251317270679,-41.11131576263594]},"id":"2926","properties":{"lossyear":22}},{"type":"Feature","geometry":{"geodesic":false,"type":"Point","coordinates":[146.37366323809425,-43.25828929168159]},"id":"2927","properties":{"lossyear":22}},{"type":"Feature","geometry":{"geodesic":false,"type":"Point","coordinates":[145.61638345358148,-41.43381094963485]},"id":"2928","properties":{"lossyear":22}},{"type":"Feature","geometry":{"geodesic":false,"type":"Point","coordinates":[145.6172817688656,-41.17599446309255]},"id":"2929","properties":{"lossyear":22}},{"type":"Feature","geometry":{"geodesic":false,"type":"Point","coordinates":[146.9162456697024,-43.34722250480942]},"id":"2930","properties":{"lossyear":22}},{"type":"Feature","geometry":{"geodesic":false,"type":"Point","coordinates":[148.12178478099082,-41.68354259862008]},"id":"2931","properties":{"lossyear":22}},{"type":"Feature","geometry":{"geodesic":false,"type":"Point","coordinates":[146.81832930373338,-41.633236942709374]},"id":"2932","properties":{"lossyear":22}},{"type":"Feature","geometry":{"geodesic":false,"type":"Point","coordinates":[146.78329500765273,-43.15677966457609]},"id":"2933","properties":{"lossyear":22}},{"type":"Feature","geometry":{"geodesic":false,"type":"Point","coordinates":[146.77610848537978,-42.94028568110329]},"id":"2934","properties":{"lossyear":22}},{"type":"Feature","geometry":{"geodesic":false,"type":"Point","coordinates":[147.56303267426847,-41.352962574064094]},"id":"2935","properties":{"lossyear":22}},{"type":"Feature","geometry":{"geodesic":false,"type":"Point","coordinates":[146.4679863429268,-42.487534777907044]},"id":"2936","properties":{"lossyear":22}},{"type":"Feature","geometry":{"geodesic":false,"type":"Point","coordinates":[146.43564699269848,-41.492201443102616]},"id":"2937","properties":{"lossyear":22}},{"type":"Feature","geometry":{"geodesic":false,"type":"Point","coordinates":[145.59482388676258,-41.473336822136105]},"id":"2938","properties":{"lossyear":22}},{"type":"Feature","geometry":{"geodesic":false,"type":"Point","coordinates":[146.9162456697024,-41.8227814676586]},"id":"2939","properties":{}},{"type":"Feature","geometry":{"geodesic":false,"type":"Point","coordinates":[145.2354977731148,-41.72576341697369]},"id":"2940","properties":{"lossyear":22}},{"type":"Feature","geometry":{"geodesic":false,"type":"Point","coordinates":[146.78419332293686,-43.154983034007856]},"id":"2941","properties":{"lossyear":22}},{"type":"Feature","geometry":{"geodesic":false,"type":"Point","coordinates":[145.68016383875397,-41.48142165969318]},"id":"2942","properties":{}},{"type":"Feature","geometry":{"geodesic":false,"type":"Point","coordinates":[146.15447430876907,-41.31253838627872]},"id":"2943","properties":{}},{"type":"Feature","geometry":{"geodesic":false,"type":"Point","coordinates":[147.6977799668864,-41.13557027530716]},"id":"2944","properties":{}},{"type":"Feature","geometry":{"geodesic":false,"type":"Point","coordinates":[147.41930222880933,-41.27750409019805]},"id":"2945","properties":{"lossyear":22}},{"type":"Feature","geometry":{"geodesic":false,"type":"Point","coordinates":[147.64747431097572,-41.4365058954872]},"id":"2946","properties":{"lossyear":22}},{"type":"Feature","geometry":{"geodesic":false,"type":"Point","coordinates":[146.17333892973556,-43.23403477901037]},"id":"2947","properties":{"lossyear":22}},{"type":"Feature","geometry":{"geodesic":false,"type":"Point","coordinates":[146.99439909942083,-41.851527556750426]},"id":"2948","properties":{"lossyear":22}},{"type":"Feature","geometry":{"geodesic":false,"type":"Point","coordinates":[146.54883471849752,-42.743554633881104]},"id":"2949","properties":{"lossyear":22}},{"type":"Feature","geometry":{"geodesic":false,"type":"Point","coordinates":[145.0935639582239,-41.094247772237665]},"id":"2950","properties":{"lossyear":22}},{"type":"Feature","geometry":{"geodesic":false,"type":"Point","coordinates":[146.46259645122205,-41.65749145538061]},"id":"2951","properties":{}},{"type":"Feature","geometry":{"geodesic":false,"type":"Point","coordinates":[145.45378838715584,-41.10233260979474]},"id":"2952","properties":{}},{"type":"Feature","geometry":{"geodesic":false,"type":"Point","coordinates":[147.3618100506257,-41.441895787191925]},"id":"2953","properties":{"lossyear":22}},{"type":"Feature","geometry":{"geodesic":false,"type":"Point","coordinates":[145.40348273124516,-42.00873273147134]},"id":"2954","properties":{"lossyear":22}},{"type":"Feature","geometry":{"geodesic":false,"type":"Point","coordinates":[146.8973810487359,-42.88638676405611]},"id":"2955","properties":{"lossyear":22}},{"type":"Feature","geometry":{"geodesic":false,"type":"Point","coordinates":[147.35821678948923,-41.441895787191925]},"id":"2956","properties":{"lossyear":22}},{"type":"Feature","geometry":{"geodesic":false,"type":"Point","coordinates":[145.2588539705019,-41.73205162396253]},"id":"2957","properties":{}},{"type":"Feature","geometry":{"geodesic":false,"type":"Point","coordinates":[146.68897190282019,-42.65192647490092]},"id":"2958","properties":{}},{"type":"Feature","geometry":{"geodesic":false,"type":"Point","coordinates":[146.8596518068029,-43.50622431009859]},"id":"2959","properties":{"lossyear":22}},{"type":"Feature","geometry":{"geodesic":false,"type":"Point","coordinates":[145.73675770165346,-41.915307941922904]},"id":"2960","properties":{"lossyear":22}},{"type":"Feature","geometry":{"geodesic":false,"type":"Point","coordinates":[145.61997671471795,-41.90003658209288]},"id":"2961","properties":{"lossyear":22}},{"type":"Feature","geometry":{"geodesic":false,"type":"Point","coordinates":[145.61997671471795,-41.447285678896634]},"id":"2962","properties":{"lossyear":23}},{"type":"Feature","geometry":{"geodesic":false,"type":"Point","coordinates":[146.8569568609505,-43.50532599481447]},"id":"2963","properties":{"lossyear":22}},{"type":"Feature","geometry":{"geodesic":false,"type":"Point","coordinates":[147.63938947341865,-41.0403488551905]},"id":"2964","properties":{"lossyear":22}},{"type":"Feature","geometry":{"geodesic":false,"type":"Point","coordinates":[147.236045910849,-41.11131576263594]},"id":"2965","properties":{}},{"type":"Feature","geometry":{"geodesic":false,"type":"Point","coordinates":[144.92468068480946,-41.50298122651205]},"id":"2966","properties":{"lossyear":22}},{"type":"Feature","geometry":{"geodesic":false,"type":"Point","coordinates":[144.93007057651414,-41.526337423899164]},"id":"2967","properties":{"lossyear":22}},{"type":"Feature","geometry":{"geodesic":false,"type":"Point","coordinates":[147.38875950914928,-41.1508416351372]},"id":"2968","properties":{"lossyear":22}},{"type":"Feature","geometry":{"geodesic":false,"type":"Point","coordinates":[145.73136780994878,-41.900934897377]},"id":"2969","properties":{"lossyear":22}},{"type":"Feature","geometry":{"geodesic":false,"type":"Point","coordinates":[144.78634013105506,-40.98914488399568]},"id":"2970","properties":{}},{"type":"Feature","geometry":{"geodesic":false,"type":"Point","coordinates":[146.15806756990554,-43.2403229859992]},"id":"2971","properties":{"lossyear":22}},{"type":"Feature","geometry":{"geodesic":false,"type":"Point","coordinates":[146.51559705298513,-41.383505293724156]},"id":"2972","properties":{"lossyear":22}},{"type":"Feature","geometry":{"geodesic":false,"type":"Point","coordinates":[146.92163556140713,-41.81469663010152]},"id":"2973","properties":{}},{"type":"Feature","geometry":{"geodesic":false,"type":"Point","coordinates":[144.95252845861717,-40.98016173115448]},"id":"2974","properties":{"lossyear":22}},{"type":"Feature","geometry":{"geodesic":false,"type":"Point","coordinates":[147.1785537326653,-41.09963766394239]},"id":"2975","properties":{"lossyear":23}},{"type":"Feature","geometry":{"geodesic":false,"type":"Point","coordinates":[145.36485517402798,-41.97729169652716]},"id":"2976","properties":{"lossyear":22}},{"type":"Feature","geometry":{"geodesic":false,"type":"Point","coordinates":[147.4893708209707,-42.961845247922156]},"id":"2977","properties":{"lossyear":22}},{"type":"Feature","geometry":{"geodesic":false,"type":"Point","coordinates":[146.8291090871428,-43.21606847332798]},"id":"2978","properties":{"lossyear":22}},{"type":"Feature","geometry":{"geodesic":false,"type":"Point","coordinates":[147.39864097727462,-41.2981653417328]},"id":"2979","properties":{"lossyear":22}},{"type":"Feature","geometry":{"geodesic":false,"type":"Point","coordinates":[145.23909103425126,-41.7446280379402]},"id":"2980","properties":{}},{"type":"Feature","geometry":{"geodesic":false,"type":"Point","coordinates":[144.8447306245228,-40.84810938438892]},"id":"2981","properties":{"lossyear":22}},{"type":"Feature","geometry":{"geodesic":false,"type":"Point","coordinates":[147.68789849876111,-42.43183923029163]},"id":"2982","properties":{"lossyear":22}},{"type":"Feature","geometry":{"geodesic":false,"type":"Point","coordinates":[147.01775529680793,-41.391590131281234]},"id":"2983","properties":{}},{"type":"Feature","geometry":{"geodesic":false,"type":"Point","coordinates":[146.58566564514643,-42.56928146876193]},"id":"2984","properties":{}},{"type":"Feature","geometry":{"geodesic":false,"type":"Point","coordinates":[147.7337125782512,-42.076106377780306]},"id":"2985","properties":{"lossyear":22}},{"type":"Feature","geometry":{"geodesic":false,"type":"Point","coordinates":[146.161660831042,-41.30445354872164]},"id":"2986","properties":{"lossyear":22}},{"type":"Feature","geometry":{"geodesic":false,"type":"Point","coordinates":[146.07991414018716,-41.48142165969318]},"id":"2987","properties":{"lossyear":22}},{"type":"Feature","geometry":{"geodesic":false,"type":"Point","coordinates":[145.3927029478357,-41.96561359783361]},"id":"2988","properties":{}},{"type":"Feature","geometry":{"geodesic":false,"type":"Point","coordinates":[146.95397491163544,-43.05347340690234]},"id":"2989","properties":{"lossyear":22}},{"type":"Feature","geometry":{"geodesic":false,"type":"Point","coordinates":[146.82371919543812,-43.50532599481447]},"id":"2990","properties":{"lossyear":22}},{"type":"Feature","geometry":{"geodesic":false,"type":"Point","coordinates":[145.5660777976708,-40.93165270581204]},"id":"2991","properties":{}},{"type":"Feature","geometry":{"geodesic":false,"type":"Point","coordinates":[146.41139248002725,-41.44279410247604]},"id":"2992","properties":{"lossyear":22}},{"type":"Feature","geometry":{"geodesic":false,"type":"Point","coordinates":[147.16507900340355,-41.18497761593375]},"id":"2993","properties":{}},{"type":"Feature","geometry":{"geodesic":false,"type":"Point","coordinates":[146.77071859367504,-42.942980626955645]},"id":"2994","properties":{"lossyear":22}},{"type":"Feature","geometry":{"geodesic":false,"type":"Point","coordinates":[146.4140874258796,-43.28523875020518]},"id":"2995","properties":{}},{"type":"Feature","geometry":{"geodesic":false,"type":"Point","coordinates":[147.53069332404016,-41.38530192429239]},"id":"2996","properties":{"lossyear":22}},{"type":"Feature","geometry":{"geodesic":false,"type":"Point","coordinates":[147.58459224108736,-42.83248784700895]},"id":"2997","properties":{"lossyear":21}},{"type":"Feature","geometry":{"geodesic":false,"type":"Point","coordinates":[146.8407871858364,-41.25414789281095]},"id":"2998","properties":{}},{"type":"Feature","geometry":{"geodesic":false,"type":"Point","coordinates":[146.8273124565746,-43.22056004974857]},"id":"2999","properties":{}},{"type":"Feature","geometry":{"geodesic":false,"type":"Point","coordinates":[146.8084478356081,-42.942980626955645]},"id":"3000","properties":{"lossyear":22}},{"type":"Feature","geometry":{"geodesic":false,"type":"Point","coordinates":[147.2656903152249,-41.125688807181845]},"id":"3001","properties":{"lossyear":22}},{"type":"Feature","geometry":{"geodesic":false,"type":"Point","coordinates":[145.89216624580615,-42.178514320169924]},"id":"3002","properties":{}},{"type":"Feature","geometry":{"geodesic":false,"type":"Point","coordinates":[146.03050679956056,-41.318826593267545]},"id":"3003","properties":{"lossyear":22}},{"type":"Feature","geometry":{"geodesic":false,"type":"Point","coordinates":[145.81131787023543,-42.86931877365784]},"id":"3004","properties":{"lossyear":22}},{"type":"Feature","geometry":{"geodesic":false,"type":"Point","coordinates":[144.66866082883536,-41.00082298268924]},"id":"3005","properties":{"lossyear":22}},{"type":"Feature","geometry":{"geodesic":false,"type":"Point","coordinates":[147.16597731868762,-41.18677424650198]},"id":"3006","properties":{"lossyear":22}},{"type":"Feature","geometry":{"geodesic":false,"type":"Point","coordinates":[146.43474867741435,-43.31398483929701]},"id":"3007","properties":{"lossyear":22}},{"type":"Feature","geometry":{"geodesic":false,"type":"Point","coordinates":[147.1722655256765,-41.10772250149947]},"id":"3008","properties":{"lossyear":22}},{"type":"Feature","geometry":{"geodesic":false,"type":"Point","coordinates":[147.99063074950936,-40.94422911978971]},"id":"3009","properties":{}},{"type":"Feature","geometry":{"geodesic":false,"type":"Point","coordinates":[146.9189406155548,-43.3642904952077]},"id":"3010","properties":{"lossyear":22}},{"type":"Feature","geometry":{"geodesic":false,"type":"Point","coordinates":[145.81401281608777,-42.86931877365784]},"id":"3011","properties":{}},{"type":"Feature","geometry":{"geodesic":false,"type":"Point","coordinates":[147.7804249730254,-42.100360890451526]},"id":"3012","properties":{"lossyear":22}},{"type":"Feature","geometry":{"geodesic":false,"type":"Point","coordinates":[146.387137967356,-43.263679183386316]},"id":"3013","properties":{"lossyear":22}},{"type":"Feature","geometry":{"geodesic":false,"type":"Point","coordinates":[146.72849777532144,-42.79116534393944]},"id":"3014","properties":{"lossyear":22}},{"type":"Feature","geometry":{"geodesic":false,"type":"Point","coordinates":[146.83000740242693,-43.50981757123506]},"id":"3015","properties":{"lossyear":22}},{"type":"Feature","geometry":{"geodesic":false,"type":"Point","coordinates":[145.7610122143247,-41.128383753034214]},"id":"3016","properties":{"lossyear":22}},{"type":"Feature","geometry":{"geodesic":false,"type":"Point","coordinates":[146.03230343012882,-41.30804680985811]},"id":"3017","properties":{"lossyear":22}},{"type":"Feature","geometry":{"geodesic":false,"type":"Point","coordinates":[146.39342617434488,-43.26996739037514]},"id":"3018","properties":{"lossyear":22}},{"type":"Feature","geometry":{"geodesic":false,"type":"Point","coordinates":[145.25166744822894,-41.73294993924665]},"id":"3019","properties":{"lossyear":22}},{"type":"Feature","geometry":{"geodesic":false,"type":"Point","coordinates":[147.56303267426847,-41.14096016701188]},"id":"3020","properties":{"lossyear":22}},{"type":"Feature","geometry":{"geodesic":false,"type":"Point","coordinates":[145.38551642556274,-41.994359686925435]},"id":"3021","properties":{"lossyear":19}},{"type":"Feature","geometry":{"geodesic":false,"type":"Point","coordinates":[146.83449897884753,-42.892674971044954]},"id":"3022","properties":{"lossyear":22}},{"type":"Feature","geometry":{"geodesic":false,"type":"Point","coordinates":[146.93511029066894,-41.38620023957651]},"id":"3023","properties":{"lossyear":22}},{"type":"Feature","geometry":{"geodesic":false,"type":"Point","coordinates":[147.16867226454002,-42.231514921932984]},"id":"3024","properties":{}},{"type":"Feature","geometry":{"geodesic":false,"type":"Point","coordinates":[145.25526070936542,-41.164316364398985]},"id":"3025","properties":{}},{"type":"Feature","geometry":{"geodesic":false,"type":"Point","coordinates":[144.92917226123006,-40.86877063592367]},"id":"3026","properties":{}},{"type":"Feature","geometry":{"geodesic":false,"type":"Point","coordinates":[147.72383111012584,-41.96202033669712]},"id":"3027","properties":{"lossyear":22}},{"type":"Feature","geometry":{"geodesic":false,"type":"Point","coordinates":[146.44373183025556,-43.307696632308165]},"id":"3028","properties":{"lossyear":22}},{"type":"Feature","geometry":{"geodesic":false,"type":"Point","coordinates":[145.76909705188177,-41.33589458366582]},"id":"3029","properties":{"lossyear":22}},{"type":"Feature","geometry":{"geodesic":false,"type":"Point","coordinates":[147.5917787633603,-41.13107869888657]},"id":"3030","properties":{}},{"type":"Feature","geometry":{"geodesic":false,"type":"Point","coordinates":[147.02045024266027,-41.39787833827006]},"id":"3031","properties":{}},{"type":"Feature","geometry":{"geodesic":false,"type":"Point","coordinates":[147.78132328830952,-42.095869314030935]},"id":"3032","properties":{"lossyear":22}},{"type":"Feature","geometry":{"geodesic":false,"type":"Point","coordinates":[144.88784975816054,-41.48681155139789]},"id":"3033","properties":{"lossyear":22}},{"type":"Feature","geometry":{"geodesic":false,"type":"Point","coordinates":[147.66813556251043,-41.228995064855596]},"id":"3034","properties":{"lossyear":22}},{"type":"Feature","geometry":{"geodesic":false,"type":"Point","coordinates":[148.1208864657067,-41.08616293468059]},"id":"3035","properties":{"lossyear":22}},{"type":"Feature","geometry":{"geodesic":false,"type":"Point","coordinates":[146.36468008525304,-41.47064187628375]},"id":"3036","properties":{"lossyear":22}},{"type":"Feature","geometry":{"geodesic":false,"type":"Point","coordinates":[146.1787288214403,-42.165937906192255]},"id":"3037","properties":{"lossyear":22}},{"type":"Feature","geometry":{"geodesic":false,"type":"Point","coordinates":[147.78581486473013,-41.17779109366079]},"id":"3038","properties":{}},{"type":"Feature","geometry":{"geodesic":false,"type":"Point","coordinates":[146.51110547656452,-41.37811540201943]},"id":"3039","properties":{"lossyear":22}},{"type":"Feature","geometry":{"geodesic":false,"type":"Point","coordinates":[144.91749416253646,-41.07897641240764]},"id":"3040","properties":{"lossyear":22}},{"type":"Feature","geometry":{"geodesic":false,"type":"Point","coordinates":[146.46708802764266,-42.48483983205469]},"id":"3041","properties":{"lossyear":22}},{"type":"Feature","geometry":{"geodesic":false,"type":"Point","coordinates":[147.50913375722132,-41.344877736507016]},"id":"3042","properties":{"lossyear":22}},{"type":"Feature","geometry":{"geodesic":false,"type":"Point","coordinates":[146.17244061445143,-42.15964969920341]},"id":"3043","properties":{"lossyear":22}},{"type":"Feature","geometry":{"geodesic":false,"type":"Point","coordinates":[146.91714398498652,-41.76079771305436]},"id":"3044","properties":{"lossyear":22}},{"type":"Feature","geometry":{"geodesic":false,"type":"Point","coordinates":[146.4419351996873,-43.32566293799056]},"id":"3045","properties":{"lossyear":22}},{"type":"Feature","geometry":{"geodesic":false,"type":"Point","coordinates":[147.52171017119895,-42.839674369281894]},"id":"3046","properties":{"lossyear":22}},{"type":"Feature","geometry":{"geodesic":false,"type":"Point","coordinates":[145.23100619669418,-41.728458362826046]},"id":"3047","properties":{"lossyear":22}},{"type":"Feature","geometry":{"geodesic":false,"type":"Point","coordinates":[145.91462412790918,-42.64294332205972]},"id":"3048","properties":{"lossyear":22}},{"type":"Feature","geometry":{"geodesic":false,"type":"Point","coordinates":[145.26424386220663,-41.735644885099006]},"id":"3049","properties":{"lossyear":22}},{"type":"Feature","geometry":{"geodesic":false,"type":"Point","coordinates":[148.08405553905777,-41.18497761593375]},"id":"3050","properties":{"lossyear":22}},{"type":"Feature","geometry":{"geodesic":false,"type":"Point","coordinates":[146.75814217969736,-42.94028568110329]},"id":"3051","properties":{"lossyear":22}},{"type":"Feature","geometry":{"geodesic":false,"type":"Point","coordinates":[146.83899055526814,-42.800148496780636]},"id":"3052","properties":{"lossyear":22}},{"type":"Feature","geometry":{"geodesic":false,"type":"Point","coordinates":[147.26299536937256,-41.1050275556471]},"id":"3053","properties":{"lossyear":22}},{"type":"Feature","geometry":{"geodesic":false,"type":"Point","coordinates":[144.87257839833052,-41.09514608752178]},"id":"3054","properties":{"lossyear":22}},{"type":"Feature","geometry":{"geodesic":false,"type":"Point","coordinates":[145.2615489163543,-41.72756004754193]},"id":"3055","properties":{}},{"type":"Feature","geometry":{"geodesic":false,"type":"Point","coordinates":[147.57021919654142,-41.15533321155779]},"id":"3056","properties":{}},{"type":"Feature","geometry":{"geodesic":false,"type":"Point","coordinates":[145.37743158800566,-41.979986642379515]},"id":"3057","properties":{"lossyear":22}},{"type":"Feature","geometry":{"geodesic":false,"type":"Point","coordinates":[145.1717173879423,-41.92069783362763]},"id":"3058","properties":{"lossyear":22}},{"type":"Feature","geometry":{"geodesic":false,"type":"Point","coordinates":[147.18214699380178,-41.1185022849089]},"id":"3059","properties":{"lossyear":22}},{"type":"Feature","geometry":{"geodesic":false,"type":"Point","coordinates":[147.77862834245718,-41.883866906978724]},"id":"3060","properties":{"lossyear":22}},{"type":"Feature","geometry":{"geodesic":false,"type":"Point","coordinates":[145.39449957840395,-41.972800120106555]},"id":"3061","properties":{"lossyear":22}},{"type":"Feature","geometry":{"geodesic":false,"type":"Point","coordinates":[147.4534382096059,-41.39698002298594]},"id":"3062","properties":{"lossyear":1}},{"type":"Feature","geometry":{"geodesic":false,"type":"Point","coordinates":[148.12447972684316,-41.68803417504067]},"id":"3063","properties":{"lossyear":22}},{"type":"Feature","geometry":{"geodesic":false,"type":"Point","coordinates":[147.98434254252055,-40.95680553376738]},"id":"3064","properties":{"lossyear":22}},{"type":"Feature","geometry":{"geodesic":false,"type":"Point","coordinates":[147.22706275800778,-41.12299386132949]},"id":"3065","properties":{"lossyear":22}},{"type":"Feature","geometry":{"geodesic":false,"type":"Point","coordinates":[145.5400266544313,-40.91727966126612]},"id":"3066","properties":{"lossyear":22}},{"type":"Feature","geometry":{"geodesic":false,"type":"Point","coordinates":[146.40510427303843,-43.283442119636945]},"id":"3067","properties":{"lossyear":22}},{"type":"Feature","geometry":{"geodesic":false,"type":"Point","coordinates":[144.84113736338634,-41.067298313714076]},"id":"3068","properties":{"lossyear":22}},{"type":"Feature","geometry":{"geodesic":false,"type":"Point","coordinates":[147.01955192737614,-41.4041665452589]},"id":"3069","properties":{"lossyear":22}},{"type":"Feature","geometry":{"geodesic":false,"type":"Point","coordinates":[147.87474807785793,-42.06083501795027]},"id":"3070","properties":{"lossyear":22}},{"type":"Feature","geometry":{"geodesic":false,"type":"Point","coordinates":[145.39899115482456,-41.99795294806191]},"id":"3071","properties":{"lossyear":22}},{"type":"Feature","geometry":{"geodesic":false,"type":"Point","coordinates":[145.7187913959711,-41.1876725617861]},"id":"3072","properties":{"lossyear":22}},{"type":"Feature","geometry":{"geodesic":false,"type":"Point","coordinates":[145.37563495743746,-41.991664741073066]},"id":"3073","properties":{"lossyear":22}},{"type":"Feature","geometry":{"geodesic":false,"type":"Point","coordinates":[146.35839187826417,-43.26547581395455]},"id":"3074","properties":{}},{"type":"Feature","geometry":{"geodesic":false,"type":"Point","coordinates":[147.13453628374344,-41.185875931217865]},"id":"3075","properties":{"lossyear":22}},{"type":"Feature","geometry":{"geodesic":false,"type":"Point","coordinates":[145.91731907376152,-42.642045006775604]},"id":"3076","properties":{"lossyear":23}},{"type":"Feature","geometry":{"geodesic":false,"type":"Point","coordinates":[147.18663857022239,-42.704927076663964]},"id":"3077","properties":{"lossyear":22}},{"type":"Feature","geometry":{"geodesic":false,"type":"Point","coordinates":[147.44625168733296,-41.20653718275261]},"id":"3078","properties":{"lossyear":22}},{"type":"Feature","geometry":{"geodesic":false,"type":"Point","coordinates":[146.76263375611796,-41.592812754924]},"id":"3079","properties":{"lossyear":22}},{"type":"Feature","geometry":{"geodesic":false,"type":"Point","coordinates":[146.91444903913418,-41.8227814676586]},"id":"3080","properties":{}},{"type":"Feature","geometry":{"geodesic":false,"type":"Point","coordinates":[147.87474807785793,-42.05095354982495]},"id":"3081","properties":{"lossyear":22}},{"type":"Feature","geometry":{"geodesic":false,"type":"Point","coordinates":[145.96492978381985,-43.000472805139296]},"id":"3082","properties":{"lossyear":22}},{"type":"Feature","geometry":{"geodesic":false,"type":"Point","coordinates":[146.432053731562,-43.31308652401289]},"id":"3083","properties":{"lossyear":22}},{"type":"Feature","geometry":{"geodesic":false,"type":"Point","coordinates":[146.838092239984,-41.64132178026645]},"id":"3084","properties":{}},{"type":"Feature","geometry":{"geodesic":false,"type":"Point","coordinates":[147.4067258148317,-41.307148494573994]},"id":"3085","properties":{}},{"type":"Feature","geometry":{"geodesic":false,"type":"Point","coordinates":[147.22167286630304,-41.132875329454805]},"id":"3086","properties":{"lossyear":22}},{"type":"Feature","geometry":{"geodesic":false,"type":"Point","coordinates":[146.89648273345176,-43.455020338903765]},"id":"3087","properties":{"lossyear":22}},{"type":"Feature","geometry":{"geodesic":false,"type":"Point","coordinates":[145.95235336984217,-41.31253838627872]},"id":"3088","properties":{}},{"type":"Feature","geometry":{"geodesic":false,"type":"Point","coordinates":[145.55260306840898,-40.92446618353908]},"id":"3089","properties":{"lossyear":22}},{"type":"Feature","geometry":{"geodesic":false,"type":"Point","coordinates":[145.38012653385806,-41.991664741073066]},"id":"3090","properties":{"lossyear":22}},{"type":"Feature","geometry":{"geodesic":false,"type":"Point","coordinates":[146.68897190282019,-42.64743489848033]},"id":"3091","properties":{"lossyear":22}},{"type":"Feature","geometry":{"geodesic":false,"type":"Point","coordinates":[147.16328237283528,-41.159824787978394]},"id":"3092","properties":{"lossyear":22}},{"type":"Feature","geometry":{"geodesic":false,"type":"Point","coordinates":[146.8362956094158,-43.49903778782563]},"id":"3093","properties":{"lossyear":22}},{"type":"Feature","geometry":{"geodesic":false,"type":"Point","coordinates":[147.5639309895526,-41.523642478046796]},"id":"3094","properties":{"lossyear":22}},{"type":"Feature","geometry":{"geodesic":false,"type":"Point","coordinates":[147.44086179562822,-41.21911359673028]},"id":"3095","properties":{}},{"type":"Feature","geometry":{"geodesic":false,"type":"Point","coordinates":[145.97121799080867,-43.01933742610581]},"id":"3096","properties":{"lossyear":22}},{"type":"Feature","geometry":{"geodesic":false,"type":"Point","coordinates":[147.9681728674064,-41.61886389816347]},"id":"3097","properties":{}},{"type":"Feature","geometry":{"geodesic":false,"type":"Point","coordinates":[146.5892589062829,-42.57377304518252]},"id":"3098","properties":{"lossyear":22}},{"type":"Feature","geometry":{"geodesic":false,"type":"Point","coordinates":[145.66129921778747,-41.5146593252056]},"id":"3099","properties":{"lossyear":22}},{"type":"Feature","geometry":{"geodesic":false,"type":"Point","coordinates":[146.93151702953247,-42.84955583740721]},"id":"3100","properties":{"lossyear":22}},{"type":"Feature","geometry":{"geodesic":false,"type":"Point","coordinates":[145.46007659414465,-41.00800950496219]},"id":"3101","properties":{}},{"type":"Feature","geometry":{"geodesic":false,"type":"Point","coordinates":[146.37276492281012,-43.26817075980691]},"id":"3102","properties":{"lossyear":22}},{"type":"Feature","geometry":{"geodesic":false,"type":"Point","coordinates":[147.25850379295196,-41.30894512514223]},"id":"3103","properties":{}},{"type":"Feature","geometry":{"geodesic":false,"type":"Point","coordinates":[147.43367527335528,-41.22360517315087]},"id":"3104","properties":{"lossyear":22}},{"type":"Feature","geometry":{"geodesic":false,"type":"Point","coordinates":[146.85156696924582,-41.65030493310765]},"id":"3105","properties":{"lossyear":22}},{"type":"Feature","geometry":{"geodesic":false,"type":"Point","coordinates":[145.89845445279502,-42.628570277513816]},"id":"3106","properties":{}},{"type":"Feature","geometry":{"geodesic":false,"type":"Point","coordinates":[145.20046347703413,-42.24678628176301]},"id":"3107","properties":{}},{"type":"Feature","geometry":{"geodesic":false,"type":"Point","coordinates":[147.22975770386012,-41.12209554604537]},"id":"3108","properties":{"lossyear":22}},{"type":"Feature","geometry":{"geodesic":false,"type":"Point","coordinates":[147.45972641659472,-41.396081707701825]},"id":"3109","properties":{}},{"type":"Feature","geometry":{"geodesic":false,"type":"Point","coordinates":[147.22885938857598,-41.13467196002304]},"id":"3110","properties":{"lossyear":22}},{"type":"Feature","geometry":{"geodesic":false,"type":"Point","coordinates":[145.90474265978384,-42.633960169218525]},"id":"3111","properties":{"lossyear":22}},{"type":"Feature","geometry":{"geodesic":false,"type":"Point","coordinates":[144.66686419826715,-41.00980613553044]},"id":"3112","properties":{"lossyear":22}},{"type":"Feature","geometry":{"geodesic":false,"type":"Point","coordinates":[145.24178598010366,-41.731153308678415]},"id":"3113","properties":{"lossyear":22}},{"type":"Feature","geometry":{"geodesic":false,"type":"Point","coordinates":[146.05296468166358,-41.36733561861]},"id":"3114","properties":{"lossyear":23}},{"type":"Feature","geometry":{"geodesic":false,"type":"Point","coordinates":[145.37563495743746,-41.96920685897008]},"id":"3115","properties":{"lossyear":22}},{"type":"Feature","geometry":{"geodesic":false,"type":"Point","coordinates":[145.40707599238164,-42.00064789391426]},"id":"3116","properties":{"lossyear":22}},{"type":"Feature","geometry":{"geodesic":false,"type":"Point","coordinates":[147.31599597113558,-41.23079169542383]},"id":"3117","properties":{}},{"type":"Feature","geometry":{"geodesic":false,"type":"Point","coordinates":[144.79622159918034,-40.98285667700685]},"id":"3118","properties":{"lossyear":22}},{"type":"Feature","geometry":{"geodesic":false,"type":"Point","coordinates":[147.87025650143732,-42.06083501795027]},"id":"3119","properties":{"lossyear":22}},{"type":"Feature","geometry":{"geodesic":false,"type":"Point","coordinates":[146.8318040329952,-42.801046812064754]},"id":"3120","properties":{"lossyear":22}},{"type":"Feature","geometry":{"geodesic":false,"type":"Point","coordinates":[147.7211361642735,-41.98807147993659]},"id":"3121","properties":{}},{"type":"Feature","geometry":{"geodesic":false,"type":"Point","coordinates":[147.59627033978092,-41.42482779679365]},"id":"3122","properties":{}},{"type":"Feature","geometry":{"geodesic":false,"type":"Point","coordinates":[146.74826071157207,-41.30175860286927]},"id":"3123","properties":{"lossyear":22}},{"type":"Feature","geometry":{"geodesic":false,"type":"Point","coordinates":[144.67135577468775,-41.00172129797336]},"id":"3124","properties":{}},{"type":"Feature","geometry":{"geodesic":false,"type":"Point","coordinates":[144.66686419826715,-41.00172129797336]},"id":"3125","properties":{"lossyear":22}},{"type":"Feature","geometry":{"geodesic":false,"type":"Point","coordinates":[145.38371979499453,-41.98986811050483]},"id":"3126","properties":{"lossyear":22}},{"type":"Feature","geometry":{"geodesic":false,"type":"Point","coordinates":[146.90097430987237,-42.86931877365784]},"id":"3127","properties":{"lossyear":22}},{"type":"Feature","geometry":{"geodesic":false,"type":"Point","coordinates":[147.9870374883729,-40.93794091280087]},"id":"3128","properties":{"lossyear":22}},{"type":"Feature","geometry":{"geodesic":false,"type":"Point","coordinates":[147.86666324030085,-41.914409626638786]},"id":"3129","properties":{"lossyear":3}},{"type":"Feature","geometry":{"geodesic":false,"type":"Point","coordinates":[145.8211993383607,-42.87920024178315]},"id":"3130","properties":{"lossyear":22}},{"type":"Feature","geometry":{"geodesic":false,"type":"Point","coordinates":[145.24358261067187,-41.90722310436584]},"id":"3131","properties":{"lossyear":7}},{"type":"Feature","geometry":{"geodesic":false,"type":"Point","coordinates":[147.43816684977588,-41.2110287591732]},"id":"3132","properties":{"lossyear":14}},{"type":"Feature","geometry":{"geodesic":false,"type":"Point","coordinates":[145.9164207584774,-42.641146691491485]},"id":"3133","properties":{"lossyear":22}},{"type":"Feature","geometry":{"geodesic":false,"type":"Point","coordinates":[146.84797370810935,-41.64940661782353]},"id":"3134","properties":{}},{"type":"Feature","geometry":{"geodesic":false,"type":"Point","coordinates":[147.1785537326653,-41.114010708488294]},"id":"3135","properties":{"lossyear":22}},{"type":"Feature","geometry":{"geodesic":false,"type":"Point","coordinates":[146.56230944775933,-42.801046812064754]},"id":"3136","properties":{"lossyear":22}},{"type":"Feature","geometry":{"geodesic":false,"type":"Point","coordinates":[146.76622701725444,-42.808233334337714]},"id":"3137","properties":{"lossyear":22}},{"type":"Feature","geometry":{"geodesic":false,"type":"Point","coordinates":[145.26244723163836,-41.717678579416614]},"id":"3138","properties":{}},{"type":"Feature","geometry":{"geodesic":false,"type":"Point","coordinates":[145.73585938636938,-41.95034223800357]},"id":"3139","properties":{"lossyear":22}},{"type":"Feature","geometry":{"geodesic":false,"type":"Point","coordinates":[146.39073122849248,-42.908844646159096]},"id":"3140","properties":{"lossyear":22}},{"type":"Feature","geometry":{"geodesic":false,"type":"Point","coordinates":[146.2847300249664,-41.441895787191925]},"id":"3141","properties":{"lossyear":22}},{"type":"Feature","geometry":{"geodesic":false,"type":"Point","coordinates":[146.77341353952744,-42.02669903715373]},"id":"3142","properties":{"lossyear":22}},{"type":"Feature","geometry":{"geodesic":false,"type":"Point","coordinates":[145.61997671471795,-41.4041665452589]},"id":"3143","properties":{"lossyear":22}},{"type":"Feature","geometry":{"geodesic":false,"type":"Point","coordinates":[147.97356275911108,-41.731153308678415]},"id":"3144","properties":{}},{"type":"Feature","geometry":{"geodesic":false,"type":"Point","coordinates":[147.22885938857598,-41.13646859059129]},"id":"3145","properties":{"lossyear":22}},{"type":"Feature","geometry":{"geodesic":false,"type":"Point","coordinates":[147.2656903152249,-41.113112393204176]},"id":"3146","properties":{"lossyear":22}},{"type":"Feature","geometry":{"geodesic":false,"type":"Point","coordinates":[145.55170475312485,-40.92446618353908]},"id":"3147","properties":{"lossyear":22}},{"type":"Feature","geometry":{"geodesic":false,"type":"Point","coordinates":[147.25221558596314,-41.12209554604537]},"id":"3148","properties":{"lossyear":22}},{"type":"Feature","geometry":{"geodesic":false,"type":"Point","coordinates":[147.94571498530337,-40.91368640012965]},"id":"3149","properties":{}},{"type":"Feature","geometry":{"geodesic":false,"type":"Point","coordinates":[147.7355092088194,-42.07520806249619]},"id":"3150","properties":{"lossyear":22}},{"type":"Feature","geometry":{"geodesic":false,"type":"Point","coordinates":[148.04093640542004,-41.3808103478718]},"id":"3151","properties":{"lossyear":22}},{"type":"Feature","geometry":{"geodesic":false,"type":"Point","coordinates":[146.244305837181,-41.45267557060136]},"id":"3152","properties":{"lossyear":22}},{"type":"Feature","geometry":{"geodesic":false,"type":"Point","coordinates":[147.6744237694993,-41.228995064855596]},"id":"3153","properties":{"lossyear":3}},{"type":"Feature","geometry":{"geodesic":false,"type":"Point","coordinates":[146.48235938747268,-41.31253838627872]},"id":"3154","properties":{"lossyear":22}},{"type":"Feature","geometry":{"geodesic":false,"type":"Point","coordinates":[147.96278297570166,-41.736543200383124]},"id":"3155","properties":{}},{"type":"Feature","geometry":{"geodesic":false,"type":"Point","coordinates":[147.73461089353532,-42.07790300834854]},"id":"3156","properties":{"lossyear":22}},{"type":"Feature","geometry":{"geodesic":false,"type":"Point","coordinates":[146.94499175879423,-43.35710397293474]},"id":"3157","properties":{"lossyear":22}},{"type":"Feature","geometry":{"geodesic":false,"type":"Point","coordinates":[146.965653010329,-41.18138435479726]},"id":"3158","properties":{"lossyear":22}},{"type":"Feature","geometry":{"geodesic":false,"type":"Point","coordinates":[146.6763954888425,-41.32511480025639]},"id":"3159","properties":{"lossyear":22}},{"type":"Feature","geometry":{"geodesic":false,"type":"Point","coordinates":[146.06733772620947,-42.13809013238455]},"id":"3160","properties":{"lossyear":22}},{"type":"Feature","geometry":{"geodesic":false,"type":"Point","coordinates":[145.27053206919544,-41.73384825453077]},"id":"3161","properties":{"lossyear":22}},{"type":"Feature","geometry":{"geodesic":false,"type":"Point","coordinates":[145.75023243091528,-41.23977484826503]},"id":"3162","properties":{"lossyear":21}},{"type":"Feature","geometry":{"geodesic":false,"type":"Point","coordinates":[145.55439969897725,-41.028670756496936]},"id":"3163","properties":{"lossyear":22}},{"type":"Feature","geometry":{"geodesic":false,"type":"Point","coordinates":[147.27377515278198,-41.121197230761254]},"id":"3164","properties":{"lossyear":22}},{"type":"Feature","geometry":{"geodesic":false,"type":"Point","coordinates":[146.7680236478227,-41.620660528731705]},"id":"3165","properties":{"lossyear":22}},{"type":"Feature","geometry":{"geodesic":false,"type":"Point","coordinates":[144.85191714679576,-41.03855222462225]},"id":"3166","properties":{"lossyear":21}},{"type":"Feature","geometry":{"geodesic":false,"type":"Point","coordinates":[146.68178538054724,-41.32511480025639]},"id":"3167","properties":{"lossyear":22}},{"type":"Feature","geometry":{"geodesic":false,"type":"Point","coordinates":[146.84168550112048,-42.889980025192585]},"id":"3168","properties":{"lossyear":22}},{"type":"Feature","geometry":{"geodesic":false,"type":"Point","coordinates":[147.67981366120404,-41.087061249964705]},"id":"3169","properties":{"lossyear":22}},{"type":"Feature","geometry":{"geodesic":false,"type":"Point","coordinates":[145.6100952465926,-41.41404801338422]},"id":"3170","properties":{"lossyear":22}},{"type":"Feature","geometry":{"geodesic":false,"type":"Point","coordinates":[147.26838526107724,-41.11760396962478]},"id":"3171","properties":{"lossyear":22}},{"type":"Feature","geometry":{"geodesic":false,"type":"Point","coordinates":[147.61693159131562,-41.13197701417069]},"id":"3172","properties":{}},{"type":"Feature","geometry":{"geodesic":false,"type":"Point","coordinates":[147.747187307513,-41.10233260979474]},"id":"3173","properties":{"lossyear":22}},{"type":"Feature","geometry":{"geodesic":false,"type":"Point","coordinates":[147.07973905141216,-41.23887653298091]},"id":"3174","properties":{"lossyear":22}},{"type":"Feature","geometry":{"geodesic":false,"type":"Point","coordinates":[146.36557840053717,-41.47513345270434]},"id":"3175","properties":{"lossyear":22}},{"type":"Feature","geometry":{"geodesic":false,"type":"Point","coordinates":[145.71699476540283,-41.04753537746345]},"id":"3176","properties":{"lossyear":22}},{"type":"Feature","geometry":{"geodesic":false,"type":"Point","coordinates":[145.91103086677265,-42.62407870109321]},"id":"3177","properties":{"lossyear":22}},{"type":"Feature","geometry":{"geodesic":false,"type":"Point","coordinates":[144.92018910838885,-40.85260096080951]},"id":"3178","properties":{}},{"type":"Feature","geometry":{"geodesic":false,"type":"Point","coordinates":[147.6016602314856,-42.416567870461606]},"id":"3179","properties":{"lossyear":22}},{"type":"Feature","geometry":{"geodesic":false,"type":"Point","coordinates":[145.53912833914717,-41.979986642379515]},"id":"3180","properties":{"lossyear":22}},{"type":"Feature","geometry":{"geodesic":false,"type":"Point","coordinates":[146.0682360414936,-42.14258170880515]},"id":"3181","properties":{"lossyear":22}},{"type":"Feature","geometry":{"geodesic":false,"type":"Point","coordinates":[146.43295204684614,-41.4913031278185]},"id":"3182","properties":{"lossyear":22}},{"type":"Feature","geometry":{"geodesic":false,"type":"Point","coordinates":[147.00068730640965,-41.93956245459414]},"id":"3183","properties":{}},{"type":"Feature","geometry":{"geodesic":false,"type":"Point","coordinates":[145.74124927807406,-41.90183321266112]},"id":"3184","properties":{"lossyear":22}},{"type":"Feature","geometry":{"geodesic":false,"type":"Point","coordinates":[145.68465541517457,-41.07358652070292]},"id":"3185","properties":{"lossyear":22}},{"type":"Feature","geometry":{"geodesic":false,"type":"Point","coordinates":[145.40707599238164,-42.00873273147134]},"id":"3186","properties":{"lossyear":22}},{"type":"Feature","geometry":{"geodesic":false,"type":"Point","coordinates":[146.3574935629801,-41.48321829026142]},"id":"3187","properties":{"lossyear":17}},{"type":"Feature","geometry":{"geodesic":false,"type":"Point","coordinates":[145.8993527680791,-42.633960169218525]},"id":"3188","properties":{"lossyear":22}},{"type":"Feature","geometry":{"geodesic":false,"type":"Point","coordinates":[145.92001401961386,-41.27121588320921]},"id":"3189","properties":{}},{"type":"Feature","geometry":{"geodesic":false,"type":"Point","coordinates":[145.46007659414465,-41.01429771195103]},"id":"3190","properties":{"lossyear":22}},{"type":"Feature","geometry":{"geodesic":false,"type":"Point","coordinates":[146.79946468276688,-43.15857629514433]},"id":"3191","properties":{"lossyear":19}},{"type":"Feature","geometry":{"geodesic":false,"type":"Point","coordinates":[145.96133652268338,-41.321521539119914]},"id":"3192","properties":{"lossyear":22}},{"type":"Feature","geometry":{"geodesic":false,"type":"Point","coordinates":[147.1677739492559,-41.16162141854663]},"id":"3193","properties":{"lossyear":22}},{"type":"Feature","geometry":{"geodesic":false,"type":"Point","coordinates":[145.47714458454294,-40.958602164335616]},"id":"3194","properties":{"lossyear":22}},{"type":"Feature","geometry":{"geodesic":false,"type":"Point","coordinates":[147.76066203677476,-42.04736028868848]},"id":"3195","properties":{"lossyear":22}},{"type":"Feature","geometry":{"geodesic":false,"type":"Point","coordinates":[147.7615603520589,-41.267622622072736]},"id":"3196","properties":{"lossyear":22}},{"type":"Feature","geometry":{"geodesic":false,"type":"Point","coordinates":[145.2849051137414,-41.70869542657542]},"id":"3197","properties":{"lossyear":22}},{"type":"Feature","geometry":{"geodesic":false,"type":"Point","coordinates":[147.87115481672146,-42.05814007209791]},"id":"3198","properties":{}},{"type":"Feature","geometry":{"geodesic":false,"type":"Point","coordinates":[146.920737246123,-42.911539592011465]},"id":"3199","properties":{}},{"type":"Feature","geometry":{"geodesic":false,"type":"Point","coordinates":[146.90277094044063,-43.45232539305141]},"id":"3200","properties":{"lossyear":22}},{"type":"Feature","geometry":{"geodesic":false,"type":"Point","coordinates":[147.69418670574993,-41.29636871116456]},"id":"3201","properties":{"lossyear":5}},{"type":"Feature","geometry":{"geodesic":false,"type":"Point","coordinates":[147.77413676603658,-41.89374837510404]},"id":"3202","properties":{}},{"type":"Feature","geometry":{"geodesic":false,"type":"Point","coordinates":[146.84977033867756,-41.197554029911416]},"id":"3203","properties":{"lossyear":22}},{"type":"Feature","geometry":{"geodesic":false,"type":"Point","coordinates":[147.5729141423938,-42.545026956090695]},"id":"3204","properties":{}},{"type":"Feature","geometry":{"geodesic":false,"type":"Point","coordinates":[145.52026371818067,-41.255944523379185]},"id":"3205","properties":{}},{"type":"Feature","geometry":{"geodesic":false,"type":"Point","coordinates":[146.24520415246513,-41.447285678896634]},"id":"3206","properties":{}},{"type":"Feature","geometry":{"geodesic":false,"type":"Point","coordinates":[146.65573423730774,-42.72199506706224]},"id":"3207","properties":{"lossyear":22}},{"type":"Feature","geometry":{"geodesic":false,"type":"Point","coordinates":[146.89468610288355,-41.088857880532956]},"id":"3208","properties":{"lossyear":22}},{"type":"Feature","geometry":{"geodesic":false,"type":"Point","coordinates":[146.68178538054724,-41.32691143082462]},"id":"3209","properties":{"lossyear":22}},{"type":"Feature","geometry":{"geodesic":false,"type":"Point","coordinates":[147.00338225226199,-41.941359085162375]},"id":"3210","properties":{"lossyear":22}},{"type":"Feature","geometry":{"geodesic":false,"type":"Point","coordinates":[147.6151349607474,-40.958602164335616]},"id":"3211","properties":{"lossyear":22}},{"type":"Feature","geometry":{"geodesic":false,"type":"Point","coordinates":[146.0700326720618,-42.13809013238455]},"id":"3212","properties":{"lossyear":22}},{"type":"Feature","geometry":{"geodesic":false,"type":"Point","coordinates":[144.95342677390124,-40.97746678530213]},"id":"3213","properties":{"lossyear":22}},{"type":"Feature","geometry":{"geodesic":false,"type":"Point","coordinates":[147.39594603142223,-43.22774657202153]},"id":"3214","properties":{"lossyear":22}},{"type":"Feature","geometry":{"geodesic":false,"type":"Point","coordinates":[147.47140451528827,-41.20384223690024]},"id":"3215","properties":{"lossyear":22}},{"type":"Feature","geometry":{"geodesic":false,"type":"Point","coordinates":[146.3215609516153,-41.48950649725026]},"id":"3216","properties":{"lossyear":22}},{"type":"Feature","geometry":{"geodesic":false,"type":"Point","coordinates":[146.36827334638951,-41.47782839855671]},"id":"3217","properties":{"lossyear":22}},{"type":"Feature","geometry":{"geodesic":false,"type":"Point","coordinates":[145.6145868230132,-41.90362984322935]},"id":"3218","properties":{"lossyear":22}},{"type":"Feature","geometry":{"geodesic":false,"type":"Point","coordinates":[146.17333892973556,-43.256492661113356]},"id":"3219","properties":{"lossyear":22}},{"type":"Feature","geometry":{"geodesic":false,"type":"Point","coordinates":[146.19579681183853,-42.1632429603399]},"id":"3220","properties":{"lossyear":22}},{"type":"Feature","geometry":{"geodesic":false,"type":"Point","coordinates":[146.16705072274675,-42.160548014487546]},"id":"3221","properties":{"lossyear":22}},{"type":"Feature","geometry":{"geodesic":false,"type":"Point","coordinates":[147.44625168733296,-41.2200119120144]},"id":"3222","properties":{"lossyear":22}},{"type":"Feature","geometry":{"geodesic":false,"type":"Point","coordinates":[146.57488586173702,-42.153361492214586]},"id":"3223","properties":{}},{"type":"Feature","geometry":{"geodesic":false,"type":"Point","coordinates":[145.2507691329448,-41.73294993924665]},"id":"3224","properties":{"lossyear":22}},{"type":"Feature","geometry":{"geodesic":false,"type":"Point","coordinates":[146.16615240746262,-42.161446329771664]},"id":"3225","properties":{"lossyear":22}},{"type":"Feature","geometry":{"geodesic":false,"type":"Point","coordinates":[145.28760005959373,-40.972975208881536]},"id":"3226","properties":{}},{"type":"Feature","geometry":{"geodesic":false,"type":"Point","coordinates":[146.90726251686124,-42.871115404226074]},"id":"3227","properties":{"lossyear":22}},{"type":"Feature","geometry":{"geodesic":false,"type":"Point","coordinates":[145.81580944665598,-42.871115404226074]},"id":"3228","properties":{"lossyear":22}},{"type":"Feature","geometry":{"geodesic":false,"type":"Point","coordinates":[147.431878642787,-41.23797821769679]},"id":"3229","properties":{}},{"type":"Feature","geometry":{"geodesic":false,"type":"Point","coordinates":[147.784916549446,-41.17240120195606]},"id":"3230","properties":{"lossyear":22}},{"type":"Feature","geometry":{"geodesic":false,"type":"Point","coordinates":[145.15015782112346,-41.02597581064458]},"id":"3231","properties":{"lossyear":22}},{"type":"Feature","geometry":{"geodesic":false,"type":"Point","coordinates":[146.85426191509816,-43.4334607720849]},"id":"3232","properties":{"lossyear":22}},{"type":"Feature","geometry":{"geodesic":false,"type":"Point","coordinates":[146.76892196310683,-41.592812754924]},"id":"3233","properties":{"lossyear":22}},{"type":"Feature","geometry":{"geodesic":false,"type":"Point","coordinates":[147.73640752410353,-42.07880132363266]},"id":"3234","properties":{"lossyear":22}},{"type":"Feature","geometry":{"geodesic":false,"type":"Point","coordinates":[147.40043760784283,-43.231339833158]},"id":"3235","properties":{"lossyear":22}},{"type":"Feature","geometry":{"geodesic":false,"type":"Point","coordinates":[148.0876488001943,-41.675457761063]},"id":"3236","properties":{"lossyear":22}},{"type":"Feature","geometry":{"geodesic":false,"type":"Point","coordinates":[145.56428116710254,-40.93883922808499]},"id":"3237","properties":{}},{"type":"Feature","geometry":{"geodesic":false,"type":"Point","coordinates":[145.7376560169376,-41.90003658209288]},"id":"3238","properties":{"lossyear":22}},{"type":"Feature","geometry":{"geodesic":false,"type":"Point","coordinates":[147.95649476871284,-41.49848965009146]},"id":"3239","properties":{"lossyear":22}},{"type":"Feature","geometry":{"geodesic":false,"type":"Point","coordinates":[147.2611987388043,-41.12299386132949]},"id":"3240","properties":{"lossyear":22}},{"type":"Feature","geometry":{"geodesic":false,"type":"Point","coordinates":[145.1663274962376,-41.91979951834351]},"id":"3241","properties":{"lossyear":22}},{"type":"Feature","geometry":{"geodesic":false,"type":"Point","coordinates":[147.4489466331853,-41.30535186400576]},"id":"3242","properties":{"lossyear":22}},{"type":"Feature","geometry":{"geodesic":false,"type":"Point","coordinates":[146.84168550112048,-42.81631817189479]},"id":"3243","properties":{"lossyear":22}},{"type":"Feature","geometry":{"geodesic":false,"type":"Point","coordinates":[145.96852304495633,-41.311640070994585]},"id":"3244","properties":{"lossyear":22}},{"type":"Feature","geometry":{"geodesic":false,"type":"Point","coordinates":[147.16238405755115,-41.16072310326251]},"id":"3245","properties":{}},{"type":"Feature","geometry":{"geodesic":false,"type":"Point","coordinates":[144.91659584725238,-41.07987472769176]},"id":"3246","properties":{"lossyear":22}},{"type":"Feature","geometry":{"geodesic":false,"type":"Point","coordinates":[148.235870822074,-41.88117196112637]},"id":"3247","properties":{"lossyear":22}},{"type":"Feature","geometry":{"geodesic":false,"type":"Point","coordinates":[146.9935007841367,-42.56658652290956]},"id":"3248","properties":{"lossyear":22}},{"type":"Feature","geometry":{"geodesic":false,"type":"Point","coordinates":[146.4464267761079,-42.10934404329272]},"id":"3249","properties":{"lossyear":22}},{"type":"Feature","geometry":{"geodesic":false,"type":"Point","coordinates":[145.23729440368305,-41.717678579416614]},"id":"3250","properties":{"lossyear":22}},{"type":"Feature","geometry":{"geodesic":false,"type":"Point","coordinates":[146.85426191509816,-41.76888255061142]},"id":"3251","properties":{"lossyear":23}},{"type":"Feature","geometry":{"geodesic":false,"type":"Point","coordinates":[147.16507900340355,-41.13826522115953]},"id":"3252","properties":{"lossyear":22}},{"type":"Feature","geometry":{"geodesic":false,"type":"Point","coordinates":[147.80737443154896,-41.23169001070795]},"id":"3253","properties":{"lossyear":22}},{"type":"Feature","geometry":{"geodesic":false,"type":"Point","coordinates":[147.44625168733296,-41.217316966162045]},"id":"3254","properties":{"lossyear":22}},{"type":"Feature","geometry":{"geodesic":false,"type":"Point","coordinates":[147.7894081258666,-42.095869314030935]},"id":"3255","properties":{"lossyear":21}},{"type":"Feature","geometry":{"geodesic":false,"type":"Point","coordinates":[146.17064398388322,-43.21427184275974]},"id":"3256","properties":{"lossyear":23}},{"type":"Feature","geometry":{"geodesic":false,"type":"Point","coordinates":[145.53733170857896,-41.22809674957148]},"id":"3257","properties":{"lossyear":22}},{"type":"Feature","geometry":{"geodesic":false,"type":"Point","coordinates":[147.24143580255367,-41.12209554604537]},"id":"3258","properties":{}},{"type":"Feature","geometry":{"geodesic":false,"type":"Point","coordinates":[146.5937504827035,-42.93489578939857]},"id":"3259","properties":{"lossyear":22}},{"type":"Feature","geometry":{"geodesic":false,"type":"Point","coordinates":[146.28562834025053,-42.21983682323943]},"id":"3260","properties":{"lossyear":22}},{"type":"Feature","geometry":{"geodesic":false,"type":"Point","coordinates":[146.5102071612804,-41.369132249178236]},"id":"3261","properties":{"lossyear":22}},{"type":"Feature","geometry":{"geodesic":false,"type":"Point","coordinates":[147.23514759556485,-41.11940060019302]},"id":"3262","properties":{}},{"type":"Feature","geometry":{"geodesic":false,"type":"Point","coordinates":[145.2534640787972,-41.73384825453077]},"id":"3263","properties":{"lossyear":22}},{"type":"Feature","geometry":{"geodesic":false,"type":"Point","coordinates":[144.65877936071007,-41.012501081382794]},"id":"3264","properties":{}},{"type":"Feature","geometry":{"geodesic":false,"type":"Point","coordinates":[147.44535337204883,-41.10412924036298]},"id":"3265","properties":{}},{"type":"Feature","geometry":{"geodesic":false,"type":"Point","coordinates":[146.81653267316517,-42.94477725752388]},"id":"3266","properties":{"lossyear":7}},{"type":"Feature","geometry":{"geodesic":false,"type":"Point","coordinates":[145.2588539705019,-41.73833983095136]},"id":"3267","properties":{"lossyear":22}},{"type":"Feature","geometry":{"geodesic":false,"type":"Point","coordinates":[146.98092437015902,-42.56568820762544]},"id":"3268","properties":{"lossyear":22}},{"type":"Feature","geometry":{"geodesic":false,"type":"Point","coordinates":[147.27557178335024,-41.13018038360245]},"id":"3269","properties":{"lossyear":22}},{"type":"Feature","geometry":{"geodesic":false,"type":"Point","coordinates":[145.59662051733085,-41.159824787978394]},"id":"3270","properties":{"lossyear":18}},{"type":"Feature","geometry":{"geodesic":false,"type":"Point","coordinates":[146.42486720928906,-43.30140842531934]},"id":"3271","properties":{"lossyear":22}},{"type":"Feature","geometry":{"geodesic":false,"type":"Point","coordinates":[146.2631704581475,-42.12820866425923]},"id":"3272","properties":{"lossyear":23}},{"type":"Feature","geometry":{"geodesic":false,"type":"Point","coordinates":[147.82803568308373,-41.13377364473892]},"id":"3273","properties":{}},{"type":"Feature","geometry":{"geodesic":false,"type":"Point","coordinates":[146.08979560831244,-41.29097881945984]},"id":"3274","properties":{}},{"type":"Feature","geometry":{"geodesic":false,"type":"Point","coordinates":[147.66274567080575,-40.99633140626864]},"id":"3275","properties":{"lossyear":22}},{"type":"Feature","geometry":{"geodesic":false,"type":"Point","coordinates":[147.7804249730254,-42.088682791757975]},"id":"3276","properties":{"lossyear":22}},{"type":"Feature","geometry":{"geodesic":false,"type":"Point","coordinates":[147.24143580255367,-41.132875329454805]},"id":"3277","properties":{"lossyear":22}},{"type":"Feature","geometry":{"geodesic":false,"type":"Point","coordinates":[145.3927029478357,-41.97190180482244]},"id":"3278","properties":{"lossyear":22}},{"type":"Feature","geometry":{"geodesic":false,"type":"Point","coordinates":[145.1932769547612,-42.21804019267118]},"id":"3279","properties":{"lossyear":22}},{"type":"Feature","geometry":{"geodesic":false,"type":"Point","coordinates":[147.55764278256373,-41.45626883173783]},"id":"3280","properties":{"lossyear":22}},{"type":"Feature","geometry":{"geodesic":false,"type":"Point","coordinates":[146.99439909942083,-43.35620565765062]},"id":"3281","properties":{"lossyear":22}},{"type":"Feature","geometry":{"geodesic":false,"type":"Point","coordinates":[146.93331366010068,-43.366087125775934]},"id":"3282","properties":{"lossyear":23}},{"type":"Feature","geometry":{"geodesic":false,"type":"Point","coordinates":[146.77341353952744,-42.94477725752388]},"id":"3283","properties":{"lossyear":22}},{"type":"Feature","geometry":{"geodesic":false,"type":"Point","coordinates":[147.22975770386012,-41.30804680985811]},"id":"3284","properties":{"lossyear":22}},{"type":"Feature","geometry":{"geodesic":false,"type":"Point","coordinates":[146.1697456685991,-42.153361492214586]},"id":"3285","properties":{"lossyear":22}},{"type":"Feature","geometry":{"geodesic":false,"type":"Point","coordinates":[145.1672258115217,-41.91890120305939]},"id":"3286","properties":{"lossyear":22}},{"type":"Feature","geometry":{"geodesic":false,"type":"Point","coordinates":[145.25795565521776,-41.73025499339428]},"id":"3287","properties":{"lossyear":22}},{"type":"Feature","geometry":{"geodesic":false,"type":"Point","coordinates":[145.26424386220663,-41.72037352526897]},"id":"3288","properties":{}},{"type":"Feature","geometry":{"geodesic":false,"type":"Point","coordinates":[147.8127643232537,-41.0726882054188]},"id":"3289","properties":{"lossyear":22}},{"type":"Feature","geometry":{"geodesic":false,"type":"Point","coordinates":[146.8318040329952,-41.11760396962478]},"id":"3290","properties":{"lossyear":22}},{"type":"Feature","geometry":{"geodesic":false,"type":"Point","coordinates":[145.74753748506294,-41.23797821769679]},"id":"3291","properties":{"lossyear":2}},{"type":"Feature","geometry":{"geodesic":false,"type":"Point","coordinates":[144.8447306245228,-40.85978748308247]},"id":"3292","properties":{}},{"type":"Feature","geometry":{"geodesic":false,"type":"Point","coordinates":[148.04542798184065,-41.1185022849089]},"id":"3293","properties":{"lossyear":22}},{"type":"Feature","geometry":{"geodesic":false,"type":"Point","coordinates":[146.07632087905068,-42.146174969941626]},"id":"3294","properties":{}},{"type":"Feature","geometry":{"geodesic":false,"type":"Point","coordinates":[146.59105553685117,-42.22881997608063]},"id":"3295","properties":{"lossyear":22}},{"type":"Feature","geometry":{"geodesic":false,"type":"Point","coordinates":[146.84707539282522,-41.1876725617861]},"id":"3296","properties":{"lossyear":22}},{"type":"Feature","geometry":{"geodesic":false,"type":"Point","coordinates":[147.90349416694977,-41.313436701562836]},"id":"3297","properties":{"lossyear":22}},{"type":"Feature","geometry":{"geodesic":false,"type":"Point","coordinates":[147.01955192737614,-41.39698002298594]},"id":"3298","properties":{}},{"type":"Feature","geometry":{"geodesic":false,"type":"Point","coordinates":[145.85803026500963,-42.88908170990847]},"id":"3299","properties":{"lossyear":22}},{"type":"Feature","geometry":{"geodesic":false,"type":"Point","coordinates":[146.37995144508307,-43.26098423753395]},"id":"3300","properties":{"lossyear":22}},{"type":"Feature","geometry":{"geodesic":false,"type":"Point","coordinates":[145.59572220204672,-41.40236991469067]},"id":"3301","properties":{"lossyear":22}},{"type":"Feature","geometry":{"geodesic":false,"type":"Point","coordinates":[145.22381967442124,-40.946924065642065]},"id":"3302","properties":{"lossyear":22}},{"type":"Feature","geometry":{"geodesic":false,"type":"Point","coordinates":[146.4140874258796,-42.04915691925672]},"id":"3303","properties":{"lossyear":22}},{"type":"Feature","geometry":{"geodesic":false,"type":"Point","coordinates":[145.8786915165444,-41.237079902412674]},"id":"3304","properties":{"lossyear":22}},{"type":"Feature","geometry":{"geodesic":false,"type":"Point","coordinates":[145.97570956722927,-43.0148458496852]},"id":"3305","properties":{"lossyear":22}},{"type":"Feature","geometry":{"geodesic":false,"type":"Point","coordinates":[148.0831572237737,-41.197554029911416]},"id":"3306","properties":{"lossyear":22}},{"type":"Feature","geometry":{"geodesic":false,"type":"Point","coordinates":[147.16597731868762,-41.0960444028059]},"id":"3307","properties":{"lossyear":22}},{"type":"Feature","geometry":{"geodesic":false,"type":"Point","coordinates":[146.15447430876907,-43.26008592224983]},"id":"3308","properties":{"lossyear":22}},{"type":"Feature","geometry":{"geodesic":false,"type":"Point","coordinates":[147.3950477161381,-43.24391624713569]},"id":"3309","properties":{"lossyear":22}},{"type":"Feature","geometry":{"geodesic":false,"type":"Point","coordinates":[146.92253387669126,-42.83248784700895]},"id":"3310","properties":{"lossyear":22}},{"type":"Feature","geometry":{"geodesic":false,"type":"Point","coordinates":[146.40240932718604,-43.276255597363985]},"id":"3311","properties":{"lossyear":22}},{"type":"Feature","geometry":{"geodesic":false,"type":"Point","coordinates":[145.74574085449467,-41.236181587128556]},"id":"3312","properties":{}},{"type":"Feature","geometry":{"geodesic":false,"type":"Point","coordinates":[146.54793640321344,-42.17132779789698]},"id":"3313","properties":{"lossyear":22}},{"type":"Feature","geometry":{"geodesic":false,"type":"Point","coordinates":[145.5400266544313,-41.22809674957148]},"id":"3314","properties":{}},{"type":"Feature","geometry":{"geodesic":false,"type":"Point","coordinates":[147.87295144728972,-41.91620625720704]},"id":"3315","properties":{"lossyear":22}},{"type":"Feature","geometry":{"geodesic":false,"type":"Point","coordinates":[146.0727276179142,-41.42482779679365]},"id":"3316","properties":{"lossyear":22}},{"type":"Feature","geometry":{"geodesic":false,"type":"Point","coordinates":[147.23155433442838,-41.11490902377241]},"id":"3317","properties":{"lossyear":22}},{"type":"Feature","geometry":{"geodesic":false,"type":"Point","coordinates":[144.90940932497938,-40.79151552148939]},"id":"3318","properties":{"lossyear":22}},{"type":"Feature","geometry":{"geodesic":false,"type":"Point","coordinates":[147.22257118158717,-41.13467196002304]},"id":"3319","properties":{}},{"type":"Feature","geometry":{"geodesic":false,"type":"Point","coordinates":[146.85875349151877,-43.50442767953034]},"id":"3320","properties":{"lossyear":22}},{"type":"Feature","geometry":{"geodesic":false,"type":"Point","coordinates":[145.73046949466465,-41.19485908405906]},"id":"3321","properties":{}},{"type":"Feature","geometry":{"geodesic":false,"type":"Point","coordinates":[146.5551229254864,-41.311640070994585]},"id":"3322","properties":{"lossyear":22}},{"type":"Feature","geometry":{"geodesic":false,"type":"Point","coordinates":[146.05655794280005,-41.48321829026142]},"id":"3323","properties":{"lossyear":22}},{"type":"Feature","geometry":{"geodesic":false,"type":"Point","coordinates":[146.39791775076543,-43.29332358776226]},"id":"3324","properties":{"lossyear":6}},{"type":"Feature","geometry":{"geodesic":false,"type":"Point","coordinates":[146.02960848427642,-41.313436701562836]},"id":"3325","properties":{"lossyear":2}},{"type":"Feature","geometry":{"geodesic":false,"type":"Point","coordinates":[147.73101763239885,-42.069818170791464]},"id":"3326","properties":{"lossyear":22}},{"type":"Feature","geometry":{"geodesic":false,"type":"Point","coordinates":[147.82893399836786,-41.98447821880012]},"id":"3327","properties":{"lossyear":22}},{"type":"Feature","geometry":{"geodesic":false,"type":"Point","coordinates":[147.05548453874093,-42.161446329771664]},"id":"3328","properties":{"lossyear":22}},{"type":"Feature","geometry":{"geodesic":false,"type":"Point","coordinates":[147.71305132671642,-42.96813345491098]},"id":"3329","properties":{"lossyear":22}},{"type":"Feature","geometry":{"geodesic":false,"type":"Point","coordinates":[147.2594021082361,-41.11221407792006]},"id":"3330","properties":{"lossyear":22}},{"type":"Feature","geometry":{"geodesic":false,"type":"Point","coordinates":[147.18394362437004,-41.11940060019302]},"id":"3331","properties":{"lossyear":22}},{"type":"Feature","geometry":{"geodesic":false,"type":"Point","coordinates":[147.1812486785177,-41.121197230761254]},"id":"3332","properties":{"lossyear":22}},{"type":"Feature","geometry":{"geodesic":false,"type":"Point","coordinates":[145.54361991556777,-40.92356786825496]},"id":"3333","properties":{"lossyear":22}},{"type":"Feature","geometry":{"geodesic":false,"type":"Point","coordinates":[146.19220355070206,-41.56765992696866]},"id":"3334","properties":{}},{"type":"Feature","geometry":{"geodesic":false,"type":"Point","coordinates":[145.60650198545613,-41.357454150484685]},"id":"3335","properties":{}},{"type":"Feature","geometry":{"geodesic":false,"type":"Point","coordinates":[145.23729440368305,-42.27193910971836]},"id":"3336","properties":{"lossyear":23}},{"type":"Feature","geometry":{"geodesic":false,"type":"Point","coordinates":[145.94965842398983,-42.84506426098662]},"id":"3337","properties":{"lossyear":23}},{"type":"Feature","geometry":{"geodesic":false,"type":"Point","coordinates":[145.48253447624768,-42.60611239541082]},"id":"3338","properties":{"lossyear":23}},{"type":"Feature","geometry":{"geodesic":false,"type":"Point","coordinates":[145.80143640211008,-42.8675221430896]},"id":"3339","properties":{"lossyear":23}},{"type":"Feature","geometry":{"geodesic":false,"type":"Point","coordinates":[146.43834193855082,-41.274809144345696]},"id":"3340","properties":{"lossyear":23}},{"type":"Feature","geometry":{"geodesic":false,"type":"Point","coordinates":[147.86935818615325,-41.960223706128886]},"id":"3341","properties":{"lossyear":23}},{"type":"Feature","geometry":{"geodesic":false,"type":"Point","coordinates":[147.48847250568656,-41.45537051645371]},"id":"3342","properties":{"lossyear":23}},{"type":"Feature","geometry":{"geodesic":false,"type":"Point","coordinates":[145.46905974698586,-42.60162081899023]},"id":"3343","properties":{"lossyear":23}},{"type":"Feature","geometry":{"geodesic":false,"type":"Point","coordinates":[145.48522942210002,-42.62048543995674]},"id":"3344","properties":{"lossyear":23}},{"type":"Feature","geometry":{"geodesic":false,"type":"Point","coordinates":[145.80952123966716,-43.194508906509114]},"id":"3345","properties":{"lossyear":12}},{"type":"Feature","geometry":{"geodesic":false,"type":"Point","coordinates":[145.49421257494123,-42.59982418842199]},"id":"3346","properties":{}},{"type":"Feature","geometry":{"geodesic":false,"type":"Point","coordinates":[145.00283411452784,-40.811278457740016]},"id":"3347","properties":{}},{"type":"Feature","geometry":{"geodesic":false,"type":"Point","coordinates":[145.4843311068159,-42.61150228711554]},"id":"3348","properties":{"lossyear":23}},{"type":"Feature","geometry":{"geodesic":false,"type":"Point","coordinates":[146.37905312979893,-42.91064127672735]},"id":"3349","properties":{}},{"type":"Feature","geometry":{"geodesic":false,"type":"Point","coordinates":[145.52206034874894,-42.62407870109321]},"id":"3350","properties":{"lossyear":23}},{"type":"Feature","geometry":{"geodesic":false,"type":"Point","coordinates":[145.53014518630602,-41.23887653298091]},"id":"3351","properties":{"lossyear":23}},{"type":"Feature","geometry":{"geodesic":false,"type":"Point","coordinates":[145.80862292438303,-42.865725512521365]},"id":"3352","properties":{"lossyear":23}},{"type":"Feature","geometry":{"geodesic":false,"type":"Point","coordinates":[145.83018249120192,-43.20978026633914]},"id":"3353","properties":{"lossyear":23}},{"type":"Feature","geometry":{"geodesic":false,"type":"Point","coordinates":[145.52745024045362,-42.589942720296676]},"id":"3354","properties":{"lossyear":23}},{"type":"Feature","geometry":{"geodesic":false,"type":"Point","coordinates":[146.84527876225695,-43.5116142018033]},"id":"3355","properties":{"lossyear":23}},{"type":"Feature","geometry":{"geodesic":false,"type":"Point","coordinates":[148.24844723605167,-41.979986642379515]},"id":"3356","properties":{"lossyear":23}},{"type":"Feature","geometry":{"geodesic":false,"type":"Point","coordinates":[146.4787661263362,-43.017540795537556]},"id":"3357","properties":{"lossyear":23}},{"type":"Feature","geometry":{"geodesic":false,"type":"Point","coordinates":[145.97031967552454,-43.01843911082169]},"id":"3358","properties":{"lossyear":23}},{"type":"Feature","geometry":{"geodesic":false,"type":"Point","coordinates":[145.9442685322851,-42.819911433031265]},"id":"3359","properties":{"lossyear":24}},{"type":"Feature","geometry":{"geodesic":false,"type":"Point","coordinates":[145.79874145625774,-42.872912034794325]},"id":"3360","properties":{"lossyear":23}},{"type":"Feature","geometry":{"geodesic":false,"type":"Point","coordinates":[147.6807119764881,-41.14814668928484]},"id":"3361","properties":{"lossyear":23}},{"type":"Feature","geometry":{"geodesic":false,"type":"Point","coordinates":[145.5400266544313,-42.55490842421601]},"id":"3362","properties":{"lossyear":23}},{"type":"Feature","geometry":{"geodesic":false,"type":"Point","coordinates":[145.9442685322851,-42.84506426098662]},"id":"3363","properties":{"lossyear":23}},{"type":"Feature","geometry":{"geodesic":false,"type":"Point","coordinates":[147.53069332404016,-42.84236931513426]},"id":"3364","properties":{}},{"type":"Feature","geometry":{"geodesic":false,"type":"Point","coordinates":[145.57146768937548,-42.56209494648897]},"id":"3365","properties":{"lossyear":23}},{"type":"Feature","geometry":{"geodesic":false,"type":"Point","coordinates":[147.32408080869266,-42.56568820762544]},"id":"3366","properties":{"lossyear":23}},{"type":"Feature","geometry":{"geodesic":false,"type":"Point","coordinates":[146.54613977264518,-41.434709264918965]},"id":"3367","properties":{"lossyear":16}},{"type":"Feature","geometry":{"geodesic":false,"type":"Point","coordinates":[147.73730583938766,-42.06532659437087]},"id":"3368","properties":{}},{"type":"Feature","geometry":{"geodesic":false,"type":"Point","coordinates":[145.60560367017206,-42.58455282859195]},"id":"3369","properties":{"lossyear":23}},{"type":"Feature","geometry":{"geodesic":false,"type":"Point","coordinates":[146.11674506683602,-42.65641805132151]},"id":"3370","properties":{"lossyear":23}},{"type":"Feature","geometry":{"geodesic":false,"type":"Point","coordinates":[146.4742745499156,-43.01664248025344]},"id":"3371","properties":{}},{"type":"Feature","geometry":{"geodesic":false,"type":"Point","coordinates":[145.62356997585442,-41.21372370502556]},"id":"3372","properties":{"lossyear":23}},{"type":"Feature","geometry":{"geodesic":false,"type":"Point","coordinates":[144.876171659467,-41.21821528144616]},"id":"3373","properties":{"lossyear":23}},{"type":"Feature","geometry":{"geodesic":false,"type":"Point","coordinates":[146.21286480223682,-41.600897592481076]},"id":"3374","properties":{"lossyear":23}},{"type":"Feature","geometry":{"geodesic":false,"type":"Point","coordinates":[145.9487601087057,-42.85494572911193]},"id":"3375","properties":{"lossyear":23}},{"type":"Feature","geometry":{"geodesic":false,"type":"Point","coordinates":[145.5103822500554,-42.564789892341324]},"id":"3376","properties":{"lossyear":23}},{"type":"Feature","geometry":{"geodesic":false,"type":"Point","coordinates":[145.4888226832365,-42.589942720296676]},"id":"3377","properties":{"lossyear":23}},{"type":"Feature","geometry":{"geodesic":false,"type":"Point","coordinates":[145.73855433222172,-42.723791697630475]},"id":"3378","properties":{"lossyear":7}},{"type":"Feature","geometry":{"geodesic":false,"type":"Point","coordinates":[145.98469272007048,-42.99777785928693]},"id":"3379","properties":{"lossyear":23}},{"type":"Feature","geometry":{"geodesic":false,"type":"Point","coordinates":[145.73046949466465,-42.73457148103991]},"id":"3380","properties":{"lossyear":23}},{"type":"Feature","geometry":{"geodesic":false,"type":"Point","coordinates":[145.5660777976708,-42.55041684779542]},"id":"3381","properties":{"lossyear":23}},{"type":"Feature","geometry":{"geodesic":false,"type":"Point","coordinates":[146.1320164266661,-42.642045006775604]},"id":"3382","properties":{"lossyear":23}},{"type":"Feature","geometry":{"geodesic":false,"type":"Point","coordinates":[145.60111209375145,-42.571078099330165]},"id":"3383","properties":{"lossyear":23}},{"type":"Feature","geometry":{"geodesic":false,"type":"Point","coordinates":[145.97391293666107,-42.421957762166315]},"id":"3384","properties":{"lossyear":22}},{"type":"Feature","geometry":{"geodesic":false,"type":"Point","coordinates":[147.83701883592494,-41.53621889202448]},"id":"3385","properties":{"lossyear":23}},{"type":"Feature","geometry":{"geodesic":false,"type":"Point","coordinates":[147.49925228909598,-42.91962442956853]},"id":"3386","properties":{"lossyear":23}},{"type":"Feature","geometry":{"geodesic":false,"type":"Point","coordinates":[145.60201040903559,-42.590841035580794]},"id":"3387","properties":{"lossyear":23}},{"type":"Feature","geometry":{"geodesic":false,"type":"Point","coordinates":[145.31365120283317,-42.173124428465215]},"id":"3388","properties":{"lossyear":23}},{"type":"Feature","geometry":{"geodesic":false,"type":"Point","coordinates":[145.94786179342157,-42.85764067496429]},"id":"3389","properties":{"lossyear":23}},{"type":"Feature","geometry":{"geodesic":false,"type":"Point","coordinates":[148.20263315656155,-40.50854620699174]},"id":"3390","properties":{"lossyear":14}},{"type":"Feature","geometry":{"geodesic":false,"type":"Point","coordinates":[145.96672641438806,-42.84506426098662]},"id":"3391","properties":{"lossyear":23}},{"type":"Feature","geometry":{"geodesic":false,"type":"Point","coordinates":[145.5588912753978,-42.571078099330165]},"id":"3392","properties":{"lossyear":23}},{"type":"Feature","geometry":{"geodesic":false,"type":"Point","coordinates":[146.92433050725947,-43.319374731001716]},"id":"3393","properties":{"lossyear":23}},{"type":"Feature","geometry":{"geodesic":false,"type":"Point","coordinates":[146.77161690895917,-42.92142106013678]},"id":"3394","properties":{"lossyear":23}},{"type":"Feature","geometry":{"geodesic":false,"type":"Point","coordinates":[145.51577214176007,-42.60880734126319]},"id":"3395","properties":{"lossyear":23}},{"type":"Feature","geometry":{"geodesic":false,"type":"Point","coordinates":[145.57056937409135,-42.56568820762544]},"id":"3396","properties":{"lossyear":23}},{"type":"Feature","geometry":{"geodesic":false,"type":"Point","coordinates":[146.8102444661763,-42.72469001291459]},"id":"3397","properties":{"lossyear":23}},{"type":"Feature","geometry":{"geodesic":false,"type":"Point","coordinates":[145.4744496386906,-40.96309374075622]},"id":"3398","properties":{"lossyear":23}},{"type":"Feature","geometry":{"geodesic":false,"type":"Point","coordinates":[146.80126131333515,-42.73187653518755]},"id":"3399","properties":{"lossyear":23}},{"type":"Feature","geometry":{"geodesic":false,"type":"Point","coordinates":[146.45990150536971,-42.61329891768378]},"id":"3400","properties":{"lossyear":23}},{"type":"Feature","geometry":{"geodesic":false,"type":"Point","coordinates":[146.60722521196533,-42.506399398873555]},"id":"3401","properties":{}},{"type":"Feature","geometry":{"geodesic":false,"type":"Point","coordinates":[147.85408682632323,-42.064428279086755]},"id":"3402","properties":{"lossyear":23}},{"type":"Feature","geometry":{"geodesic":false,"type":"Point","coordinates":[145.24358261067187,-42.2872104695484]},"id":"3403","properties":{"lossyear":23}},{"type":"Feature","geometry":{"geodesic":false,"type":"Point","coordinates":[146.36018850883244,-43.3553073423665]},"id":"3404","properties":{"lossyear":23}},{"type":"Feature","geometry":{"geodesic":false,"type":"Point","coordinates":[146.0143371244464,-43.31128989344465]},"id":"3405","properties":{"lossyear":23}},{"type":"Feature","geometry":{"geodesic":false,"type":"Point","coordinates":[144.936358783503,-40.696294101372715]},"id":"3406","properties":{"lossyear":23}},{"type":"Feature","geometry":{"geodesic":false,"type":"Point","coordinates":[144.87886660531933,-41.22809674957148]},"id":"3407","properties":{"lossyear":23}},{"type":"Feature","geometry":{"geodesic":false,"type":"Point","coordinates":[144.8078996978739,-41.0035179285416]},"id":"3408","properties":{"lossyear":23}},{"type":"Feature","geometry":{"geodesic":false,"type":"Point","coordinates":[145.85353868858903,-42.85584404439605]},"id":"3409","properties":{"lossyear":23}},{"type":"Feature","geometry":{"geodesic":false,"type":"Point","coordinates":[146.36827334638951,-43.346324189525305]},"id":"3410","properties":{"lossyear":23}},{"type":"Feature","geometry":{"geodesic":false,"type":"Point","coordinates":[145.73585938636938,-41.75900108248611]},"id":"3411","properties":{"lossyear":23}},{"type":"Feature","geometry":{"geodesic":false,"type":"Point","coordinates":[144.92917226123006,-40.70527725421391]},"id":"3412","properties":{"lossyear":23}},{"type":"Feature","geometry":{"geodesic":false,"type":"Point","coordinates":[145.51846708761246,-42.63126522336617]},"id":"3413","properties":{"lossyear":23}},{"type":"Feature","geometry":{"geodesic":false,"type":"Point","coordinates":[145.94247190171683,-42.82799627058834]},"id":"3414","properties":{"lossyear":23}},{"type":"Feature","geometry":{"geodesic":false,"type":"Point","coordinates":[146.61171678838588,-42.50550108358944]},"id":"3415","properties":{"lossyear":23}},{"type":"Feature","geometry":{"geodesic":false,"type":"Point","coordinates":[147.98164759666815,-41.043043801042856]},"id":"3416","properties":{}},{"type":"Feature","geometry":{"geodesic":false,"type":"Point","coordinates":[145.95953989211512,-42.83338616229307]},"id":"3417","properties":{}},{"type":"Feature","geometry":{"geodesic":false,"type":"Point","coordinates":[147.29982629602148,-42.22881997608063]},"id":"3418","properties":{"lossyear":7}},{"type":"Feature","geometry":{"geodesic":false,"type":"Point","coordinates":[146.7590404949815,-42.93220084354621]},"id":"3419","properties":{"lossyear":23}},{"type":"Feature","geometry":{"geodesic":false,"type":"Point","coordinates":[145.793351564553,-41.43560758020308]},"id":"3420","properties":{"lossyear":23}},{"type":"Feature","geometry":{"geodesic":false,"type":"Point","coordinates":[145.97121799080867,-42.85494572911193]},"id":"3421","properties":{"lossyear":23}},{"type":"Feature","geometry":{"geodesic":false,"type":"Point","coordinates":[147.28006335977085,-42.56029831592073]},"id":"3422","properties":{"lossyear":8}},{"type":"Feature","geometry":{"geodesic":false,"type":"Point","coordinates":[147.7633569826271,-41.02148423422399]},"id":"3423","properties":{"lossyear":23}},{"type":"Feature","geometry":{"geodesic":false,"type":"Point","coordinates":[145.82838586063366,-43.19630553707735]},"id":"3424","properties":{"lossyear":23}},{"type":"Feature","geometry":{"geodesic":false,"type":"Point","coordinates":[146.39073122849248,-42.90704801559086]},"id":"3425","properties":{"lossyear":23}},{"type":"Feature","geometry":{"geodesic":false,"type":"Point","coordinates":[145.98199777421814,-42.409381348188646]},"id":"3426","properties":{"lossyear":23}},{"type":"Feature","geometry":{"geodesic":false,"type":"Point","coordinates":[146.9746361631702,-43.22415331088506]},"id":"3427","properties":{"lossyear":23}},{"type":"Feature","geometry":{"geodesic":false,"type":"Point","coordinates":[146.30089970008055,-41.26492767622038]},"id":"3428","properties":{"lossyear":23}},{"type":"Feature","geometry":{"geodesic":false,"type":"Point","coordinates":[146.2847300249664,-43.296018533614614]},"id":"3429","properties":{"lossyear":23}},{"type":"Feature","geometry":{"geodesic":false,"type":"Point","coordinates":[144.84562893980694,-40.833736339843]},"id":"3430","properties":{"lossyear":23}},{"type":"Feature","geometry":{"geodesic":false,"type":"Point","coordinates":[146.8874995806106,-42.86123393610076]},"id":"3431","properties":{"lossyear":23}},{"type":"Feature","geometry":{"geodesic":false,"type":"Point","coordinates":[145.54272160028364,-42.596230927285504]},"id":"3432","properties":{"lossyear":23}},{"type":"Feature","geometry":{"geodesic":false,"type":"Point","coordinates":[145.72867286409644,-41.94046076987826]},"id":"3433","properties":{"lossyear":23}},{"type":"Feature","geometry":{"geodesic":false,"type":"Point","coordinates":[145.51397551119186,-42.57736630631899]},"id":"3434","properties":{"lossyear":23}},{"type":"Feature","geometry":{"geodesic":false,"type":"Point","coordinates":[145.96852304495633,-43.02113405667404]},"id":"3435","properties":{"lossyear":23}},{"type":"Feature","geometry":{"geodesic":false,"type":"Point","coordinates":[147.4228954899458,-41.34667436707525]},"id":"3436","properties":{}},{"type":"Feature","geometry":{"geodesic":false,"type":"Point","coordinates":[147.69688165160227,-41.127485437750096]},"id":"3437","properties":{"lossyear":23}},{"type":"Feature","geometry":{"geodesic":false,"type":"Point","coordinates":[145.56428116710254,-42.58724777444431]},"id":"3438","properties":{"lossyear":23}},{"type":"Feature","geometry":{"geodesic":false,"type":"Point","coordinates":[146.5515296643499,-42.74085968802875]},"id":"3439","properties":{"lossyear":23}},{"type":"Feature","geometry":{"geodesic":false,"type":"Point","coordinates":[148.04542798184065,-41.338589529518174]},"id":"3440","properties":{"lossyear":23}},{"type":"Feature","geometry":{"geodesic":false,"type":"Point","coordinates":[148.19275168843626,-42.08598784590562]},"id":"3441","properties":{}},{"type":"Feature","geometry":{"geodesic":false,"type":"Point","coordinates":[144.91749416253646,-40.65676822887146]},"id":"3442","properties":{"lossyear":23}},{"type":"Feature","geometry":{"geodesic":false,"type":"Point","coordinates":[145.7187913959711,-42.738164742176394]},"id":"3443","properties":{"lossyear":23}},{"type":"Feature","geometry":{"geodesic":false,"type":"Point","coordinates":[146.91714398498652,-42.9133362225797]},"id":"3444","properties":{}},{"type":"Feature","geometry":{"geodesic":false,"type":"Point","coordinates":[144.93007057651414,-40.64778507603026]},"id":"3445","properties":{"lossyear":23}},{"type":"Feature","geometry":{"geodesic":false,"type":"Point","coordinates":[147.3761830951716,-41.24246979411738]},"id":"3446","properties":{"lossyear":23}},{"type":"Feature","geometry":{"geodesic":false,"type":"Point","coordinates":[145.73136780994878,-41.0178909730875]},"id":"3447","properties":{"lossyear":23}},{"type":"Feature","geometry":{"geodesic":false,"type":"Point","coordinates":[145.80233471739422,-43.19810216764559]},"id":"3448","properties":{"lossyear":23}},{"type":"Feature","geometry":{"geodesic":false,"type":"Point","coordinates":[145.80952123966716,-42.853149098543696]},"id":"3449","properties":{"lossyear":22}},{"type":"Feature","geometry":{"geodesic":false,"type":"Point","coordinates":[147.0896205195375,-41.24606305525387]},"id":"3450","properties":{"lossyear":23}},{"type":"Feature","geometry":{"geodesic":false,"type":"Point","coordinates":[148.25563375832462,-42.107547412724486]},"id":"3451","properties":{}},{"type":"Feature","geometry":{"geodesic":false,"type":"Point","coordinates":[145.96942136024046,-42.86662382780548]},"id":"3452","properties":{"lossyear":23}},{"type":"Feature","geometry":{"geodesic":false,"type":"Point","coordinates":[145.1977685311818,-41.46435366929491]},"id":"3453","properties":{"lossyear":23}},{"type":"Feature","geometry":{"geodesic":false,"type":"Point","coordinates":[146.17244061445143,-43.21606847332798]},"id":"3454","properties":{"lossyear":22}},{"type":"Feature","geometry":{"geodesic":false,"type":"Point","coordinates":[147.85408682632323,-42.05364849567732]},"id":"3455","properties":{"lossyear":23}},{"type":"Feature","geometry":{"geodesic":false,"type":"Point","coordinates":[147.65645746381688,-42.730978219903434]},"id":"3456","properties":{"lossyear":23}},{"type":"Feature","geometry":{"geodesic":false,"type":"Point","coordinates":[145.85174205802076,-42.878301926499034]},"id":"3457","properties":{"lossyear":23}},{"type":"Feature","geometry":{"geodesic":false,"type":"Point","coordinates":[147.4507432637535,-41.36643730332588]},"id":"3458","properties":{}},{"type":"Feature","geometry":{"geodesic":false,"type":"Point","coordinates":[146.16705072274675,-42.9133362225797]},"id":"3459","properties":{"lossyear":23}},{"type":"Feature","geometry":{"geodesic":false,"type":"Point","coordinates":[147.0662643221504,-41.13916353644365]},"id":"3460","properties":{"lossyear":23}},{"type":"Feature","geometry":{"geodesic":false,"type":"Point","coordinates":[146.8336006635634,-43.51700409350802]},"id":"3461","properties":{"lossyear":23}},{"type":"Feature","geometry":{"geodesic":false,"type":"Point","coordinates":[147.72922100183058,-41.99615631749367]},"id":"3462","properties":{"lossyear":23}},{"type":"Feature","geometry":{"geodesic":false,"type":"Point","coordinates":[146.7680236478227,-42.945675572808]},"id":"3463","properties":{"lossyear":23}},{"type":"Feature","geometry":{"geodesic":false,"type":"Point","coordinates":[145.57326431994375,-41.191265822922574]},"id":"3464","properties":{"lossyear":23}},{"type":"Feature","geometry":{"geodesic":false,"type":"Point","coordinates":[144.93456215293475,-40.60376762710841]},"id":"3465","properties":{"lossyear":23}},{"type":"Feature","geometry":{"geodesic":false,"type":"Point","coordinates":[145.522958664033,-42.63036690808205]},"id":"3466","properties":{"lossyear":23}},{"type":"Feature","geometry":{"geodesic":false,"type":"Point","coordinates":[147.71754290313703,-41.31613164741519]},"id":"3467","properties":{"lossyear":23}},{"type":"Feature","geometry":{"geodesic":false,"type":"Point","coordinates":[147.67532208478343,-42.80464007320124]},"id":"3468","properties":{}},{"type":"Feature","geometry":{"geodesic":false,"type":"Point","coordinates":[145.60919693130853,-42.58455282859195]},"id":"3469","properties":{"lossyear":23}},{"type":"Feature","geometry":{"geodesic":false,"type":"Point","coordinates":[144.91749416253646,-40.664853066428535]},"id":"3470","properties":{"lossyear":23}},{"type":"Feature","geometry":{"geodesic":false,"type":"Point","coordinates":[146.86504169850758,-43.50622431009859]},"id":"3471","properties":{"lossyear":23}},{"type":"Feature","geometry":{"geodesic":false,"type":"Point","coordinates":[145.57326431994375,-42.56568820762544]},"id":"3472","properties":{"lossyear":23}},{"type":"Feature","geometry":{"geodesic":false,"type":"Point","coordinates":[145.57056937409135,-41.40596317582714]},"id":"3473","properties":{"lossyear":2}},{"type":"Feature","geometry":{"geodesic":false,"type":"Point","coordinates":[146.57129260060054,-41.63144031214114]},"id":"3474","properties":{"lossyear":23}},{"type":"Feature","geometry":{"geodesic":false,"type":"Point","coordinates":[146.1787288214403,-41.294572080596325]},"id":"3475","properties":{"lossyear":23}},{"type":"Feature","geometry":{"geodesic":false,"type":"Point","coordinates":[146.66471739014895,-41.58742286321929]},"id":"3476","properties":{"lossyear":23}},{"type":"Feature","geometry":{"geodesic":false,"type":"Point","coordinates":[145.54092496971543,-41.77786570345262]},"id":"3477","properties":{"lossyear":23}},{"type":"Feature","geometry":{"geodesic":false,"type":"Point","coordinates":[145.53733170857896,-42.607909025979055]},"id":"3478","properties":{"lossyear":23}},{"type":"Feature","geometry":{"geodesic":false,"type":"Point","coordinates":[146.10237202229013,-41.43111600378249]},"id":"3479","properties":{"lossyear":23}},{"type":"Feature","geometry":{"geodesic":false,"type":"Point","coordinates":[146.05026973581118,-43.334646090831754]},"id":"3480","properties":{"lossyear":23}},{"type":"Feature","geometry":{"geodesic":false,"type":"Point","coordinates":[146.38623965207188,-42.90794633087498]},"id":"3481","properties":{"lossyear":23}},{"type":"Feature","geometry":{"geodesic":false,"type":"Point","coordinates":[147.87025650143732,-41.95932539084477]},"id":"3482","properties":{"lossyear":23}},{"type":"Feature","geometry":{"geodesic":false,"type":"Point","coordinates":[146.91983893083892,-43.314883154581125]},"id":"3483","properties":{"lossyear":23}},{"type":"Feature","geometry":{"geodesic":false,"type":"Point","coordinates":[148.26012533474523,-42.09856425988329]},"id":"3484","properties":{}},{"type":"Feature","geometry":{"geodesic":false,"type":"Point","coordinates":[145.16093760453288,-41.04124717047462]},"id":"3485","properties":{"lossyear":23}},{"type":"Feature","geometry":{"geodesic":false,"type":"Point","coordinates":[144.876171659467,-41.198452345195534]},"id":"3486","properties":{"lossyear":23}},{"type":"Feature","geometry":{"geodesic":false,"type":"Point","coordinates":[145.52834855573775,-42.556705054784246]},"id":"3487","properties":{"lossyear":23}},{"type":"Feature","geometry":{"geodesic":false,"type":"Point","coordinates":[145.98738766592282,-42.41117797875688]},"id":"3488","properties":{"lossyear":23}},{"type":"Feature","geometry":{"geodesic":false,"type":"Point","coordinates":[145.68914699159512,-41.012501081382794]},"id":"3489","properties":{"lossyear":23}},{"type":"Feature","geometry":{"geodesic":false,"type":"Point","coordinates":[145.02439368134668,-40.98016173115448]},"id":"3490","properties":{"lossyear":23}},{"type":"Feature","geometry":{"geodesic":false,"type":"Point","coordinates":[147.69688165160227,-41.12928206831833]},"id":"3491","properties":{"lossyear":23}},{"type":"Feature","geometry":{"geodesic":false,"type":"Point","coordinates":[146.51829199883747,-41.306250179289876]},"id":"3492","properties":{"lossyear":23}},{"type":"Feature","geometry":{"geodesic":false,"type":"Point","coordinates":[145.83467406762253,-42.853149098543696]},"id":"3493","properties":{"lossyear":23}},{"type":"Feature","geometry":{"geodesic":false,"type":"Point","coordinates":[147.30791113357856,-42.22522671494414]},"id":"3494","properties":{"lossyear":23}},{"type":"Feature","geometry":{"geodesic":false,"type":"Point","coordinates":[146.91714398498652,-42.86123393610076]},"id":"3495","properties":{}},{"type":"Feature","geometry":{"geodesic":false,"type":"Point","coordinates":[145.63434975926384,-41.241571478833265]},"id":"3496","properties":{"lossyear":24}},{"type":"Feature","geometry":{"geodesic":false,"type":"Point","coordinates":[146.7680236478227,-42.93759073525092]},"id":"3497","properties":{"lossyear":23}},{"type":"Feature","geometry":{"geodesic":false,"type":"Point","coordinates":[145.73496107108525,-41.75900108248611]},"id":"3498","properties":{"lossyear":23}},{"type":"Feature","geometry":{"geodesic":false,"type":"Point","coordinates":[147.40492918426344,-41.1050275556471]},"id":"3499","properties":{}},{"type":"Feature","geometry":{"geodesic":false,"type":"Point","coordinates":[146.4634947665062,-42.35997400756207]},"id":"3500","properties":{"lossyear":24}},{"type":"Feature","geometry":{"geodesic":false,"type":"Point","coordinates":[146.9252288225436,-43.38674837731068]},"id":"3501","properties":{"lossyear":23}},{"type":"Feature","geometry":{"geodesic":false,"type":"Point","coordinates":[147.1677739492559,-42.23510818306946]},"id":"3502","properties":{}},{"type":"Feature","geometry":{"geodesic":false,"type":"Point","coordinates":[147.8217474760949,-41.280199036050405]},"id":"3503","properties":{"lossyear":23}},{"type":"Feature","geometry":{"geodesic":false,"type":"Point","coordinates":[145.59302725619438,-42.571976414614284]},"id":"3504","properties":{"lossyear":23}},{"type":"Feature","geometry":{"geodesic":false,"type":"Point","coordinates":[145.50319572778238,-42.626773646945566]},"id":"3505","properties":{"lossyear":23}},{"type":"Feature","geometry":{"geodesic":false,"type":"Point","coordinates":[146.90097430987237,-41.345776051791134]},"id":"3506","properties":{}},{"type":"Feature","geometry":{"geodesic":false,"type":"Point","coordinates":[145.5256536098854,-42.61150228711554]},"id":"3507","properties":{"lossyear":23}},{"type":"Feature","geometry":{"geodesic":false,"type":"Point","coordinates":[145.83916564404313,-42.87470866536256]},"id":"3508","properties":{"lossyear":23}},{"type":"Feature","geometry":{"geodesic":false,"type":"Point","coordinates":[145.53643339329483,-42.57736630631899]},"id":"3509","properties":{"lossyear":23}},{"type":"Feature","geometry":{"geodesic":false,"type":"Point","coordinates":[145.50589067363478,-42.6186888093885]},"id":"3510","properties":{}},{"type":"Feature","geometry":{"geodesic":false,"type":"Point","coordinates":[144.92647731537767,-40.626225509211395]},"id":"3511","properties":{"lossyear":23}},{"type":"Feature","geometry":{"geodesic":false,"type":"Point","coordinates":[146.5102071612804,-42.47136510279289]},"id":"3512","properties":{"lossyear":23}},{"type":"Feature","geometry":{"geodesic":false,"type":"Point","coordinates":[145.57146768937548,-41.18857087707022]},"id":"3513","properties":{"lossyear":23}},{"type":"Feature","geometry":{"geodesic":false,"type":"Point","coordinates":[147.69957659745467,-41.13916353644365]},"id":"3514","properties":{"lossyear":23}},{"type":"Feature","geometry":{"geodesic":false,"type":"Point","coordinates":[145.52206034874894,-42.615095548252015]},"id":"3515","properties":{"lossyear":23}},{"type":"Feature","geometry":{"geodesic":false,"type":"Point","coordinates":[146.14279621007552,-42.634858484502644]},"id":"3516","properties":{"lossyear":23}},{"type":"Feature","geometry":{"geodesic":false,"type":"Point","coordinates":[145.514873826476,-42.5683831534778]},"id":"3517","properties":{"lossyear":23}},{"type":"Feature","geometry":{"geodesic":false,"type":"Point","coordinates":[145.695435198584,-41.32780974610874]},"id":"3518","properties":{"lossyear":23}},{"type":"Feature","geometry":{"geodesic":false,"type":"Point","coordinates":[145.51756877232833,-42.556705054784246]},"id":"3519","properties":{"lossyear":23}},{"type":"Feature","geometry":{"geodesic":false,"type":"Point","coordinates":[146.02691353842408,-43.29961179475109]},"id":"3520","properties":{"lossyear":23}},{"type":"Feature","geometry":{"geodesic":false,"type":"Point","coordinates":[145.46816143170173,-42.61150228711554]},"id":"3521","properties":{"lossyear":23}},{"type":"Feature","geometry":{"geodesic":false,"type":"Point","coordinates":[147.89001943768795,-43.039998677640554]},"id":"3522","properties":{"lossyear":23}},{"type":"Feature","geometry":{"geodesic":false,"type":"Point","coordinates":[145.57326431994375,-42.571078099330165]},"id":"3523","properties":{"lossyear":23}},{"type":"Feature","geometry":{"geodesic":false,"type":"Point","coordinates":[144.92468068480946,-40.70168399307744]},"id":"3524","properties":{"lossyear":23}},{"type":"Feature","geometry":{"geodesic":false,"type":"Point","coordinates":[145.51756877232833,-42.6186888093885]},"id":"3525","properties":{"lossyear":23}},{"type":"Feature","geometry":{"geodesic":false,"type":"Point","coordinates":[145.07290270668915,-40.94333080450559]},"id":"3526","properties":{"lossyear":23}},{"type":"Feature","geometry":{"geodesic":false,"type":"Point","coordinates":[146.51290210713273,-43.03640541650407]},"id":"3527","properties":{"lossyear":23}},{"type":"Feature","geometry":{"geodesic":false,"type":"Point","coordinates":[145.93887864058036,-42.82979290115658]},"id":"3528","properties":{"lossyear":23}},{"type":"Feature","geometry":{"geodesic":false,"type":"Point","coordinates":[145.48343279153175,-42.59173935086491]},"id":"3529","properties":{"lossyear":23}},{"type":"Feature","geometry":{"geodesic":false,"type":"Point","coordinates":[145.53014518630602,-42.556705054784246]},"id":"3530","properties":{"lossyear":23}},{"type":"Feature","geometry":{"geodesic":false,"type":"Point","coordinates":[145.2354977731148,-42.26654921801364]},"id":"3531","properties":{"lossyear":23}},{"type":"Feature","geometry":{"geodesic":false,"type":"Point","coordinates":[145.7322661252329,-41.76079771305436]},"id":"3532","properties":{"lossyear":23}},{"type":"Feature","geometry":{"geodesic":false,"type":"Point","coordinates":[145.04056335646084,-41.03226401763342]},"id":"3533","properties":{"lossyear":23}},{"type":"Feature","geometry":{"geodesic":false,"type":"Point","coordinates":[146.93241534481655,-42.385126835517426]},"id":"3534","properties":{"lossyear":23}},{"type":"Feature","geometry":{"geodesic":false,"type":"Point","coordinates":[148.24754892076754,-41.98178327294775]},"id":"3535","properties":{"lossyear":23}},{"type":"Feature","geometry":{"geodesic":false,"type":"Point","coordinates":[145.5166704570442,-42.63755343035501]},"id":"3536","properties":{"lossyear":23}},{"type":"Feature","geometry":{"geodesic":false,"type":"Point","coordinates":[145.7232829723917,-41.035857278769896]},"id":"3537","properties":{"lossyear":23}},{"type":"Feature","geometry":{"geodesic":false,"type":"Point","coordinates":[148.17748032860624,-40.84451612325245]},"id":"3538","properties":{"lossyear":23}},{"type":"Feature","geometry":{"geodesic":false,"type":"Point","coordinates":[147.642084419271,-41.191265822922574]},"id":"3539","properties":{"lossyear":23}},{"type":"Feature","geometry":{"geodesic":false,"type":"Point","coordinates":[145.9532516851263,-42.84775920683897]},"id":"3540","properties":{}},{"type":"Feature","geometry":{"geodesic":false,"type":"Point","coordinates":[145.43133050505287,-40.88044873461722]},"id":"3541","properties":{}},{"type":"Feature","geometry":{"geodesic":false,"type":"Point","coordinates":[145.5445182308519,-42.582756198023716]},"id":"3542","properties":{"lossyear":23}},{"type":"Feature","geometry":{"geodesic":false,"type":"Point","coordinates":[145.48163616096355,-42.615095548252015]},"id":"3543","properties":{"lossyear":23}},{"type":"Feature","geometry":{"geodesic":false,"type":"Point","coordinates":[146.11854169740428,-42.660011312457996]},"id":"3544","properties":{"lossyear":23}},{"type":"Feature","geometry":{"geodesic":false,"type":"Point","coordinates":[145.57056937409135,-42.54592527137481]},"id":"3545","properties":{"lossyear":23}},{"type":"Feature","geometry":{"geodesic":false,"type":"Point","coordinates":[147.88013796956267,-41.204740552184376]},"id":"3546","properties":{"lossyear":23}},{"type":"Feature","geometry":{"geodesic":false,"type":"Point","coordinates":[146.37276492281012,-42.90614970030674]},"id":"3547","properties":{}},{"type":"Feature","geometry":{"geodesic":false,"type":"Point","coordinates":[147.8064761162649,-41.914409626638786]},"id":"3548","properties":{}},{"type":"Feature","geometry":{"geodesic":false,"type":"Point","coordinates":[145.522958664033,-42.64563826791208]},"id":"3549","properties":{"lossyear":23}},{"type":"Feature","geometry":{"geodesic":false,"type":"Point","coordinates":[145.507687304203,-42.571078099330165]},"id":"3550","properties":{"lossyear":23}},{"type":"Feature","geometry":{"geodesic":false,"type":"Point","coordinates":[147.05458622345685,-43.2169667886121]},"id":"3551","properties":{"lossyear":23}},{"type":"Feature","geometry":{"geodesic":false,"type":"Point","coordinates":[147.559439413132,-41.51286269463736]},"id":"3552","properties":{"lossyear":23}},{"type":"Feature","geometry":{"geodesic":false,"type":"Point","coordinates":[147.08872220425337,-41.24246979411738]},"id":"3553","properties":{"lossyear":23}},{"type":"Feature","geometry":{"geodesic":false,"type":"Point","coordinates":[145.73406275580112,-42.73277485047167]},"id":"3554","properties":{"lossyear":23}},{"type":"Feature","geometry":{"geodesic":false,"type":"Point","coordinates":[147.64927094154393,-42.730978219903434]},"id":"3555","properties":{}},{"type":"Feature","geometry":{"geodesic":false,"type":"Point","coordinates":[146.04757478995884,-43.32476462270644]},"id":"3556","properties":{"lossyear":23}},{"type":"Feature","geometry":{"geodesic":false,"type":"Point","coordinates":[145.51936540289654,-42.63755343035501]},"id":"3557","properties":{"lossyear":23}},{"type":"Feature","geometry":{"geodesic":false,"type":"Point","coordinates":[146.5057155848598,-43.03550710121995]},"id":"3558","properties":{"lossyear":23}},{"type":"Feature","geometry":{"geodesic":false,"type":"Point","coordinates":[146.54074988094044,-43.02652394837875]},"id":"3559","properties":{"lossyear":23}},{"type":"Feature","geometry":{"geodesic":false,"type":"Point","coordinates":[146.50841053071218,-43.06604982088001]},"id":"3560","properties":{"lossyear":23}},{"type":"Feature","geometry":{"geodesic":false,"type":"Point","coordinates":[145.54541654613604,-42.55850168535248]},"id":"3561","properties":{"lossyear":23}},{"type":"Feature","geometry":{"geodesic":false,"type":"Point","coordinates":[147.50643881136892,-42.486636462622926]},"id":"3562","properties":{"lossyear":23}},{"type":"Feature","geometry":{"geodesic":false,"type":"Point","coordinates":[147.76066203677476,-41.26672430678862]},"id":"3563","properties":{"lossyear":23}},{"type":"Feature","geometry":{"geodesic":false,"type":"Point","coordinates":[144.87527334418286,-41.23079169542383]},"id":"3564","properties":{"lossyear":23}},{"type":"Feature","geometry":{"geodesic":false,"type":"Point","coordinates":[145.49421257494123,-42.571976414614284]},"id":"3565","properties":{"lossyear":23}},{"type":"Feature","geometry":{"geodesic":false,"type":"Point","coordinates":[145.19597190061353,-41.466150299863145]},"id":"3566","properties":{"lossyear":23}},{"type":"Feature","geometry":{"geodesic":false,"type":"Point","coordinates":[145.57865421164843,-42.552213478363655]},"id":"3567","properties":{"lossyear":23}},{"type":"Feature","geometry":{"geodesic":false,"type":"Point","coordinates":[145.60470535488793,-42.56029831592073]},"id":"3568","properties":{"lossyear":23}},{"type":"Feature","geometry":{"geodesic":false,"type":"Point","coordinates":[148.01039368576,-41.467946930431395]},"id":"3569","properties":{"lossyear":16}},{"type":"Feature","geometry":{"geodesic":false,"type":"Point","coordinates":[147.37258983403513,-41.244266424685634]},"id":"3570","properties":{"lossyear":23}},{"type":"Feature","geometry":{"geodesic":false,"type":"Point","coordinates":[145.60201040903559,-42.57556967575076]},"id":"3571","properties":{"lossyear":23}},{"type":"Feature","geometry":{"geodesic":false,"type":"Point","coordinates":[146.5191903141216,-43.028320578947]},"id":"3572","properties":{"lossyear":23}},{"type":"Feature","geometry":{"geodesic":false,"type":"Point","coordinates":[145.51846708761246,-42.58545114387607]},"id":"3573","properties":{"lossyear":23}},{"type":"Feature","geometry":{"geodesic":false,"type":"Point","coordinates":[146.63507298577304,-42.37344873682386]},"id":"3574","properties":{"lossyear":23}},{"type":"Feature","geometry":{"geodesic":false,"type":"Point","coordinates":[146.29281486252347,-41.31613164741519]},"id":"3575","properties":{"lossyear":23}},{"type":"Feature","geometry":{"geodesic":false,"type":"Point","coordinates":[145.94337021700096,-42.84057268456601]},"id":"3576","properties":{"lossyear":23}},{"type":"Feature","geometry":{"geodesic":false,"type":"Point","coordinates":[145.15015782112346,-41.011602766098676]},"id":"3577","properties":{"lossyear":23}},{"type":"Feature","geometry":{"geodesic":false,"type":"Point","coordinates":[145.5256536098854,-42.55401010893189]},"id":"3578","properties":{"lossyear":23}},{"type":"Feature","geometry":{"geodesic":false,"type":"Point","coordinates":[146.11405012098368,-42.679774248708625]},"id":"3579","properties":{"lossyear":23}},{"type":"Feature","geometry":{"geodesic":false,"type":"Point","coordinates":[146.66831065128542,-41.5838296020828]},"id":"3580","properties":{"lossyear":23}},{"type":"Feature","geometry":{"geodesic":false,"type":"Point","coordinates":[146.9979923605573,-42.56748483819368]},"id":"3581","properties":{"lossyear":23}},{"type":"Feature","geometry":{"geodesic":false,"type":"Point","coordinates":[146.76712533253857,-41.596406016060484]},"id":"3582","properties":{"lossyear":23}},{"type":"Feature","geometry":{"geodesic":false,"type":"Point","coordinates":[147.68250860705638,-41.1508416351372]},"id":"3583","properties":{"lossyear":23}},{"type":"Feature","geometry":{"geodesic":false,"type":"Point","coordinates":[145.07649596782562,-40.94512743507383]},"id":"3584","properties":{"lossyear":23}},{"type":"Feature","geometry":{"geodesic":false,"type":"Point","coordinates":[145.73496107108525,-41.76079771305436]},"id":"3585","properties":{"lossyear":23}},{"type":"Feature","geometry":{"geodesic":false,"type":"Point","coordinates":[145.79604651040535,-43.19989879821382]},"id":"3586","properties":{"lossyear":23}},{"type":"Feature","geometry":{"geodesic":false,"type":"Point","coordinates":[147.02224687322854,-42.07341143192795]},"id":"3587","properties":{"lossyear":23}},{"type":"Feature","geometry":{"geodesic":false,"type":"Point","coordinates":[145.66579079420802,-41.51735427105797]},"id":"3588","properties":{}},{"type":"Feature","geometry":{"geodesic":false,"type":"Point","coordinates":[147.7256277406941,-41.95752876027653]},"id":"3589","properties":{}},{"type":"Feature","geometry":{"geodesic":false,"type":"Point","coordinates":[145.8571319497255,-42.88189518763552]},"id":"3590","properties":{"lossyear":23}},{"type":"Feature","geometry":{"geodesic":false,"type":"Point","coordinates":[146.88929621117882,-42.764215885415865]},"id":"3591","properties":{"lossyear":23}},{"type":"Feature","geometry":{"geodesic":false,"type":"Point","coordinates":[145.2274129355577,-42.274634055570715]},"id":"3592","properties":{"lossyear":23}},{"type":"Feature","geometry":{"geodesic":false,"type":"Point","coordinates":[146.3449171490024,-43.33644272139999]},"id":"3593","properties":{"lossyear":23}},{"type":"Feature","geometry":{"geodesic":false,"type":"Point","coordinates":[146.77161690895917,-42.93848905053504]},"id":"3594","properties":{"lossyear":23}},{"type":"Feature","geometry":{"geodesic":false,"type":"Point","coordinates":[145.5993154631832,-42.58545114387607]},"id":"3595","properties":{"lossyear":23}},{"type":"Feature","geometry":{"geodesic":false,"type":"Point","coordinates":[145.82569091478132,-42.871115404226074]},"id":"3596","properties":{"lossyear":23}},{"type":"Feature","geometry":{"geodesic":false,"type":"Point","coordinates":[145.94247190171683,-42.834284477577185]},"id":"3597","properties":{"lossyear":23}},{"type":"Feature","geometry":{"geodesic":false,"type":"Point","coordinates":[146.49852906258684,-43.017540795537556]},"id":"3598","properties":{}},{"type":"Feature","geometry":{"geodesic":false,"type":"Point","coordinates":[145.75023243091528,-41.77247581174791]},"id":"3599","properties":{}},{"type":"Feature","geometry":{"geodesic":false,"type":"Point","coordinates":[144.8025098061692,-41.00082298268924]},"id":"3600","properties":{}},{"type":"Feature","geometry":{"geodesic":false,"type":"Point","coordinates":[147.82084916081078,-41.27930072076629]},"id":"3601","properties":{"lossyear":23}},{"type":"Feature","geometry":{"geodesic":false,"type":"Point","coordinates":[146.15357599348494,-43.252001084692765]},"id":"3602","properties":{}},{"type":"Feature","geometry":{"geodesic":false,"type":"Point","coordinates":[146.6530392914554,-41.38260697844004]},"id":"3603","properties":{"lossyear":24}},{"type":"Feature","geometry":{"geodesic":false,"type":"Point","coordinates":[146.96026311862425,-43.35440902708238]},"id":"3604","properties":{"lossyear":23}},{"type":"Feature","geometry":{"geodesic":false,"type":"Point","coordinates":[147.84959524990262,-42.06622490965499]},"id":"3605","properties":{"lossyear":23}},{"type":"Feature","geometry":{"geodesic":false,"type":"Point","coordinates":[147.95829139928105,-41.80032358555562]},"id":"3606","properties":{"lossyear":23}},{"type":"Feature","geometry":{"geodesic":false,"type":"Point","coordinates":[145.2085483145912,-42.217141877387064]},"id":"3607","properties":{"lossyear":23}},{"type":"Feature","geometry":{"geodesic":false,"type":"Point","coordinates":[146.50751221542805,-43.04089699292467]},"id":"3608","properties":{"lossyear":23}},{"type":"Feature","geometry":{"geodesic":false,"type":"Point","coordinates":[145.48792436795236,-42.58455282859195]},"id":"3609","properties":{"lossyear":23}},{"type":"Feature","geometry":{"geodesic":false,"type":"Point","coordinates":[146.6063268966812,-42.501907822452964]},"id":"3610","properties":{"lossyear":23}},{"type":"Feature","geometry":{"geodesic":false,"type":"Point","coordinates":[145.4295338744846,-41.028670756496936]},"id":"3611","properties":{"lossyear":23}},{"type":"Feature","geometry":{"geodesic":false,"type":"Point","coordinates":[145.53463676272662,-42.58006125217136]},"id":"3612","properties":{"lossyear":23}},{"type":"Feature","geometry":{"geodesic":false,"type":"Point","coordinates":[147.09051883482158,-41.255944523379185]},"id":"3613","properties":{"lossyear":23}},{"type":"Feature","geometry":{"geodesic":false,"type":"Point","coordinates":[147.77593339660478,-41.035857278769896]},"id":"3614","properties":{"lossyear":23}},{"type":"Feature","geometry":{"geodesic":false,"type":"Point","coordinates":[145.8571319497255,-42.86123393610076]},"id":"3615","properties":{"lossyear":23}},{"type":"Feature","geometry":{"geodesic":false,"type":"Point","coordinates":[146.76712533253857,-42.93759073525092]},"id":"3616","properties":{}},{"type":"Feature","geometry":{"geodesic":false,"type":"Point","coordinates":[145.73585938636938,-41.52903236975152]},"id":"3617","properties":{"lossyear":23}},{"type":"Feature","geometry":{"geodesic":false,"type":"Point","coordinates":[145.96672641438806,-42.82979290115658]},"id":"3618","properties":{"lossyear":23}},{"type":"Feature","geometry":{"geodesic":false,"type":"Point","coordinates":[147.62860969000917,-41.221808542582636]},"id":"3619","properties":{"lossyear":23}},{"type":"Feature","geometry":{"geodesic":false,"type":"Point","coordinates":[147.7121530114323,-41.321521539119914]},"id":"3620","properties":{"lossyear":23}},{"type":"Feature","geometry":{"geodesic":false,"type":"Point","coordinates":[148.12807298797964,-41.14096016701188]},"id":"3621","properties":{"lossyear":23}},{"type":"Feature","geometry":{"geodesic":false,"type":"Point","coordinates":[145.4744496386906,-42.603417449558464]},"id":"3622","properties":{"lossyear":23}},{"type":"Feature","geometry":{"geodesic":false,"type":"Point","coordinates":[145.14746287527106,-41.02597581064458]},"id":"3623","properties":{"lossyear":23}},{"type":"Feature","geometry":{"geodesic":false,"type":"Point","coordinates":[145.89216624580615,-41.318826593267545]},"id":"3624","properties":{"lossyear":22}},{"type":"Feature","geometry":{"geodesic":false,"type":"Point","coordinates":[146.78868489935746,-41.504777857080285]},"id":"3625","properties":{}},{"type":"Feature","geometry":{"geodesic":false,"type":"Point","coordinates":[145.93887864058036,-42.814521541326556]},"id":"3626","properties":{"lossyear":19}},{"type":"Feature","geometry":{"geodesic":false,"type":"Point","coordinates":[145.50139909721418,-42.58634945916019]},"id":"3627","properties":{"lossyear":23}},{"type":"Feature","geometry":{"geodesic":false,"type":"Point","coordinates":[145.77179199773417,-42.72469001291459]},"id":"3628","properties":{}},{"type":"Feature","geometry":{"geodesic":false,"type":"Point","coordinates":[145.94965842398983,-42.85584404439605]},"id":"3629","properties":{"lossyear":23}},{"type":"Feature","geometry":{"geodesic":false,"type":"Point","coordinates":[147.5783040340985,-42.397703249495095]},"id":"3630","properties":{"lossyear":13}},{"type":"Feature","geometry":{"geodesic":false,"type":"Point","coordinates":[145.52475529460128,-42.596230927285504]},"id":"3631","properties":{"lossyear":23}},{"type":"Feature","geometry":{"geodesic":false,"type":"Point","coordinates":[146.73748092816265,-41.6431184108347]},"id":"3632","properties":{}},{"type":"Feature","geometry":{"geodesic":false,"type":"Point","coordinates":[145.57056937409135,-42.56119663120485]},"id":"3633","properties":{"lossyear":23}},{"type":"Feature","geometry":{"geodesic":false,"type":"Point","coordinates":[145.63075649812737,-41.20923212860497]},"id":"3634","properties":{}},{"type":"Feature","geometry":{"geodesic":false,"type":"Point","coordinates":[145.47983953039528,-42.58724777444431]},"id":"3635","properties":{"lossyear":23}},{"type":"Feature","geometry":{"geodesic":false,"type":"Point","coordinates":[145.23459945783065,-42.28002394727544]},"id":"3636","properties":{"lossyear":23}},{"type":"Feature","geometry":{"geodesic":false,"type":"Point","coordinates":[145.0279869424832,-40.856194221946]},"id":"3637","properties":{}},{"type":"Feature","geometry":{"geodesic":false,"type":"Point","coordinates":[147.2001132994842,-41.16970625610371]},"id":"3638","properties":{"lossyear":23}},{"type":"Feature","geometry":{"geodesic":false,"type":"Point","coordinates":[146.16884735331496,-42.615095548252015]},"id":"3639","properties":{"lossyear":23}},{"type":"Feature","geometry":{"geodesic":false,"type":"Point","coordinates":[147.0168569815238,-42.06622490965499]},"id":"3640","properties":{"lossyear":23}},{"type":"Feature","geometry":{"geodesic":false,"type":"Point","coordinates":[145.55170475312485,-42.55401010893189]},"id":"3641","properties":{"lossyear":23}},{"type":"Feature","geometry":{"geodesic":false,"type":"Point","coordinates":[146.50751221542805,-43.027422263662885]},"id":"3642","properties":{"lossyear":23}},{"type":"Feature","geometry":{"geodesic":false,"type":"Point","coordinates":[145.97570956722927,-43.00676101212812]},"id":"3643","properties":{"lossyear":23}},{"type":"Feature","geometry":{"geodesic":false,"type":"Point","coordinates":[146.35569693241183,-43.35890060350299]},"id":"3644","properties":{"lossyear":23}},{"type":"Feature","geometry":{"geodesic":false,"type":"Point","coordinates":[146.97283953260194,-43.27895054321634]},"id":"3645","properties":{"lossyear":23}},{"type":"Feature","geometry":{"geodesic":false,"type":"Point","coordinates":[146.28652665553466,-43.29961179475109]},"id":"3646","properties":{"lossyear":23}},{"type":"Feature","geometry":{"geodesic":false,"type":"Point","coordinates":[145.96942136024046,-43.01035427326461]},"id":"3647","properties":{"lossyear":23}},{"type":"Feature","geometry":{"geodesic":false,"type":"Point","coordinates":[147.8549851416073,-42.057241756813795]},"id":"3648","properties":{}},{"type":"Feature","geometry":{"geodesic":false,"type":"Point","coordinates":[146.9467883893625,-42.165937906192255]},"id":"3649","properties":{"lossyear":23}},{"type":"Feature","geometry":{"geodesic":false,"type":"Point","coordinates":[145.567874428239,-42.58455282859195]},"id":"3650","properties":{"lossyear":23}},{"type":"Feature","geometry":{"geodesic":false,"type":"Point","coordinates":[145.507687304203,-42.603417449558464]},"id":"3651","properties":{"lossyear":23}},{"type":"Feature","geometry":{"geodesic":false,"type":"Point","coordinates":[147.81366263853783,-41.94046076987826]},"id":"3652","properties":{"lossyear":23}},{"type":"Feature","geometry":{"geodesic":false,"type":"Point","coordinates":[145.84635216631608,-42.88818339462435]},"id":"3653","properties":{"lossyear":23}},{"type":"Feature","geometry":{"geodesic":false,"type":"Point","coordinates":[148.25114218190402,-42.076106377780306]},"id":"3654","properties":{"lossyear":23}},{"type":"Feature","geometry":{"geodesic":false,"type":"Point","coordinates":[145.71609645011876,-41.77247581174791]},"id":"3655","properties":{"lossyear":23}},{"type":"Feature","geometry":{"geodesic":false,"type":"Point","coordinates":[145.5867390492055,-42.58634945916019]},"id":"3656","properties":{"lossyear":23}},{"type":"Feature","geometry":{"geodesic":false,"type":"Point","coordinates":[147.32318249340858,-42.21804019267118]},"id":"3657","properties":{"lossyear":23}},{"type":"Feature","geometry":{"geodesic":false,"type":"Point","coordinates":[147.15789248113055,-41.140061851727765]},"id":"3658","properties":{"lossyear":23}},{"type":"Feature","geometry":{"geodesic":false,"type":"Point","coordinates":[145.11781847089514,-41.0268741259287]},"id":"3659","properties":{}},{"type":"Feature","geometry":{"geodesic":false,"type":"Point","coordinates":[145.6406379662527,-41.244266424685634]},"id":"3660","properties":{"lossyear":23}},{"type":"Feature","geometry":{"geodesic":false,"type":"Point","coordinates":[147.70316985859114,-41.12658712246598]},"id":"3661","properties":{"lossyear":23}},{"type":"Feature","geometry":{"geodesic":false,"type":"Point","coordinates":[145.23909103425126,-42.286312154264266]},"id":"3662","properties":{"lossyear":23}},{"type":"Feature","geometry":{"geodesic":false,"type":"Point","coordinates":[147.57021919654142,-41.409556436963626]},"id":"3663","properties":{"lossyear":23}},{"type":"Feature","geometry":{"geodesic":false,"type":"Point","coordinates":[147.75617046035416,-41.94225740044649]},"id":"3664","properties":{"lossyear":23}},{"type":"Feature","geometry":{"geodesic":false,"type":"Point","coordinates":[145.8481487968843,-42.86392888195313]},"id":"3665","properties":{"lossyear":23}},{"type":"Feature","geometry":{"geodesic":false,"type":"Point","coordinates":[147.4911674515389,-41.45177725531724]},"id":"3666","properties":{"lossyear":23}},{"type":"Feature","geometry":{"geodesic":false,"type":"Point","coordinates":[145.52834855573775,-42.571078099330165]},"id":"3667","properties":{"lossyear":23}},{"type":"Feature","geometry":{"geodesic":false,"type":"Point","coordinates":[145.7232829723917,-41.02956907178107]},"id":"3668","properties":{"lossyear":23}},{"type":"Feature","geometry":{"geodesic":false,"type":"Point","coordinates":[147.72652605597824,-41.961122021413004]},"id":"3669","properties":{}},{"type":"Feature","geometry":{"geodesic":false,"type":"Point","coordinates":[145.57416263522788,-42.57017978404605]},"id":"3670","properties":{"lossyear":23}},{"type":"Feature","geometry":{"geodesic":false,"type":"Point","coordinates":[145.4654664858494,-42.61329891768378]},"id":"3671","properties":{"lossyear":23}},{"type":"Feature","geometry":{"geodesic":false,"type":"Point","coordinates":[145.84635216631608,-42.87201371951021]},"id":"3672","properties":{"lossyear":23}},{"type":"Feature","geometry":{"geodesic":false,"type":"Point","coordinates":[145.84994542745255,-42.884590133487876]},"id":"3673","properties":{"lossyear":23}},{"type":"Feature","geometry":{"geodesic":false,"type":"Point","coordinates":[145.71968971125523,-42.74085968802875]},"id":"3674","properties":{"lossyear":23}},{"type":"Feature","geometry":{"geodesic":false,"type":"Point","coordinates":[144.79442496861213,-41.00800950496219]},"id":"3675","properties":{"lossyear":23}},{"type":"Feature","geometry":{"geodesic":false,"type":"Point","coordinates":[145.59662051733085,-41.03406064820166]},"id":"3676","properties":{"lossyear":23}},{"type":"Feature","geometry":{"geodesic":false,"type":"Point","coordinates":[146.02062533143527,-43.31218820872877]},"id":"3677","properties":{}},{"type":"Feature","geometry":{"geodesic":false,"type":"Point","coordinates":[145.6100952465926,-42.57736630631899]},"id":"3678","properties":{"lossyear":23}},{"type":"Feature","geometry":{"geodesic":false,"type":"Point","coordinates":[145.8400639593272,-42.86213225138489]},"id":"3679","properties":{"lossyear":23}},{"type":"Feature","geometry":{"geodesic":false,"type":"Point","coordinates":[147.41930222880933,-41.338589529518174]},"id":"3680","properties":{"lossyear":4}},{"type":"Feature","geometry":{"geodesic":false,"type":"Point","coordinates":[148.18736179673152,-42.083292900053266]},"id":"3681","properties":{"lossyear":23}},{"type":"Feature","geometry":{"geodesic":false,"type":"Point","coordinates":[145.49511089022536,-42.590841035580794]},"id":"3682","properties":{"lossyear":23}},{"type":"Feature","geometry":{"geodesic":false,"type":"Point","coordinates":[147.56033772841613,-42.792961974507676]},"id":"3683","properties":{"lossyear":23}},{"type":"Feature","geometry":{"geodesic":false,"type":"Point","coordinates":[145.4888226832365,-42.61329891768378]},"id":"3684","properties":{"lossyear":23}},{"type":"Feature","geometry":{"geodesic":false,"type":"Point","coordinates":[145.48253447624768,-42.61329891768378]},"id":"3685","properties":{"lossyear":23}},{"type":"Feature","geometry":{"geodesic":false,"type":"Point","coordinates":[145.98469272007048,-43.00676101212812]},"id":"3686","properties":{"lossyear":23}},{"type":"Feature","geometry":{"geodesic":false,"type":"Point","coordinates":[145.24088766481952,-40.97567015473389]},"id":"3687","properties":{}},{"type":"Feature","geometry":{"geodesic":false,"type":"Point","coordinates":[147.75886540620655,-41.95034223800357]},"id":"3688","properties":{"lossyear":23}},{"type":"Feature","geometry":{"geodesic":false,"type":"Point","coordinates":[148.2170062011075,-41.972800120106555]},"id":"3689","properties":{"lossyear":23}},{"type":"Feature","geometry":{"geodesic":false,"type":"Point","coordinates":[146.91983893083892,-42.86033562081664]},"id":"3690","properties":{"lossyear":23}},{"type":"Feature","geometry":{"geodesic":false,"type":"Point","coordinates":[147.68161029177224,-42.25307448875185]},"id":"3691","properties":{}},{"type":"Feature","geometry":{"geodesic":false,"type":"Point","coordinates":[145.50499235835065,-42.59173935086491]},"id":"3692","properties":{"lossyear":23}},{"type":"Feature","geometry":{"geodesic":false,"type":"Point","coordinates":[145.83467406762253,-42.86842045837372]},"id":"3693","properties":{"lossyear":23}},{"type":"Feature","geometry":{"geodesic":false,"type":"Point","coordinates":[148.06788586394362,-41.80032358555562]},"id":"3694","properties":{"lossyear":24}},{"type":"Feature","geometry":{"geodesic":false,"type":"Point","coordinates":[146.51739368355334,-42.47675499449761]},"id":"3695","properties":{"lossyear":23}},{"type":"Feature","geometry":{"geodesic":false,"type":"Point","coordinates":[145.60919693130853,-42.590841035580794]},"id":"3696","properties":{"lossyear":23}},{"type":"Feature","geometry":{"geodesic":false,"type":"Point","coordinates":[145.74574085449467,-41.45537051645371]},"id":"3697","properties":{"lossyear":23}},{"type":"Feature","geometry":{"geodesic":false,"type":"Point","coordinates":[145.75562232262,-42.71570686007341]},"id":"3698","properties":{"lossyear":23}},{"type":"Feature","geometry":{"geodesic":false,"type":"Point","coordinates":[145.49870415136184,-42.63216353865029]},"id":"3699","properties":{"lossyear":23}},{"type":"Feature","geometry":{"geodesic":false,"type":"Point","coordinates":[146.2568822511587,-42.79386028979181]},"id":"3700","properties":{"lossyear":23}},{"type":"Feature","geometry":{"geodesic":false,"type":"Point","coordinates":[145.77269031301824,-42.725588328198725]},"id":"3701","properties":{"lossyear":23}},{"type":"Feature","geometry":{"geodesic":false,"type":"Point","coordinates":[146.51380042241686,-43.03640541650407]},"id":"3702","properties":{"lossyear":23}},{"type":"Feature","geometry":{"geodesic":false,"type":"Point","coordinates":[145.75023243091528,-42.73636811160816]},"id":"3703","properties":{"lossyear":23}},{"type":"Feature","geometry":{"geodesic":false,"type":"Point","coordinates":[148.06968249451188,-41.7994252702715]},"id":"3704","properties":{"lossyear":23}},{"type":"Feature","geometry":{"geodesic":false,"type":"Point","coordinates":[145.56068790596606,-42.5594000006366]},"id":"3705","properties":{"lossyear":23}},{"type":"Feature","geometry":{"geodesic":false,"type":"Point","coordinates":[145.83736901347487,-42.85494572911193]},"id":"3706","properties":{"lossyear":23}},{"type":"Feature","geometry":{"geodesic":false,"type":"Point","coordinates":[145.2319045119783,-42.28990541540075]},"id":"3707","properties":{"lossyear":23}},{"type":"Feature","geometry":{"geodesic":false,"type":"Point","coordinates":[145.9316921183074,-42.82799627058834]},"id":"3708","properties":{"lossyear":23}},{"type":"Feature","geometry":{"geodesic":false,"type":"Point","coordinates":[145.54631486142017,-42.57916293688724]},"id":"3709","properties":{"lossyear":23}},{"type":"Feature","geometry":{"geodesic":false,"type":"Point","coordinates":[144.87168008304639,-41.19935066047965]},"id":"3710","properties":{"lossyear":23}},{"type":"Feature","geometry":{"geodesic":false,"type":"Point","coordinates":[145.50948393477125,-42.59802755785374]},"id":"3711","properties":{"lossyear":23}},{"type":"Feature","geometry":{"geodesic":false,"type":"Point","coordinates":[146.91534735441832,-43.31398483929701]},"id":"3712","properties":{"lossyear":14}},{"type":"Feature","geometry":{"geodesic":false,"type":"Point","coordinates":[145.07380102197328,-40.941534173937356]},"id":"3713","properties":{"lossyear":23}},{"type":"Feature","geometry":{"geodesic":false,"type":"Point","coordinates":[144.92198573895706,-40.677429480406204]},"id":"3714","properties":{"lossyear":23}},{"type":"Feature","geometry":{"geodesic":false,"type":"Point","coordinates":[145.15015782112346,-41.02238254950811]},"id":"3715","properties":{}},{"type":"Feature","geometry":{"geodesic":false,"type":"Point","coordinates":[146.11764338212015,-42.63216353865029]},"id":"3716","properties":{"lossyear":23}},{"type":"Feature","geometry":{"geodesic":false,"type":"Point","coordinates":[148.17568369803797,-40.843617807968315]},"id":"3717","properties":{}},{"type":"Feature","geometry":{"geodesic":false,"type":"Point","coordinates":[145.82299596892898,-42.846860891554854]},"id":"3718","properties":{"lossyear":23}},{"type":"Feature","geometry":{"geodesic":false,"type":"Point","coordinates":[148.25293881247228,-41.9790883270954]},"id":"3719","properties":{"lossyear":23}},{"type":"Feature","geometry":{"geodesic":false,"type":"Point","coordinates":[147.60525349262207,-42.46507689580406]},"id":"3720","properties":{"lossyear":23}},{"type":"Feature","geometry":{"geodesic":false,"type":"Point","coordinates":[145.86701341785084,-42.8765052959308]},"id":"3721","properties":{"lossyear":23}},{"type":"Feature","geometry":{"geodesic":false,"type":"Point","coordinates":[145.4843311068159,-42.62407870109321]},"id":"3722","properties":{"lossyear":23}},{"type":"Feature","geometry":{"geodesic":false,"type":"Point","coordinates":[145.96403146853572,-42.8351827928613]},"id":"3723","properties":{}},{"type":"Feature","geometry":{"geodesic":false,"type":"Point","coordinates":[144.92647731537767,-40.62892045506375]},"id":"3724","properties":{"lossyear":23}},{"type":"Feature","geometry":{"geodesic":false,"type":"Point","coordinates":[145.55619632954546,-42.56748483819368]},"id":"3725","properties":{"lossyear":23}},{"type":"Feature","geometry":{"geodesic":false,"type":"Point","coordinates":[147.32318249340858,-41.14365511286424]},"id":"3726","properties":{"lossyear":23}},{"type":"Feature","geometry":{"geodesic":false,"type":"Point","coordinates":[146.30000138479642,-41.42662442736189]},"id":"3727","properties":{"lossyear":23}},{"type":"Feature","geometry":{"geodesic":false,"type":"Point","coordinates":[146.85785517623464,-43.43256245680078]},"id":"3728","properties":{"lossyear":23}},{"type":"Feature","geometry":{"geodesic":false,"type":"Point","coordinates":[147.71754290313703,-41.321521539119914]},"id":"3729","properties":{"lossyear":23}},{"type":"Feature","geometry":{"geodesic":false,"type":"Point","coordinates":[145.60021377846732,-41.90003658209288]},"id":"3730","properties":{"lossyear":23}},{"type":"Feature","geometry":{"geodesic":false,"type":"Point","coordinates":[145.5382300238631,-41.789543802146184]},"id":"3731","properties":{"lossyear":23}},{"type":"Feature","geometry":{"geodesic":false,"type":"Point","coordinates":[145.4996024666459,-42.614197232967896]},"id":"3732","properties":{"lossyear":23}},{"type":"Feature","geometry":{"geodesic":false,"type":"Point","coordinates":[146.91534735441832,-43.31308652401289]},"id":"3733","properties":{}},{"type":"Feature","geometry":{"geodesic":false,"type":"Point","coordinates":[145.52655192516954,-42.564789892341324]},"id":"3734","properties":{"lossyear":23}},{"type":"Feature","geometry":{"geodesic":false,"type":"Point","coordinates":[145.21034494515942,-42.21354861625059]},"id":"3735","properties":{"lossyear":23}},{"type":"Feature","geometry":{"geodesic":false,"type":"Point","coordinates":[145.55978959068193,-42.544128640806576]},"id":"3736","properties":{"lossyear":23}},{"type":"Feature","geometry":{"geodesic":false,"type":"Point","coordinates":[145.48702605266828,-42.59353598143315]},"id":"3737","properties":{"lossyear":23}},{"type":"Feature","geometry":{"geodesic":false,"type":"Point","coordinates":[146.11584675155194,-42.65821468188976]},"id":"3738","properties":{"lossyear":23}},{"type":"Feature","geometry":{"geodesic":false,"type":"Point","coordinates":[146.16345746161028,-42.61599386353613]},"id":"3739","properties":{"lossyear":23}},{"type":"Feature","geometry":{"geodesic":false,"type":"Point","coordinates":[146.92433050725947,-42.84326763041838]},"id":"3740","properties":{"lossyear":23}},{"type":"Feature","geometry":{"geodesic":false,"type":"Point","coordinates":[145.81131787023543,-43.19720385236147]},"id":"3741","properties":{"lossyear":23}},{"type":"Feature","geometry":{"geodesic":false,"type":"Point","coordinates":[145.60290872431966,-42.58724777444431]},"id":"3742","properties":{"lossyear":23}},{"type":"Feature","geometry":{"geodesic":false,"type":"Point","coordinates":[146.73119272117378,-43.083117811278285]},"id":"3743","properties":{"lossyear":23}},{"type":"Feature","geometry":{"geodesic":false,"type":"Point","coordinates":[145.9442685322851,-41.35386088934821]},"id":"3744","properties":{}},{"type":"Feature","geometry":{"geodesic":false,"type":"Point","coordinates":[147.63489789699804,-41.222706857866754]},"id":"3745","properties":{"lossyear":23}},{"type":"Feature","geometry":{"geodesic":false,"type":"Point","coordinates":[146.0826090860395,-41.48321829026142]},"id":"3746","properties":{"lossyear":23}},{"type":"Feature","geometry":{"geodesic":false,"type":"Point","coordinates":[145.24537924124013,-42.29080373068487]},"id":"3747","properties":{"lossyear":23}},{"type":"Feature","geometry":{"geodesic":false,"type":"Point","coordinates":[145.55260306840898,-42.552213478363655]},"id":"3748","properties":{"lossyear":23}},{"type":"Feature","geometry":{"geodesic":false,"type":"Point","coordinates":[147.49296408210716,-42.480348255634084]},"id":"3749","properties":{"lossyear":16}},{"type":"Feature","geometry":{"geodesic":false,"type":"Point","coordinates":[147.28545325147553,-42.56209494648897]},"id":"3750","properties":{}},{"type":"Feature","geometry":{"geodesic":false,"type":"Point","coordinates":[147.05368790817272,-42.720198436494]},"id":"3751","properties":{"lossyear":23}},{"type":"Feature","geometry":{"geodesic":false,"type":"Point","coordinates":[147.19292677721126,-41.11221407792006]},"id":"3752","properties":{"lossyear":23}},{"type":"Feature","geometry":{"geodesic":false,"type":"Point","coordinates":[147.68250860705638,-41.14904500456896]},"id":"3753","properties":{"lossyear":23}},{"type":"Feature","geometry":{"geodesic":false,"type":"Point","coordinates":[147.73281426296705,-42.00424115505075]},"id":"3754","properties":{"lossyear":23}},{"type":"Feature","geometry":{"geodesic":false,"type":"Point","coordinates":[146.15806756990554,-41.30445354872164]},"id":"3755","properties":{"lossyear":23}},{"type":"Feature","geometry":{"geodesic":false,"type":"Point","coordinates":[145.96403146853572,-41.313436701562836]},"id":"3756","properties":{"lossyear":23}},{"type":"Feature","geometry":{"geodesic":false,"type":"Point","coordinates":[145.5660777976708,-42.56748483819368]},"id":"3757","properties":{"lossyear":23}},{"type":"Feature","geometry":{"geodesic":false,"type":"Point","coordinates":[145.83108080648606,-42.87381035007844]},"id":"3758","properties":{"lossyear":23}},{"type":"Feature","geometry":{"geodesic":false,"type":"Point","coordinates":[148.11459825871788,-41.06190842200937]},"id":"3759","properties":{"lossyear":23}},{"type":"Feature","geometry":{"geodesic":false,"type":"Point","coordinates":[147.1039935640834,-41.25145294695858]},"id":"3760","properties":{"lossyear":23}},{"type":"Feature","geometry":{"geodesic":false,"type":"Point","coordinates":[144.9462402516283,-40.653174967734984]},"id":"3761","properties":{"lossyear":23}},{"type":"Feature","geometry":{"geodesic":false,"type":"Point","coordinates":[144.94983351276477,-41.011602766098676]},"id":"3762","properties":{"lossyear":24}},{"type":"Feature","geometry":{"geodesic":false,"type":"Point","coordinates":[146.40779921889077,-42.8998614933179]},"id":"3763","properties":{"lossyear":23}},{"type":"Feature","geometry":{"geodesic":false,"type":"Point","coordinates":[146.14728778649612,-42.642045006775604]},"id":"3764","properties":{"lossyear":23}},{"type":"Feature","geometry":{"geodesic":false,"type":"Point","coordinates":[145.24178598010366,-42.29170204596899]},"id":"3765","properties":{"lossyear":23}},{"type":"Feature","geometry":{"geodesic":false,"type":"Point","coordinates":[147.63759284285038,-40.94422911978971]},"id":"3766","properties":{"lossyear":23}},{"type":"Feature","geometry":{"geodesic":false,"type":"Point","coordinates":[145.76460547546117,-41.184079300649614]},"id":"3767","properties":{}},{"type":"Feature","geometry":{"geodesic":false,"type":"Point","coordinates":[145.5759592657961,-41.190367507638456]},"id":"3768","properties":{"lossyear":23}},{"type":"Feature","geometry":{"geodesic":false,"type":"Point","coordinates":[144.92827394594593,-40.64958170659851]},"id":"3769","properties":{"lossyear":23}},{"type":"Feature","geometry":{"geodesic":false,"type":"Point","coordinates":[145.56428116710254,-42.58455282859195]},"id":"3770","properties":{"lossyear":23}},{"type":"Feature","geometry":{"geodesic":false,"type":"Point","coordinates":[146.1652540921785,-42.64384163734384]},"id":"3771","properties":{}},{"type":"Feature","geometry":{"geodesic":false,"type":"Point","coordinates":[145.50499235835065,-42.582756198023716]},"id":"3772","properties":{}},{"type":"Feature","geometry":{"geodesic":false,"type":"Point","coordinates":[145.57056937409135,-42.5728747298984]},"id":"3773","properties":{"lossyear":23}},{"type":"Feature","geometry":{"geodesic":false,"type":"Point","coordinates":[146.1787288214403,-41.75720445191787]},"id":"3774","properties":{"lossyear":12}},{"type":"Feature","geometry":{"geodesic":false,"type":"Point","coordinates":[148.16400559934442,-41.13467196002304]},"id":"3775","properties":{"lossyear":23}},{"type":"Feature","geometry":{"geodesic":false,"type":"Point","coordinates":[145.5894339950579,-42.58634945916019]},"id":"3776","properties":{"lossyear":23}},{"type":"Feature","geometry":{"geodesic":false,"type":"Point","coordinates":[147.07075589857095,-41.13826522115953]},"id":"3777","properties":{}},{"type":"Feature","geometry":{"geodesic":false,"type":"Point","coordinates":[145.9936758729117,-43.31308652401289]},"id":"3778","properties":{"lossyear":23}},{"type":"Feature","geometry":{"geodesic":false,"type":"Point","coordinates":[145.81580944665598,-43.2079836357709]},"id":"3779","properties":{"lossyear":23}},{"type":"Feature","geometry":{"geodesic":false,"type":"Point","coordinates":[146.79497310634628,-42.73277485047167]},"id":"3780","properties":{}},{"type":"Feature","geometry":{"geodesic":false,"type":"Point","coordinates":[146.91534735441832,-43.31667978514936]},"id":"3781","properties":{"lossyear":23}},{"type":"Feature","geometry":{"geodesic":false,"type":"Point","coordinates":[145.72687623352817,-42.73367316575579]},"id":"3782","properties":{"lossyear":7}},{"type":"Feature","geometry":{"geodesic":false,"type":"Point","coordinates":[147.50913375722132,-42.48843309319116]},"id":"3783","properties":{"lossyear":7}},{"type":"Feature","geometry":{"geodesic":false,"type":"Point","coordinates":[147.60884675375854,-42.474060048645256]},"id":"3784","properties":{}},{"type":"Feature","geometry":{"geodesic":false,"type":"Point","coordinates":[146.45630824423324,-42.3339228643226]},"id":"3785","properties":{"lossyear":23}},{"type":"Feature","geometry":{"geodesic":false,"type":"Point","coordinates":[147.98434254252055,-41.105925870931216]},"id":"3786","properties":{"lossyear":23}},{"type":"Feature","geometry":{"geodesic":false,"type":"Point","coordinates":[144.92557900009353,-40.599276050687806]},"id":"3787","properties":{"lossyear":23}},{"type":"Feature","geometry":{"geodesic":false,"type":"Point","coordinates":[147.3195892322721,-41.52903236975152]},"id":"3788","properties":{}},{"type":"Feature","geometry":{"geodesic":false,"type":"Point","coordinates":[146.5290717822469,-43.03550710121995]},"id":"3789","properties":{"lossyear":23}},{"type":"Feature","geometry":{"geodesic":false,"type":"Point","coordinates":[145.48702605266828,-42.615095548252015]},"id":"3790","properties":{"lossyear":23}},{"type":"Feature","geometry":{"geodesic":false,"type":"Point","coordinates":[146.49673243201858,-43.027422263662885]},"id":"3791","properties":{}},{"type":"Feature","geometry":{"geodesic":false,"type":"Point","coordinates":[146.99619572998904,-42.56928146876193]},"id":"3792","properties":{"lossyear":23}},{"type":"Feature","geometry":{"geodesic":false,"type":"Point","coordinates":[146.91983893083892,-43.29422190304638]},"id":"3793","properties":{"lossyear":23}},{"type":"Feature","geometry":{"geodesic":false,"type":"Point","coordinates":[145.82838586063366,-42.86662382780548]},"id":"3794","properties":{"lossyear":23}},{"type":"Feature","geometry":{"geodesic":false,"type":"Point","coordinates":[145.650519434378,-41.20024897576377]},"id":"3795","properties":{"lossyear":23}},{"type":"Feature","geometry":{"geodesic":false,"type":"Point","coordinates":[148.01219031632826,-41.46525198457903]},"id":"3796","properties":{"lossyear":23}},{"type":"Feature","geometry":{"geodesic":false,"type":"Point","coordinates":[146.9872125771479,-41.36014909633704]},"id":"3797","properties":{"lossyear":23}},{"type":"Feature","geometry":{"geodesic":false,"type":"Point","coordinates":[144.94085035992362,-40.657666544155575]},"id":"3798","properties":{"lossyear":23}},{"type":"Feature","geometry":{"geodesic":false,"type":"Point","coordinates":[146.15627093933728,-42.64563826791208]},"id":"3799","properties":{"lossyear":23}},{"type":"Feature","geometry":{"geodesic":false,"type":"Point","coordinates":[146.6745988582743,-42.822606378883634]},"id":"3800","properties":{}},{"type":"Feature","geometry":{"geodesic":false,"type":"Point","coordinates":[147.6600507249534,-42.725588328198725]},"id":"3801","properties":{}},{"type":"Feature","geometry":{"geodesic":false,"type":"Point","coordinates":[148.2448539749152,-41.98088495766363]},"id":"3802","properties":{"lossyear":23}},{"type":"Feature","geometry":{"geodesic":false,"type":"Point","coordinates":[146.26676371928403,-42.80284344263299]},"id":"3803","properties":{"lossyear":23}},{"type":"Feature","geometry":{"geodesic":false,"type":"Point","coordinates":[145.82389428421305,-42.87470866536256]},"id":"3804","properties":{"lossyear":23}},{"type":"Feature","geometry":{"geodesic":false,"type":"Point","coordinates":[145.74843580034707,-41.953935499140044]},"id":"3805","properties":{}},{"type":"Feature","geometry":{"geodesic":false,"type":"Point","coordinates":[146.1697456685991,-42.91782779900029]},"id":"3806","properties":{"lossyear":23}},{"type":"Feature","geometry":{"geodesic":false,"type":"Point","coordinates":[145.94247190171683,-42.84865752212309]},"id":"3807","properties":{"lossyear":23}},{"type":"Feature","geometry":{"geodesic":false,"type":"Point","coordinates":[145.76909705188177,-42.725588328198725]},"id":"3808","properties":{}},{"type":"Feature","geometry":{"geodesic":false,"type":"Point","coordinates":[144.9507318280489,-40.68910757909977]},"id":"3809","properties":{"lossyear":23}},{"type":"Feature","geometry":{"geodesic":false,"type":"Point","coordinates":[147.02673844964914,-41.58742286321929]},"id":"3810","properties":{"lossyear":23}},{"type":"Feature","geometry":{"geodesic":false,"type":"Point","coordinates":[147.27377515278198,-42.56119663120485]},"id":"3811","properties":{"lossyear":23}},{"type":"Feature","geometry":{"geodesic":false,"type":"Point","coordinates":[145.56068790596606,-41.33948784480229]},"id":"3812","properties":{"lossyear":2}},{"type":"Feature","geometry":{"geodesic":false,"type":"Point","coordinates":[146.12033832797255,-41.282893981902774]},"id":"3813","properties":{"lossyear":23}},{"type":"Feature","geometry":{"geodesic":false,"type":"Point","coordinates":[145.2256163049895,-42.27283742500248]},"id":"3814","properties":{"lossyear":23}},{"type":"Feature","geometry":{"geodesic":false,"type":"Point","coordinates":[146.0448798441065,-43.32476462270644]},"id":"3815","properties":{"lossyear":23}},{"type":"Feature","geometry":{"geodesic":false,"type":"Point","coordinates":[145.5759592657961,-42.556705054784246]},"id":"3816","properties":{"lossyear":23}},{"type":"Feature","geometry":{"geodesic":false,"type":"Point","coordinates":[145.46456817056526,-42.62318038580909]},"id":"3817","properties":{"lossyear":23}},{"type":"Feature","geometry":{"geodesic":false,"type":"Point","coordinates":[145.74933411563114,-41.76439097419083]},"id":"3818","properties":{"lossyear":23}},{"type":"Feature","geometry":{"geodesic":false,"type":"Point","coordinates":[145.52745024045362,-42.58634945916019]},"id":"3819","properties":{"lossyear":23}},{"type":"Feature","geometry":{"geodesic":false,"type":"Point","coordinates":[145.54361991556777,-42.58095956745548]},"id":"3820","properties":{"lossyear":23}},{"type":"Feature","geometry":{"geodesic":false,"type":"Point","coordinates":[146.36917166167365,-42.909742961443214]},"id":"3821","properties":{"lossyear":23}},{"type":"Feature","geometry":{"geodesic":false,"type":"Point","coordinates":[145.97031967552454,-42.865725512521365]},"id":"3822","properties":{"lossyear":23}},{"type":"Feature","geometry":{"geodesic":false,"type":"Point","coordinates":[144.92378236952533,-40.652276652450865]},"id":"3823","properties":{"lossyear":23}},{"type":"Feature","geometry":{"geodesic":false,"type":"Point","coordinates":[147.9322402560416,-41.449082309464885]},"id":"3824","properties":{"lossyear":23}},{"type":"Feature","geometry":{"geodesic":false,"type":"Point","coordinates":[146.4787661263362,-42.64294332205972]},"id":"3825","properties":{"lossyear":23}},{"type":"Feature","geometry":{"geodesic":false,"type":"Point","coordinates":[146.13291474195017,-41.26223273036801]},"id":"3826","properties":{"lossyear":23}},{"type":"Feature","geometry":{"geodesic":false,"type":"Point","coordinates":[146.61171678838588,-42.50999266001003]},"id":"3827","properties":{"lossyear":23}},{"type":"Feature","geometry":{"geodesic":false,"type":"Point","coordinates":[148.0786656473531,-41.801221900839735]},"id":"3828","properties":{"lossyear":23}},{"type":"Feature","geometry":{"geodesic":false,"type":"Point","coordinates":[146.14010126422318,-42.63575679978676]},"id":"3829","properties":{"lossyear":23}},{"type":"Feature","geometry":{"geodesic":false,"type":"Point","coordinates":[147.642084419271,-42.4210594468822]},"id":"3830","properties":{"lossyear":23}},{"type":"Feature","geometry":{"geodesic":false,"type":"Point","coordinates":[144.9273756306618,-40.703480623645675]},"id":"3831","properties":{"lossyear":23}},{"type":"Feature","geometry":{"geodesic":false,"type":"Point","coordinates":[146.9467883893625,-43.319374731001716]},"id":"3832","properties":{"lossyear":23}},{"type":"Feature","geometry":{"geodesic":false,"type":"Point","coordinates":[146.17064398388322,-41.1741978325243]},"id":"3833","properties":{"lossyear":23}},{"type":"Feature","geometry":{"geodesic":false,"type":"Point","coordinates":[145.5400266544313,-42.58724777444431]},"id":"3834","properties":{"lossyear":23}},{"type":"Feature","geometry":{"geodesic":false,"type":"Point","coordinates":[145.83736901347487,-42.86392888195313]},"id":"3835","properties":{"lossyear":23}},{"type":"Feature","geometry":{"geodesic":false,"type":"Point","coordinates":[147.30791113357856,-41.11670565434065]},"id":"3836","properties":{"lossyear":6}},{"type":"Feature","geometry":{"geodesic":false,"type":"Point","coordinates":[147.8783413389944,-41.19935066047965]},"id":"3837","properties":{"lossyear":23}},{"type":"Feature","geometry":{"geodesic":false,"type":"Point","coordinates":[146.23352605377158,-41.19485908405906]},"id":"3838","properties":{"lossyear":23}},{"type":"Feature","geometry":{"geodesic":false,"type":"Point","coordinates":[147.68430523762459,-41.14814668928484]},"id":"3839","properties":{"lossyear":14}},{"type":"Feature","geometry":{"geodesic":false,"type":"Point","coordinates":[145.24088766481952,-42.2737357402866]},"id":"3840","properties":{"lossyear":23}},{"type":"Feature","geometry":{"geodesic":false,"type":"Point","coordinates":[147.30521618772616,-42.2279216607965]},"id":"3841","properties":{"lossyear":7}},{"type":"Feature","geometry":{"geodesic":false,"type":"Point","coordinates":[145.6082986160244,-42.576467991034875]},"id":"3842","properties":{"lossyear":23}},{"type":"Feature","geometry":{"geodesic":false,"type":"Point","coordinates":[147.4821842986977,-41.108620816783585]},"id":"3843","properties":{"lossyear":23}},{"type":"Feature","geometry":{"geodesic":false,"type":"Point","coordinates":[146.11674506683602,-41.275707459629814]},"id":"3844","properties":{"lossyear":23}},{"type":"Feature","geometry":{"geodesic":false,"type":"Point","coordinates":[145.8292841759178,-41.21462202030969]},"id":"3845","properties":{"lossyear":23}},{"type":"Feature","geometry":{"geodesic":false,"type":"Point","coordinates":[145.9487601087057,-42.83608110814542]},"id":"3846","properties":{"lossyear":23}},{"type":"Feature","geometry":{"geodesic":false,"type":"Point","coordinates":[145.12859825430456,-40.83283802455888]},"id":"3847","properties":{}},{"type":"Feature","geometry":{"geodesic":false,"type":"Point","coordinates":[147.06536600686627,-43.1621695562808]},"id":"3848","properties":{}},{"type":"Feature","geometry":{"geodesic":false,"type":"Point","coordinates":[146.18142376729264,-41.29547039588044]},"id":"3849","properties":{"lossyear":23}},{"type":"Feature","geometry":{"geodesic":false,"type":"Point","coordinates":[144.92917226123006,-40.62892045506375]},"id":"3850","properties":{"lossyear":23}},{"type":"Feature","geometry":{"geodesic":false,"type":"Point","coordinates":[146.36198513940064,-43.358002288218856]},"id":"3851","properties":{"lossyear":23}},{"type":"Feature","geometry":{"geodesic":false,"type":"Point","coordinates":[145.6145868230132,-41.17329951724018]},"id":"3852","properties":{"lossyear":23}},{"type":"Feature","geometry":{"geodesic":false,"type":"Point","coordinates":[145.5103822500554,-42.58455282859195]},"id":"3853","properties":{"lossyear":23}},{"type":"Feature","geometry":{"geodesic":false,"type":"Point","coordinates":[145.84096227461134,-43.19630553707735]},"id":"3854","properties":{"lossyear":23}},{"type":"Feature","geometry":{"geodesic":false,"type":"Point","coordinates":[145.50948393477125,-42.58455282859195]},"id":"3855","properties":{"lossyear":23}},{"type":"Feature","geometry":{"geodesic":false,"type":"Point","coordinates":[147.54596468387018,-41.4131496981001]},"id":"3856","properties":{"lossyear":23}},{"type":"Feature","geometry":{"geodesic":false,"type":"Point","coordinates":[145.89575950694262,-41.32062322383578]},"id":"3857","properties":{"lossyear":23}},{"type":"Feature","geometry":{"geodesic":false,"type":"Point","coordinates":[147.05009464703625,-43.194508906509114]},"id":"3858","properties":{"lossyear":23}},{"type":"Feature","geometry":{"geodesic":false,"type":"Point","coordinates":[147.12465481561816,-42.699537184959254]},"id":"3859","properties":{"lossyear":23}},{"type":"Feature","geometry":{"geodesic":false,"type":"Point","coordinates":[146.7635320714021,-42.94387894223976]},"id":"3860","properties":{}},{"type":"Feature","geometry":{"geodesic":false,"type":"Point","coordinates":[147.7193395337053,-41.321521539119914]},"id":"3861","properties":{"lossyear":23}},{"type":"Feature","geometry":{"geodesic":false,"type":"Point","coordinates":[145.62177334528621,-41.21462202030969]},"id":"3862","properties":{}},{"type":"Feature","geometry":{"geodesic":false,"type":"Point","coordinates":[145.80143640211008,-42.88009855706727]},"id":"3863","properties":{"lossyear":22}},{"type":"Feature","geometry":{"geodesic":false,"type":"Point","coordinates":[146.8318040329952,-42.83787773871366]},"id":"3864","properties":{"lossyear":23}},{"type":"Feature","geometry":{"geodesic":false,"type":"Point","coordinates":[146.101473707006,-41.43291263435073]},"id":"3865","properties":{"lossyear":23}},{"type":"Feature","geometry":{"geodesic":false,"type":"Point","coordinates":[145.53912833914717,-41.18857087707022]},"id":"3866","properties":{"lossyear":23}},{"type":"Feature","geometry":{"geodesic":false,"type":"Point","coordinates":[145.50858561948712,-42.61329891768378]},"id":"3867","properties":{"lossyear":23}},{"type":"Feature","geometry":{"geodesic":false,"type":"Point","coordinates":[145.54631486142017,-42.557603370068364]},"id":"3868","properties":{}},{"type":"Feature","geometry":{"geodesic":false,"type":"Point","coordinates":[145.6783672081857,-41.14635005871661]},"id":"3869","properties":{"lossyear":23}},{"type":"Feature","geometry":{"geodesic":false,"type":"Point","coordinates":[146.28652665553466,-41.37092887974649]},"id":"3870","properties":{}},{"type":"Feature","geometry":{"geodesic":false,"type":"Point","coordinates":[145.63434975926384,-41.14904500456896]},"id":"3871","properties":{}},{"type":"Feature","geometry":{"geodesic":false,"type":"Point","coordinates":[146.73119272117378,-41.30535186400576]},"id":"3872","properties":{}},{"type":"Feature","geometry":{"geodesic":false,"type":"Point","coordinates":[148.23407419150578,-41.97639338124304]},"id":"3873","properties":{"lossyear":23}},{"type":"Feature","geometry":{"geodesic":false,"type":"Point","coordinates":[145.47534795397473,-40.961297110187985]},"id":"3874","properties":{"lossyear":23}},{"type":"Feature","geometry":{"geodesic":false,"type":"Point","coordinates":[147.43547190392349,-41.228995064855596]},"id":"3875","properties":{"lossyear":23}},{"type":"Feature","geometry":{"geodesic":false,"type":"Point","coordinates":[146.44373183025556,-41.42482779679365]},"id":"3876","properties":{"lossyear":23}},{"type":"Feature","geometry":{"geodesic":false,"type":"Point","coordinates":[145.97481125194514,-42.845962576270736]},"id":"3877","properties":{}},{"type":"Feature","geometry":{"geodesic":false,"type":"Point","coordinates":[145.84455553574782,-42.86033562081664]},"id":"3878","properties":{"lossyear":23}},{"type":"Feature","geometry":{"geodesic":false,"type":"Point","coordinates":[147.4345735886394,-41.22809674957148]},"id":"3879","properties":{"lossyear":23}},{"type":"Feature","geometry":{"geodesic":false,"type":"Point","coordinates":[146.92163556140713,-43.114558846222465]},"id":"3880","properties":{"lossyear":24}},{"type":"Feature","geometry":{"geodesic":false,"type":"Point","coordinates":[145.6100952465926,-41.16790962553547]},"id":"3881","properties":{"lossyear":23}},{"type":"Feature","geometry":{"geodesic":false,"type":"Point","coordinates":[147.30970776414676,-42.22253176909179]},"id":"3882","properties":{}},{"type":"Feature","geometry":{"geodesic":false,"type":"Point","coordinates":[145.86252184143024,-42.8765052959308]},"id":"3883","properties":{"lossyear":23}},{"type":"Feature","geometry":{"geodesic":false,"type":"Point","coordinates":[145.56877274352314,-42.54592527137481]},"id":"3884","properties":{"lossyear":23}},{"type":"Feature","geometry":{"geodesic":false,"type":"Point","coordinates":[145.52745024045362,-42.544128640806576]},"id":"3885","properties":{"lossyear":23}},{"type":"Feature","geometry":{"geodesic":false,"type":"Point","coordinates":[146.6763954888425,-42.822606378883634]},"id":"3886","properties":{}},{"type":"Feature","geometry":{"geodesic":false,"type":"Point","coordinates":[145.99277755762756,-41.14365511286424]},"id":"3887","properties":{"lossyear":23}},{"type":"Feature","geometry":{"geodesic":false,"type":"Point","coordinates":[146.9234321919754,-43.31578146986524]},"id":"3888","properties":{"lossyear":14}},{"type":"Feature","geometry":{"geodesic":false,"type":"Point","coordinates":[145.89845445279502,-41.31613164741519]},"id":"3889","properties":{"lossyear":23}},{"type":"Feature","geometry":{"geodesic":false,"type":"Point","coordinates":[145.733164440517,-41.94405403101473]},"id":"3890","properties":{}},{"type":"Feature","geometry":{"geodesic":false,"type":"Point","coordinates":[145.82658923006545,-42.86931877365784]},"id":"3891","properties":{"lossyear":23}},{"type":"Feature","geometry":{"geodesic":false,"type":"Point","coordinates":[145.514873826476,-42.6186888093885]},"id":"3892","properties":{"lossyear":23}},{"type":"Feature","geometry":{"geodesic":false,"type":"Point","coordinates":[147.97535938967934,-41.04124717047462]},"id":"3893","properties":{"lossyear":23}},{"type":"Feature","geometry":{"geodesic":false,"type":"Point","coordinates":[147.0402131789109,-42.18210758130641]},"id":"3894","properties":{"lossyear":23}},{"type":"Feature","geometry":{"geodesic":false,"type":"Point","coordinates":[145.6172817688656,-41.07178989013468]},"id":"3895","properties":{}},{"type":"Feature","geometry":{"geodesic":false,"type":"Point","coordinates":[145.53284013215836,-42.56299326177309]},"id":"3896","properties":{"lossyear":19}},{"type":"Feature","geometry":{"geodesic":false,"type":"Point","coordinates":[145.73406275580112,-41.759899397770226]},"id":"3897","properties":{"lossyear":23}},{"type":"Feature","geometry":{"geodesic":false,"type":"Point","coordinates":[145.02619031191495,-40.93344933638028]},"id":"3898","properties":{"lossyear":23}},{"type":"Feature","geometry":{"geodesic":false,"type":"Point","coordinates":[146.29640812365994,-43.327459568558794]},"id":"3899","properties":{}},{"type":"Feature","geometry":{"geodesic":false,"type":"Point","coordinates":[148.0741740709325,-41.80032358555562]},"id":"3900","properties":{"lossyear":23}},{"type":"Feature","geometry":{"geodesic":false,"type":"Point","coordinates":[145.22471798970537,-42.28541383898015]},"id":"3901","properties":{"lossyear":23}},{"type":"Feature","geometry":{"geodesic":false,"type":"Point","coordinates":[146.10686359871073,-41.43381094963485]},"id":"3902","properties":{"lossyear":23}},{"type":"Feature","geometry":{"geodesic":false,"type":"Point","coordinates":[145.48522942210002,-42.61240060239966]},"id":"3903","properties":{"lossyear":23}},{"type":"Feature","geometry":{"geodesic":false,"type":"Point","coordinates":[145.5022974124983,-42.59443429671727]},"id":"3904","properties":{"lossyear":23}},{"type":"Feature","geometry":{"geodesic":false,"type":"Point","coordinates":[145.94337021700096,-42.834284477577185]},"id":"3905","properties":{"lossyear":23}},{"type":"Feature","geometry":{"geodesic":false,"type":"Point","coordinates":[145.60111209375145,-42.583654513307835]},"id":"3906","properties":{"lossyear":23}},{"type":"Feature","geometry":{"geodesic":false,"type":"Point","coordinates":[146.80305794390335,-43.160372925712565]},"id":"3907","properties":{"lossyear":23}},{"type":"Feature","geometry":{"geodesic":false,"type":"Point","coordinates":[144.93456215293475,-40.695395786088596]},"id":"3908","properties":{"lossyear":23}},{"type":"Feature","geometry":{"geodesic":false,"type":"Point","coordinates":[145.27143038447957,-40.93704259751675]},"id":"3909","properties":{}},{"type":"Feature","geometry":{"geodesic":false,"type":"Point","coordinates":[146.93331366010068,-43.38674837731068]},"id":"3910","properties":{"lossyear":23}},{"type":"Feature","geometry":{"geodesic":false,"type":"Point","coordinates":[145.57056937409135,-42.56658652290956]},"id":"3911","properties":{"lossyear":23}},{"type":"Feature","geometry":{"geodesic":false,"type":"Point","coordinates":[145.3145495181173,-40.88044873461722]},"id":"3912","properties":{"lossyear":23}},{"type":"Feature","geometry":{"geodesic":false,"type":"Point","coordinates":[147.75167888393355,-41.94405403101473]},"id":"3913","properties":{"lossyear":23}},{"type":"Feature","geometry":{"geodesic":false,"type":"Point","coordinates":[145.52026371818067,-42.63665511507088]},"id":"3914","properties":{"lossyear":23}},{"type":"Feature","geometry":{"geodesic":false,"type":"Point","coordinates":[145.52745024045362,-42.57736630631899]},"id":"3915","properties":{"lossyear":23}},{"type":"Feature","geometry":{"geodesic":false,"type":"Point","coordinates":[145.85803026500963,-42.877403611214916]},"id":"3916","properties":{"lossyear":23}},{"type":"Feature","geometry":{"geodesic":false,"type":"Point","coordinates":[145.47085637755413,-42.596230927285504]},"id":"3917","properties":{"lossyear":23}},{"type":"Feature","geometry":{"geodesic":false,"type":"Point","coordinates":[145.5445182308519,-42.55580673950013]},"id":"3918","properties":{"lossyear":23}},{"type":"Feature","geometry":{"geodesic":false,"type":"Point","coordinates":[146.20298333411154,-42.16414127562402]},"id":"3919","properties":{}},{"type":"Feature","geometry":{"geodesic":false,"type":"Point","coordinates":[145.46995806227,-42.60880734126319]},"id":"3920","properties":{"lossyear":23}},{"type":"Feature","geometry":{"geodesic":false,"type":"Point","coordinates":[145.22920956612597,-42.27643068613895]},"id":"3921","properties":{"lossyear":23}},{"type":"Feature","geometry":{"geodesic":false,"type":"Point","coordinates":[147.84690030405022,-42.05185186510907]},"id":"3922","properties":{"lossyear":23}},{"type":"Feature","geometry":{"geodesic":false,"type":"Point","coordinates":[145.84635216631608,-42.85674235968017]},"id":"3923","properties":{"lossyear":23}},{"type":"Feature","geometry":{"geodesic":false,"type":"Point","coordinates":[146.45271498309677,-41.42482779679365]},"id":"3924","properties":{"lossyear":23}},{"type":"Feature","geometry":{"geodesic":false,"type":"Point","coordinates":[145.93708201001215,-42.84057268456601]},"id":"3925","properties":{"lossyear":23}},{"type":"Feature","geometry":{"geodesic":false,"type":"Point","coordinates":[146.91714398498652,-43.3642904952077]},"id":"3926","properties":{"lossyear":23}},{"type":"Feature","geometry":{"geodesic":false,"type":"Point","coordinates":[145.81401281608777,-42.85584404439605]},"id":"3927","properties":{"lossyear":23}},{"type":"Feature","geometry":{"geodesic":false,"type":"Point","coordinates":[145.50858561948712,-42.626773646945566]},"id":"3928","properties":{}},{"type":"Feature","geometry":{"geodesic":false,"type":"Point","coordinates":[145.2354977731148,-42.2737357402866]},"id":"3929","properties":{"lossyear":23}},{"type":"Feature","geometry":{"geodesic":false,"type":"Point","coordinates":[146.12033832797255,-42.63306185393441]},"id":"3930","properties":{"lossyear":23}},{"type":"Feature","geometry":{"geodesic":false,"type":"Point","coordinates":[146.80126131333515,-42.73277485047167]},"id":"3931","properties":{"lossyear":23}},{"type":"Feature","geometry":{"geodesic":false,"type":"Point","coordinates":[145.49241594437296,-42.609705656547305]},"id":"3932","properties":{"lossyear":23}},{"type":"Feature","geometry":{"geodesic":false,"type":"Point","coordinates":[147.9421217241669,-41.11131576263594]},"id":"3933","properties":{}},{"type":"Feature","geometry":{"geodesic":false,"type":"Point","coordinates":[144.99025770055016,-40.98734825342744]},"id":"3934","properties":{"lossyear":23}},{"type":"Feature","geometry":{"geodesic":false,"type":"Point","coordinates":[146.84527876225695,-43.513410832371534]},"id":"3935","properties":{"lossyear":22}},{"type":"Feature","geometry":{"geodesic":false,"type":"Point","coordinates":[145.74753748506294,-41.762594343622595]},"id":"3936","properties":{"lossyear":23}},{"type":"Feature","geometry":{"geodesic":false,"type":"Point","coordinates":[145.53733170857896,-42.582756198023716]},"id":"3937","properties":{"lossyear":23}},{"type":"Feature","geometry":{"geodesic":false,"type":"Point","coordinates":[147.00607719811438,-42.56748483819368]},"id":"3938","properties":{"lossyear":23}},{"type":"Feature","geometry":{"geodesic":false,"type":"Point","coordinates":[146.39162954377662,-42.908844646159096]},"id":"3939","properties":{"lossyear":23}},{"type":"Feature","geometry":{"geodesic":false,"type":"Point","coordinates":[145.57146768937548,-42.545026956090695]},"id":"3940","properties":{"lossyear":23}},{"type":"Feature","geometry":{"geodesic":false,"type":"Point","coordinates":[145.03876672589263,-41.03226401763342]},"id":"3941","properties":{"lossyear":23}},{"type":"Feature","geometry":{"geodesic":false,"type":"Point","coordinates":[147.47140451528827,-40.99183982984805]},"id":"3942","properties":{"lossyear":23}},{"type":"Feature","geometry":{"geodesic":false,"type":"Point","coordinates":[147.92685036433687,-41.02507749536046]},"id":"3943","properties":{"lossyear":23}},{"type":"Feature","geometry":{"geodesic":false,"type":"Point","coordinates":[147.72383111012584,-41.994359686925435]},"id":"3944","properties":{"lossyear":23}},{"type":"Feature","geometry":{"geodesic":false,"type":"Point","coordinates":[147.33306396153387,-42.94208231167153]},"id":"3945","properties":{"lossyear":23}},{"type":"Feature","geometry":{"geodesic":false,"type":"Point","coordinates":[147.51542196421013,-42.39321167307449]},"id":"3946","properties":{}},{"type":"Feature","geometry":{"geodesic":false,"type":"Point","coordinates":[145.96942136024046,-43.013049219116965]},"id":"3947","properties":{}},{"type":"Feature","geometry":{"geodesic":false,"type":"Point","coordinates":[145.52745024045362,-42.583654513307835]},"id":"3948","properties":{"lossyear":23}},{"type":"Feature","geometry":{"geodesic":false,"type":"Point","coordinates":[146.0170320702988,-43.30679831702405]},"id":"3949","properties":{"lossyear":23}},{"type":"Feature","geometry":{"geodesic":false,"type":"Point","coordinates":[147.27647009863432,-42.56568820762544]},"id":"3950","properties":{"lossyear":5}},{"type":"Feature","geometry":{"geodesic":false,"type":"Point","coordinates":[145.31365120283317,-40.882245365185454]},"id":"3951","properties":{"lossyear":23}},{"type":"Feature","geometry":{"geodesic":false,"type":"Point","coordinates":[145.95415000041044,-42.86033562081664]},"id":"3952","properties":{"lossyear":23}},{"type":"Feature","geometry":{"geodesic":false,"type":"Point","coordinates":[145.23100619669418,-42.26744753329777]},"id":"3953","properties":{"lossyear":23}},{"type":"Feature","geometry":{"geodesic":false,"type":"Point","coordinates":[145.53284013215836,-42.59353598143315]},"id":"3954","properties":{"lossyear":23}},{"type":"Feature","geometry":{"geodesic":false,"type":"Point","coordinates":[147.49745565852777,-41.453573885885476]},"id":"3955","properties":{"lossyear":23}},{"type":"Feature","geometry":{"geodesic":false,"type":"Point","coordinates":[145.9083359209203,-42.63755343035501]},"id":"3956","properties":{"lossyear":22}},{"type":"Feature","geometry":{"geodesic":false,"type":"Point","coordinates":[145.7376560169376,-41.52903236975152]},"id":"3957","properties":{"lossyear":23}},{"type":"Feature","geometry":{"geodesic":false,"type":"Point","coordinates":[145.83108080648606,-42.851352467975445]},"id":"3958","properties":{"lossyear":23}},{"type":"Feature","geometry":{"geodesic":false,"type":"Point","coordinates":[146.73029440588965,-43.0840161265624]},"id":"3959","properties":{"lossyear":23}},{"type":"Feature","geometry":{"geodesic":false,"type":"Point","coordinates":[146.5290717822469,-41.34128447537054]},"id":"3960","properties":{"lossyear":23}},{"type":"Feature","geometry":{"geodesic":false,"type":"Point","coordinates":[145.84096227461134,-43.21247521219149]},"id":"3961","properties":{"lossyear":23}},{"type":"Feature","geometry":{"geodesic":false,"type":"Point","coordinates":[147.69418670574993,-41.14096016701188]},"id":"3962","properties":{}},{"type":"Feature","geometry":{"geodesic":false,"type":"Point","coordinates":[148.22688766923278,-41.40506486054302]},"id":"3963","properties":{"lossyear":23}},{"type":"Feature","geometry":{"geodesic":false,"type":"Point","coordinates":[145.47804289982707,-42.595332612001386]},"id":"3964","properties":{"lossyear":23}},{"type":"Feature","geometry":{"geodesic":false,"type":"Point","coordinates":[145.96133652268338,-42.83697942342954]},"id":"3965","properties":{"lossyear":23}},{"type":"Feature","geometry":{"geodesic":false,"type":"Point","coordinates":[145.7322661252329,-41.77337412703203]},"id":"3966","properties":{"lossyear":23}},{"type":"Feature","geometry":{"geodesic":false,"type":"Point","coordinates":[145.2354977731148,-42.28361720841191]},"id":"3967","properties":{"lossyear":23}},{"type":"Feature","geometry":{"geodesic":false,"type":"Point","coordinates":[147.27916504448672,-42.556705054784246]},"id":"3968","properties":{"lossyear":23}},{"type":"Feature","geometry":{"geodesic":false,"type":"Point","coordinates":[146.1149484362678,-42.63216353865029]},"id":"3969","properties":{"lossyear":23}},{"type":"Feature","geometry":{"geodesic":false,"type":"Point","coordinates":[146.13021979609783,-42.64473995262796]},"id":"3970","properties":{"lossyear":23}},{"type":"Feature","geometry":{"geodesic":false,"type":"Point","coordinates":[145.5121788806236,-42.621383755240856]},"id":"3971","properties":{"lossyear":23}},{"type":"Feature","geometry":{"geodesic":false,"type":"Point","coordinates":[145.53014518630602,-41.23438495656032]},"id":"3972","properties":{"lossyear":23}},{"type":"Feature","geometry":{"geodesic":false,"type":"Point","coordinates":[144.93905372935535,-40.68820926381565]},"id":"3973","properties":{}},{"type":"Feature","geometry":{"geodesic":false,"type":"Point","coordinates":[145.84186058989548,-42.85674235968017]},"id":"3974","properties":{"lossyear":23}},{"type":"Feature","geometry":{"geodesic":false,"type":"Point","coordinates":[145.23010788141005,-42.281820577843675]},"id":"3975","properties":{"lossyear":23}},{"type":"Feature","geometry":{"geodesic":false,"type":"Point","coordinates":[146.4886475944615,-43.025625633094634]},"id":"3976","properties":{}},{"type":"Feature","geometry":{"geodesic":false,"type":"Point","coordinates":[145.2354977731148,-42.2782273167072]},"id":"3977","properties":{"lossyear":23}},{"type":"Feature","geometry":{"geodesic":false,"type":"Point","coordinates":[145.96133652268338,-42.870217088941956]},"id":"3978","properties":{"lossyear":23}},{"type":"Feature","geometry":{"geodesic":false,"type":"Point","coordinates":[147.21089308289362,-41.1652146796831]},"id":"3979","properties":{"lossyear":23}},{"type":"Feature","geometry":{"geodesic":false,"type":"Point","coordinates":[145.68196046932218,-41.370030564462354]},"id":"3980","properties":{"lossyear":23}},{"type":"Feature","geometry":{"geodesic":false,"type":"Point","coordinates":[146.62159825651122,-42.7749956688253]},"id":"3981","properties":{"lossyear":23}},{"type":"Feature","geometry":{"geodesic":false,"type":"Point","coordinates":[147.25221558596314,-41.14635005871661]},"id":"3982","properties":{"lossyear":23}},{"type":"Feature","geometry":{"geodesic":false,"type":"Point","coordinates":[148.0786656473531,-41.7994252702715]},"id":"3983","properties":{"lossyear":23}},{"type":"Feature","geometry":{"geodesic":false,"type":"Point","coordinates":[145.9397769558645,-41.37452214088296]},"id":"3984","properties":{"lossyear":23}},{"type":"Feature","geometry":{"geodesic":false,"type":"Point","coordinates":[147.33126733096566,-42.22253176909179]},"id":"3985","properties":{"lossyear":23}},{"type":"Feature","geometry":{"geodesic":false,"type":"Point","coordinates":[145.56967105880727,-42.5728747298984]},"id":"3986","properties":{"lossyear":23}},{"type":"Feature","geometry":{"geodesic":false,"type":"Point","coordinates":[146.0358966912653,-43.32027304628585]},"id":"3987","properties":{}},{"type":"Feature","geometry":{"geodesic":false,"type":"Point","coordinates":[145.59302725619438,-42.56928146876193]},"id":"3988","properties":{"lossyear":23}},{"type":"Feature","geometry":{"geodesic":false,"type":"Point","coordinates":[145.73585938636938,-42.7291815893352]},"id":"3989","properties":{"lossyear":23}},{"type":"Feature","geometry":{"geodesic":false,"type":"Point","coordinates":[145.48522942210002,-42.61599386353613]},"id":"3990","properties":{"lossyear":23}},{"type":"Feature","geometry":{"geodesic":false,"type":"Point","coordinates":[146.44103688440322,-41.27301251377746]},"id":"3991","properties":{"lossyear":23}},{"type":"Feature","geometry":{"geodesic":false,"type":"Point","coordinates":[145.5804508422167,-42.54772190194305]},"id":"3992","properties":{"lossyear":23}},{"type":"Feature","geometry":{"geodesic":false,"type":"Point","coordinates":[144.92468068480946,-40.71246377648687]},"id":"3993","properties":{"lossyear":16}},{"type":"Feature","geometry":{"geodesic":false,"type":"Point","coordinates":[144.87347671361465,-41.0960444028059]},"id":"3994","properties":{"lossyear":22}},{"type":"Feature","geometry":{"geodesic":false,"type":"Point","coordinates":[145.95684494626278,-42.43183923029163]},"id":"3995","properties":{"lossyear":23}},{"type":"Feature","geometry":{"geodesic":false,"type":"Point","coordinates":[146.93061871424834,-42.84506426098662]},"id":"3996","properties":{"lossyear":24}},{"type":"Feature","geometry":{"geodesic":false,"type":"Point","coordinates":[145.29029500544607,-42.158751383919295]},"id":"3997","properties":{"lossyear":23}},{"type":"Feature","geometry":{"geodesic":false,"type":"Point","coordinates":[147.77144182018418,-41.04124717047462]},"id":"3998","properties":{"lossyear":23}},{"type":"Feature","geometry":{"geodesic":false,"type":"Point","coordinates":[146.3763581839466,-42.11653056556568]},"id":"3999","properties":{"lossyear":23}},{"type":"Feature","geometry":{"geodesic":false,"type":"Point","coordinates":[145.59482388676258,-42.58904440501256]},"id":"4000","properties":{"lossyear":23}},{"type":"Feature","geometry":{"geodesic":false,"type":"Point","coordinates":[146.34581546428655,-43.33015451441116]},"id":"4001","properties":{"lossyear":23}},{"type":"Feature","geometry":{"geodesic":false,"type":"Point","coordinates":[146.0448798441065,-43.326561253274676]},"id":"4002","properties":{"lossyear":23}},{"type":"Feature","geometry":{"geodesic":false,"type":"Point","coordinates":[146.8551602303823,-43.08671107241477]},"id":"4003","properties":{"lossyear":23}},{"type":"Feature","geometry":{"geodesic":false,"type":"Point","coordinates":[145.53912833914717,-42.540535379670104]},"id":"4004","properties":{"lossyear":23}},{"type":"Feature","geometry":{"geodesic":false,"type":"Point","coordinates":[145.9577432615469,-42.87470866536256]},"id":"4005","properties":{}},{"type":"Feature","geometry":{"geodesic":false,"type":"Point","coordinates":[146.49044422502976,-43.02203237195816]},"id":"4006","properties":{"lossyear":23}},{"type":"Feature","geometry":{"geodesic":false,"type":"Point","coordinates":[146.91983893083892,-43.29781516418285]},"id":"4007","properties":{"lossyear":23}},{"type":"Feature","geometry":{"geodesic":false,"type":"Point","coordinates":[145.2723286997637,-40.94422911978971]},"id":"4008","properties":{}},{"type":"Feature","geometry":{"geodesic":false,"type":"Point","coordinates":[147.62681305944096,-41.222706857866754]},"id":"4009","properties":{"lossyear":23}},{"type":"Feature","geometry":{"geodesic":false,"type":"Point","coordinates":[146.40240932718604,-42.90614970030674]},"id":"4010","properties":{"lossyear":23}},{"type":"Feature","geometry":{"geodesic":false,"type":"Point","coordinates":[147.9061891128021,-42.04017376641552]},"id":"4011","properties":{"lossyear":23}},{"type":"Feature","geometry":{"geodesic":false,"type":"Point","coordinates":[145.60470535488793,-41.42842105793012]},"id":"4012","properties":{"lossyear":23}},{"type":"Feature","geometry":{"geodesic":false,"type":"Point","coordinates":[147.55225289085905,-41.51106606406913]},"id":"4013","properties":{"lossyear":23}},{"type":"Feature","geometry":{"geodesic":false,"type":"Point","coordinates":[147.50194723494832,-42.487534777907044]},"id":"4014","properties":{"lossyear":23}},{"type":"Feature","geometry":{"geodesic":false,"type":"Point","coordinates":[144.83664578696573,-41.06550168314584]},"id":"4015","properties":{"lossyear":23}},{"type":"Feature","geometry":{"geodesic":false,"type":"Point","coordinates":[145.0145122132214,-40.97656847001801]},"id":"4016","properties":{}},{"type":"Feature","geometry":{"geodesic":false,"type":"Point","coordinates":[145.51128056533946,-42.60611239541082]},"id":"4017","properties":{"lossyear":23}},{"type":"Feature","geometry":{"geodesic":false,"type":"Point","coordinates":[145.53643339329483,-41.18857087707022]},"id":"4018","properties":{"lossyear":9}},{"type":"Feature","geometry":{"geodesic":false,"type":"Point","coordinates":[144.876171659467,-41.197554029911416]},"id":"4019","properties":{"lossyear":23}},{"type":"Feature","geometry":{"geodesic":false,"type":"Point","coordinates":[144.8546120926481,-41.00711118967807]},"id":"4020","properties":{"lossyear":23}},{"type":"Feature","geometry":{"geodesic":false,"type":"Point","coordinates":[145.59662051733085,-42.57826462160311]},"id":"4021","properties":{"lossyear":23}},{"type":"Feature","geometry":{"geodesic":false,"type":"Point","coordinates":[145.49690752079357,-42.62318038580909]},"id":"4022","properties":{"lossyear":23}},{"type":"Feature","geometry":{"geodesic":false,"type":"Point","coordinates":[145.2678371233431,-40.787023945068796]},"id":"4023","properties":{}},{"type":"Feature","geometry":{"geodesic":false,"type":"Point","coordinates":[146.99619572998904,-42.57017978404605]},"id":"4024","properties":{"lossyear":23}},{"type":"Feature","geometry":{"geodesic":false,"type":"Point","coordinates":[145.8481487968843,-42.88189518763552]},"id":"4025","properties":{"lossyear":23}},{"type":"Feature","geometry":{"geodesic":false,"type":"Point","coordinates":[145.514873826476,-42.60880734126319]},"id":"4026","properties":{"lossyear":23}},{"type":"Feature","geometry":{"geodesic":false,"type":"Point","coordinates":[145.23010788141005,-42.27643068613895]},"id":"4027","properties":{"lossyear":23}},{"type":"Feature","geometry":{"geodesic":false,"type":"Point","coordinates":[147.19831666891594,-41.16880794081959]},"id":"4028","properties":{"lossyear":23}},{"type":"Feature","geometry":{"geodesic":false,"type":"Point","coordinates":[147.49026913625477,-41.54430372958154]},"id":"4029","properties":{}},{"type":"Feature","geometry":{"geodesic":false,"type":"Point","coordinates":[147.8594767180279,-41.94585066158298]},"id":"4030","properties":{}},{"type":"Feature","geometry":{"geodesic":false,"type":"Point","coordinates":[146.16255914632615,-42.91064127672735]},"id":"4031","properties":{}},{"type":"Feature","geometry":{"geodesic":false,"type":"Point","coordinates":[144.95791835032185,-40.68192105682681]},"id":"4032","properties":{"lossyear":23}},{"type":"Feature","geometry":{"geodesic":false,"type":"Point","coordinates":[147.20729982175715,-41.166112994967236]},"id":"4033","properties":{"lossyear":23}},{"type":"Feature","geometry":{"geodesic":false,"type":"Point","coordinates":[145.86791173313492,-42.872912034794325]},"id":"4034","properties":{"lossyear":23}},{"type":"Feature","geometry":{"geodesic":false,"type":"Point","coordinates":[145.5615862212502,-42.57467136046664]},"id":"4035","properties":{}},{"type":"Feature","geometry":{"geodesic":false,"type":"Point","coordinates":[145.8122161855195,-43.194508906509114]},"id":"4036","properties":{"lossyear":23}},{"type":"Feature","geometry":{"geodesic":false,"type":"Point","coordinates":[146.14369452535965,-42.66180794302623]},"id":"4037","properties":{}},{"type":"Feature","geometry":{"geodesic":false,"type":"Point","coordinates":[145.507687304203,-42.57736630631899]},"id":"4038","properties":{"lossyear":23}},{"type":"Feature","geometry":{"geodesic":false,"type":"Point","coordinates":[145.59482388676258,-42.57017978404605]},"id":"4039","properties":{"lossyear":23}},{"type":"Feature","geometry":{"geodesic":false,"type":"Point","coordinates":[145.49241594437296,-42.60072250370611]},"id":"4040","properties":{"lossyear":23}},{"type":"Feature","geometry":{"geodesic":false,"type":"Point","coordinates":[145.54811149198838,-42.57017978404605]},"id":"4041","properties":{"lossyear":23}},{"type":"Feature","geometry":{"geodesic":false,"type":"Point","coordinates":[146.3574935629801,-43.35710397293474]},"id":"4042","properties":{"lossyear":23}},{"type":"Feature","geometry":{"geodesic":false,"type":"Point","coordinates":[145.52475529460128,-42.607909025979055]},"id":"4043","properties":{"lossyear":23}},{"type":"Feature","geometry":{"geodesic":false,"type":"Point","coordinates":[145.8211993383607,-42.871115404226074]},"id":"4044","properties":{"lossyear":23}},{"type":"Feature","geometry":{"geodesic":false,"type":"Point","coordinates":[146.50481726957565,-43.02293068724228]},"id":"4045","properties":{"lossyear":23}},{"type":"Feature","geometry":{"geodesic":false,"type":"Point","coordinates":[145.55978959068193,-42.54143369495422]},"id":"4046","properties":{"lossyear":23}},{"type":"Feature","geometry":{"geodesic":false,"type":"Point","coordinates":[145.55978959068193,-42.56928146876193]},"id":"4047","properties":{"lossyear":23}},{"type":"Feature","geometry":{"geodesic":false,"type":"Point","coordinates":[146.9997889911255,-42.57377304518252]},"id":"4048","properties":{"lossyear":23}},{"type":"Feature","geometry":{"geodesic":false,"type":"Point","coordinates":[146.29640812365994,-42.23510818306946]},"id":"4049","properties":{"lossyear":23}},{"type":"Feature","geometry":{"geodesic":false,"type":"Point","coordinates":[146.46708802764266,-42.53424717268126]},"id":"4050","properties":{"lossyear":23}},{"type":"Feature","geometry":{"geodesic":false,"type":"Point","coordinates":[145.95145505455804,-42.84057268456601]},"id":"4051","properties":{"lossyear":23}},{"type":"Feature","geometry":{"geodesic":false,"type":"Point","coordinates":[146.6359713010571,-42.72828327405108]},"id":"4052","properties":{"lossyear":23}},{"type":"Feature","geometry":{"geodesic":false,"type":"Point","coordinates":[146.4679863429268,-42.533348857397144]},"id":"4053","properties":{"lossyear":23}},{"type":"Feature","geometry":{"geodesic":false,"type":"Point","coordinates":[146.90277094044063,-43.32386630742232]},"id":"4054","properties":{"lossyear":23}},{"type":"Feature","geometry":{"geodesic":false,"type":"Point","coordinates":[145.80053808682595,-42.878301926499034]},"id":"4055","properties":{}},{"type":"Feature","geometry":{"geodesic":false,"type":"Point","coordinates":[146.9297203989642,-42.38243188966506]},"id":"4056","properties":{}},{"type":"Feature","geometry":{"geodesic":false,"type":"Point","coordinates":[146.47337623463147,-42.544128640806576]},"id":"4057","properties":{}},{"type":"Feature","geometry":{"geodesic":false,"type":"Point","coordinates":[145.52924687102188,-42.61599386353613]},"id":"4058","properties":{"lossyear":23}},{"type":"Feature","geometry":{"geodesic":false,"type":"Point","coordinates":[146.8614484373711,-43.4334607720849]},"id":"4059","properties":{"lossyear":11}},{"type":"Feature","geometry":{"geodesic":false,"type":"Point","coordinates":[145.5400266544313,-42.557603370068364]},"id":"4060","properties":{"lossyear":23}},{"type":"Feature","geometry":{"geodesic":false,"type":"Point","coordinates":[145.85443700387316,-42.878301926499034]},"id":"4061","properties":{"lossyear":23}},{"type":"Feature","geometry":{"geodesic":false,"type":"Point","coordinates":[146.8785164277694,-41.40236991469067]},"id":"4062","properties":{"lossyear":23}},{"type":"Feature","geometry":{"geodesic":false,"type":"Point","coordinates":[146.9108557779977,-41.63054199685702]},"id":"4063","properties":{}},{"type":"Feature","geometry":{"geodesic":false,"type":"Point","coordinates":[145.50319572778238,-42.571976414614284]},"id":"4064","properties":{"lossyear":23}},{"type":"Feature","geometry":{"geodesic":false,"type":"Point","coordinates":[147.55854109784786,-41.236181587128556]},"id":"4065","properties":{"lossyear":23}},{"type":"Feature","geometry":{"geodesic":false,"type":"Point","coordinates":[145.4978058360777,-42.56568820762544]},"id":"4066","properties":{"lossyear":23}},{"type":"Feature","geometry":{"geodesic":false,"type":"Point","coordinates":[145.8786915165444,-41.27930072076629]},"id":"4067","properties":{"lossyear":23}},{"type":"Feature","geometry":{"geodesic":false,"type":"Point","coordinates":[145.54541654613604,-42.545026956090695]},"id":"4068","properties":{"lossyear":23}},{"type":"Feature","geometry":{"geodesic":false,"type":"Point","coordinates":[145.51307719590773,-42.59353598143315]},"id":"4069","properties":{"lossyear":23}},{"type":"Feature","geometry":{"geodesic":false,"type":"Point","coordinates":[147.63489789699804,-40.946924065642065]},"id":"4070","properties":{"lossyear":23}},{"type":"Feature","geometry":{"geodesic":false,"type":"Point","coordinates":[145.612790192445,-42.571976414614284]},"id":"4071","properties":{"lossyear":23}},{"type":"Feature","geometry":{"geodesic":false,"type":"Point","coordinates":[147.80108622456015,-41.88925679868345]},"id":"4072","properties":{"lossyear":23}},{"type":"Feature","geometry":{"geodesic":false,"type":"Point","coordinates":[145.59212894091024,-42.571976414614284]},"id":"4073","properties":{"lossyear":23}},{"type":"Feature","geometry":{"geodesic":false,"type":"Point","coordinates":[146.11135517513134,-42.628570277513816]},"id":"4074","properties":{"lossyear":24}},{"type":"Feature","geometry":{"geodesic":false,"type":"Point","coordinates":[145.20944662987534,-42.21534524681883]},"id":"4075","properties":{"lossyear":23}},{"type":"Feature","geometry":{"geodesic":false,"type":"Point","coordinates":[145.71968971125523,-41.75900108248611]},"id":"4076","properties":{}},{"type":"Feature","geometry":{"geodesic":false,"type":"Point","coordinates":[145.49600920550944,-42.62497701637733]},"id":"4077","properties":{"lossyear":23}},{"type":"Feature","geometry":{"geodesic":false,"type":"Point","coordinates":[147.84420535819788,-42.052750180393204]},"id":"4078","properties":{"lossyear":23}},{"type":"Feature","geometry":{"geodesic":false,"type":"Point","coordinates":[145.74394422392646,-42.73277485047167]},"id":"4079","properties":{"lossyear":7}},{"type":"Feature","geometry":{"geodesic":false,"type":"Point","coordinates":[145.60740030074027,-42.576467991034875]},"id":"4080","properties":{"lossyear":23}},{"type":"Feature","geometry":{"geodesic":false,"type":"Point","coordinates":[146.89468610288355,-41.34757268235937]},"id":"4081","properties":{"lossyear":23}},{"type":"Feature","geometry":{"geodesic":false,"type":"Point","coordinates":[148.12358141155903,-41.14275679758012]},"id":"4082","properties":{"lossyear":23}},{"type":"Feature","geometry":{"geodesic":false,"type":"Point","coordinates":[145.5211620334648,-42.557603370068364]},"id":"4083","properties":{"lossyear":23}},{"type":"Feature","geometry":{"geodesic":false,"type":"Point","coordinates":[145.86072521086197,-42.88279350291964]},"id":"4084","properties":{"lossyear":23}},{"type":"Feature","geometry":{"geodesic":false,"type":"Point","coordinates":[147.72203447955764,-42.44441564426931]},"id":"4085","properties":{"lossyear":21}},{"type":"Feature","geometry":{"geodesic":false,"type":"Point","coordinates":[145.96492978381985,-42.82799627058834]},"id":"4086","properties":{"lossyear":23}},{"type":"Feature","geometry":{"geodesic":false,"type":"Point","coordinates":[145.50139909721418,-41.08616293468059]},"id":"4087","properties":{"lossyear":23}},{"type":"Feature","geometry":{"geodesic":false,"type":"Point","coordinates":[146.52278357525807,-43.03101552479936]},"id":"4088","properties":{"lossyear":23}},{"type":"Feature","geometry":{"geodesic":false,"type":"Point","coordinates":[147.26928357636137,-42.571976414614284]},"id":"4089","properties":{"lossyear":23}},{"type":"Feature","geometry":{"geodesic":false,"type":"Point","coordinates":[145.51846708761246,-42.56658652290956]},"id":"4090","properties":{"lossyear":23}},{"type":"Feature","geometry":{"geodesic":false,"type":"Point","coordinates":[147.49655734324364,-42.48394151677057]},"id":"4091","properties":{"lossyear":23}},{"type":"Feature","geometry":{"geodesic":false,"type":"Point","coordinates":[145.5166704570442,-42.55311179364777]},"id":"4092","properties":{"lossyear":23}},{"type":"Feature","geometry":{"geodesic":false,"type":"Point","coordinates":[145.8292841759178,-42.86482719723725]},"id":"4093","properties":{"lossyear":23}},{"type":"Feature","geometry":{"geodesic":false,"type":"Point","coordinates":[145.4933142596571,-42.61599386353613]},"id":"4094","properties":{"lossyear":23}},{"type":"Feature","geometry":{"geodesic":false,"type":"Point","coordinates":[147.15789248113055,-41.132875329454805]},"id":"4095","properties":{"lossyear":23}},{"type":"Feature","geometry":{"geodesic":false,"type":"Point","coordinates":[146.838092239984,-43.51071588651918]},"id":"4096","properties":{"lossyear":23}},{"type":"Feature","geometry":{"geodesic":false,"type":"Point","coordinates":[145.52026371818067,-42.58095956745548]},"id":"4097","properties":{"lossyear":23}},{"type":"Feature","geometry":{"geodesic":false,"type":"Point","coordinates":[145.35138044476622,-40.98285667700685]},"id":"4098","properties":{"lossyear":23}},{"type":"Feature","geometry":{"geodesic":false,"type":"Point","coordinates":[146.03679500654943,-41.105925870931216]},"id":"4099","properties":{}},{"type":"Feature","geometry":{"geodesic":false,"type":"Point","coordinates":[145.84904711216842,-42.85943730553252]},"id":"4100","properties":{"lossyear":23}},{"type":"Feature","geometry":{"geodesic":false,"type":"Point","coordinates":[145.98199777421814,-42.41836450102984]},"id":"4101","properties":{"lossyear":23}},{"type":"Feature","geometry":{"geodesic":false,"type":"Point","coordinates":[145.838267328759,-43.211576896907374]},"id":"4102","properties":{"lossyear":23}},{"type":"Feature","geometry":{"geodesic":false,"type":"Point","coordinates":[146.36468008525304,-43.34273092838883]},"id":"4103","properties":{"lossyear":23}},{"type":"Feature","geometry":{"geodesic":false,"type":"Point","coordinates":[146.12123664325662,-42.66989278058331]},"id":"4104","properties":{"lossyear":23}},{"type":"Feature","geometry":{"geodesic":false,"type":"Point","coordinates":[145.53463676272662,-42.54143369495422]},"id":"4105","properties":{"lossyear":23}},{"type":"Feature","geometry":{"geodesic":false,"type":"Point","coordinates":[145.47355132340647,-40.959500479619734]},"id":"4106","properties":{"lossyear":23}},{"type":"Feature","geometry":{"geodesic":false,"type":"Point","coordinates":[145.82838586063366,-42.87920024178315]},"id":"4107","properties":{"lossyear":23}},{"type":"Feature","geometry":{"geodesic":false,"type":"Point","coordinates":[146.80305794390335,-42.72828327405108]},"id":"4108","properties":{"lossyear":23}},{"type":"Feature","geometry":{"geodesic":false,"type":"Point","coordinates":[145.51577214176007,-42.58455282859195]},"id":"4109","properties":{"lossyear":23}},{"type":"Feature","geometry":{"geodesic":false,"type":"Point","coordinates":[147.8127643232537,-41.94046076987826]},"id":"4110","properties":{}},{"type":"Feature","geometry":{"geodesic":false,"type":"Point","coordinates":[145.46726311641766,-42.62318038580909]},"id":"4111","properties":{"lossyear":23}},{"type":"Feature","geometry":{"geodesic":false,"type":"Point","coordinates":[145.52834855573775,-42.545026956090695]},"id":"4112","properties":{}},{"type":"Feature","geometry":{"geodesic":false,"type":"Point","coordinates":[145.50589067363478,-42.56928146876193]},"id":"4113","properties":{"lossyear":23}},{"type":"Feature","geometry":{"geodesic":false,"type":"Point","coordinates":[145.72238465710757,-41.02777244121282]},"id":"4114","properties":{"lossyear":23}},{"type":"Feature","geometry":{"geodesic":false,"type":"Point","coordinates":[145.55439969897725,-42.57736630631899]},"id":"4115","properties":{"lossyear":23}},{"type":"Feature","geometry":{"geodesic":false,"type":"Point","coordinates":[146.48505433332502,-43.02113405667404]},"id":"4116","properties":{"lossyear":23}},{"type":"Feature","geometry":{"geodesic":false,"type":"Point","coordinates":[145.73046949466465,-42.723791697630475]},"id":"4117","properties":{"lossyear":23}},{"type":"Feature","geometry":{"geodesic":false,"type":"Point","coordinates":[147.4255904357982,-41.33140300724523]},"id":"4118","properties":{"lossyear":4}},{"type":"Feature","geometry":{"geodesic":false,"type":"Point","coordinates":[148.11459825871788,-41.06639999842996]},"id":"4119","properties":{}},{"type":"Feature","geometry":{"geodesic":false,"type":"Point","coordinates":[144.94085035992362,-40.67563284983797]},"id":"4120","properties":{"lossyear":23}},{"type":"Feature","geometry":{"geodesic":false,"type":"Point","coordinates":[145.96672641438806,-42.8675221430896]},"id":"4121","properties":{"lossyear":23}},{"type":"Feature","geometry":{"geodesic":false,"type":"Point","coordinates":[145.48253447624768,-42.58455282859195]},"id":"4122","properties":{"lossyear":23}},{"type":"Feature","geometry":{"geodesic":false,"type":"Point","coordinates":[146.51739368355334,-41.306250179289876]},"id":"4123","properties":{"lossyear":24}},{"type":"Feature","geometry":{"geodesic":false,"type":"Point","coordinates":[147.48398092926595,-41.54071046844507]},"id":"4124","properties":{"lossyear":23}},{"type":"Feature","geometry":{"geodesic":false,"type":"Point","coordinates":[145.51307719590773,-42.595332612001386]},"id":"4125","properties":{"lossyear":23}},{"type":"Feature","geometry":{"geodesic":false,"type":"Point","coordinates":[146.9162456697024,-43.3184764157176]},"id":"4126","properties":{"lossyear":23}},{"type":"Feature","geometry":{"geodesic":false,"type":"Point","coordinates":[145.48522942210002,-42.62587533166145]},"id":"4127","properties":{"lossyear":23}},{"type":"Feature","geometry":{"geodesic":false,"type":"Point","coordinates":[145.981099458934,-42.99867617457106]},"id":"4128","properties":{"lossyear":23}},{"type":"Feature","geometry":{"geodesic":false,"type":"Point","coordinates":[147.05817948459332,-43.070541397300616]},"id":"4129","properties":{}},{"type":"Feature","geometry":{"geodesic":false,"type":"Point","coordinates":[145.9721163060928,-42.83608110814542]},"id":"4130","properties":{"lossyear":23}},{"type":"Feature","geometry":{"geodesic":false,"type":"Point","coordinates":[146.53895325037223,-41.28469061247101]},"id":"4131","properties":{"lossyear":23}},{"type":"Feature","geometry":{"geodesic":false,"type":"Point","coordinates":[146.96744964089726,-42.626773646945566]},"id":"4132","properties":{"lossyear":23}},{"type":"Feature","geometry":{"geodesic":false,"type":"Point","coordinates":[146.8084478356081,-42.72648664348284]},"id":"4133","properties":{"lossyear":23}},{"type":"Feature","geometry":{"geodesic":false,"type":"Point","coordinates":[147.70137322802287,-41.14275679758012]},"id":"4134","properties":{"lossyear":23}},{"type":"Feature","geometry":{"geodesic":false,"type":"Point","coordinates":[145.55529801426133,-42.57826462160311]},"id":"4135","properties":{"lossyear":23}},{"type":"Feature","geometry":{"geodesic":false,"type":"Point","coordinates":[145.50409404306652,-42.59173935086491]},"id":"4136","properties":{"lossyear":23}},{"type":"Feature","geometry":{"geodesic":false,"type":"Point","coordinates":[146.76892196310683,-42.93759073525092]},"id":"4137","properties":{}},{"type":"Feature","geometry":{"geodesic":false,"type":"Point","coordinates":[145.59302725619438,-42.58724777444431]},"id":"4138","properties":{"lossyear":23}},{"type":"Feature","geometry":{"geodesic":false,"type":"Point","coordinates":[145.96852304495633,-42.84775920683897]},"id":"4139","properties":{"lossyear":23}},{"type":"Feature","geometry":{"geodesic":false,"type":"Point","coordinates":[146.81743098844925,-42.72648664348284]},"id":"4140","properties":{"lossyear":23}},{"type":"Feature","geometry":{"geodesic":false,"type":"Point","coordinates":[147.70047491273874,-41.14096016701188]},"id":"4141","properties":{"lossyear":23}},{"type":"Feature","geometry":{"geodesic":false,"type":"Point","coordinates":[147.67981366120404,-41.27121588320921]},"id":"4142","properties":{"lossyear":23}},{"type":"Feature","geometry":{"geodesic":false,"type":"Point","coordinates":[147.16148574226708,-41.13826522115953]},"id":"4143","properties":{"lossyear":23}},{"type":"Feature","geometry":{"geodesic":false,"type":"Point","coordinates":[145.48612773738415,-42.614197232967896]},"id":"4144","properties":{"lossyear":23}},{"type":"Feature","geometry":{"geodesic":false,"type":"Point","coordinates":[146.46079982065385,-42.53514548796538]},"id":"4145","properties":{"lossyear":23}},{"type":"Feature","geometry":{"geodesic":false,"type":"Point","coordinates":[146.04128658297003,-43.32476462270644]},"id":"4146","properties":{"lossyear":23}},{"type":"Feature","geometry":{"geodesic":false,"type":"Point","coordinates":[146.16255914632615,-43.211576896907374]},"id":"4147","properties":{"lossyear":23}},{"type":"Feature","geometry":{"geodesic":false,"type":"Point","coordinates":[148.09393700718311,-41.125688807181845]},"id":"4148","properties":{"lossyear":23}},{"type":"Feature","geometry":{"geodesic":false,"type":"Point","coordinates":[145.56697611295488,-42.563891577057205]},"id":"4149","properties":{"lossyear":23}},{"type":"Feature","geometry":{"geodesic":false,"type":"Point","coordinates":[145.51128056533946,-42.6186888093885]},"id":"4150","properties":{}},{"type":"Feature","geometry":{"geodesic":false,"type":"Point","coordinates":[145.51128056533946,-42.6052140801267]},"id":"4151","properties":{"lossyear":23}},{"type":"Feature","geometry":{"geodesic":false,"type":"Point","coordinates":[146.54883471849752,-42.742656318596985]},"id":"4152","properties":{"lossyear":23}},{"type":"Feature","geometry":{"geodesic":false,"type":"Point","coordinates":[145.5067889889189,-42.62318038580909]},"id":"4153","properties":{"lossyear":23}},{"type":"Feature","geometry":{"geodesic":false,"type":"Point","coordinates":[147.64298273455512,-42.42016113159808]},"id":"4154","properties":{"lossyear":23}},{"type":"Feature","geometry":{"geodesic":false,"type":"Point","coordinates":[147.37258983403513,-41.24246979411738]},"id":"4155","properties":{"lossyear":23}},{"type":"Feature","geometry":{"geodesic":false,"type":"Point","coordinates":[145.50319572778238,-42.610603971831424]},"id":"4156","properties":{"lossyear":23}},{"type":"Feature","geometry":{"geodesic":false,"type":"Point","coordinates":[145.83647069819074,-43.2079836357709]},"id":"4157","properties":{"lossyear":23}},{"type":"Feature","geometry":{"geodesic":false,"type":"Point","coordinates":[147.13273965317524,-43.21606847332798]},"id":"4158","properties":{}},{"type":"Feature","geometry":{"geodesic":false,"type":"Point","coordinates":[147.6932883904658,-41.144553428148356]},"id":"4159","properties":{"lossyear":23}},{"type":"Feature","geometry":{"geodesic":false,"type":"Point","coordinates":[146.2631704581475,-42.127310348975115]},"id":"4160","properties":{"lossyear":23}},{"type":"Feature","geometry":{"geodesic":false,"type":"Point","coordinates":[147.25311390124722,-41.144553428148356]},"id":"4161","properties":{"lossyear":22}},{"type":"Feature","geometry":{"geodesic":false,"type":"Point","coordinates":[145.46905974698586,-42.62318038580909]},"id":"4162","properties":{"lossyear":23}},{"type":"Feature","geometry":{"geodesic":false,"type":"Point","coordinates":[145.63973965096858,-41.05472189973641]},"id":"4163","properties":{"lossyear":23}},{"type":"Feature","geometry":{"geodesic":false,"type":"Point","coordinates":[145.80862292438303,-41.43111600378249]},"id":"4164","properties":{"lossyear":23}},{"type":"Feature","geometry":{"geodesic":false,"type":"Point","coordinates":[147.78401823416186,-41.20923212860497]},"id":"4165","properties":{"lossyear":23}},{"type":"Feature","geometry":{"geodesic":false,"type":"Point","coordinates":[147.72652605597824,-41.96561359783361]},"id":"4166","properties":{"lossyear":23}},{"type":"Feature","geometry":{"geodesic":false,"type":"Point","coordinates":[144.9318672070824,-40.65137833716675]},"id":"4167","properties":{"lossyear":23}},{"type":"Feature","geometry":{"geodesic":false,"type":"Point","coordinates":[145.96942136024046,-43.00316775099165]},"id":"4168","properties":{"lossyear":23}},{"type":"Feature","geometry":{"geodesic":false,"type":"Point","coordinates":[145.8247925994972,-41.06460336786172]},"id":"4169","properties":{}},{"type":"Feature","geometry":{"geodesic":false,"type":"Point","coordinates":[145.20495505345474,-41.723966786405455]},"id":"4170","properties":{"lossyear":24}},{"type":"Feature","geometry":{"geodesic":false,"type":"Point","coordinates":[145.43582208147342,-42.24858291233126]},"id":"4171","properties":{"lossyear":24}},{"type":"Feature","geometry":{"geodesic":false,"type":"Point","coordinates":[145.23370114254658,-41.689830805608906]},"id":"4172","properties":{"lossyear":24}},{"type":"Feature","geometry":{"geodesic":false,"type":"Point","coordinates":[148.06429260280714,-41.80391684669209]},"id":"4173","properties":{"lossyear":24}},{"type":"Feature","geometry":{"geodesic":false,"type":"Point","coordinates":[144.92557900009353,-41.48411660554554]},"id":"4174","properties":{"lossyear":24}},{"type":"Feature","geometry":{"geodesic":false,"type":"Point","coordinates":[146.54524145736104,-42.2279216607965]},"id":"4175","properties":{"lossyear":24}},{"type":"Feature","geometry":{"geodesic":false,"type":"Point","coordinates":[146.78778658407333,-43.11815210735895]},"id":"4176","properties":{"lossyear":24}},{"type":"Feature","geometry":{"geodesic":false,"type":"Point","coordinates":[146.92163556140713,-42.84326763041838]},"id":"4177","properties":{}},{"type":"Feature","geometry":{"geodesic":false,"type":"Point","coordinates":[145.9487601087057,-42.73457148103991]},"id":"4178","properties":{}},{"type":"Feature","geometry":{"geodesic":false,"type":"Point","coordinates":[146.39073122849248,-42.289007100116635]},"id":"4179","properties":{"lossyear":24}},{"type":"Feature","geometry":{"geodesic":false,"type":"Point","coordinates":[148.05890271110246,-41.44279410247604]},"id":"4180","properties":{}},{"type":"Feature","geometry":{"geodesic":false,"type":"Point","coordinates":[145.18159885606764,-41.03855222462225]},"id":"4181","properties":{"lossyear":24}},{"type":"Feature","geometry":{"geodesic":false,"type":"Point","coordinates":[147.05817948459332,-41.59910096191284]},"id":"4182","properties":{}},{"type":"Feature","geometry":{"geodesic":false,"type":"Point","coordinates":[146.54883471849752,-42.73187653518755]},"id":"4183","properties":{"lossyear":24}},{"type":"Feature","geometry":{"geodesic":false,"type":"Point","coordinates":[145.19417527004532,-41.675457761063]},"id":"4184","properties":{"lossyear":24}},{"type":"Feature","geometry":{"geodesic":false,"type":"Point","coordinates":[146.9764327937384,-42.57377304518252]},"id":"4185","properties":{"lossyear":24}},{"type":"Feature","geometry":{"geodesic":false,"type":"Point","coordinates":[147.2423341178378,-41.10772250149947]},"id":"4186","properties":{"lossyear":24}},{"type":"Feature","geometry":{"geodesic":false,"type":"Point","coordinates":[147.97805433553168,-41.735644885099006]},"id":"4187","properties":{"lossyear":24}},{"type":"Feature","geometry":{"geodesic":false,"type":"Point","coordinates":[147.6744237694993,-41.1876725617861]},"id":"4188","properties":{}},{"type":"Feature","geometry":{"geodesic":false,"type":"Point","coordinates":[145.20136179231827,-41.731153308678415]},"id":"4189","properties":{}},{"type":"Feature","geometry":{"geodesic":false,"type":"Point","coordinates":[146.44283351497143,-41.39787833827006]},"id":"4190","properties":{"lossyear":24}},{"type":"Feature","geometry":{"geodesic":false,"type":"Point","coordinates":[146.75724386441328,-43.097490855824205]},"id":"4191","properties":{}},{"type":"Feature","geometry":{"geodesic":false,"type":"Point","coordinates":[146.71053146963902,-42.344702647732035]},"id":"4192","properties":{"lossyear":24}},{"type":"Feature","geometry":{"geodesic":false,"type":"Point","coordinates":[148.03464819843123,-41.0403488551905]},"id":"4193","properties":{"lossyear":24}},{"type":"Feature","geometry":{"geodesic":false,"type":"Point","coordinates":[147.6250164288727,-41.22719843428736]},"id":"4194","properties":{}},{"type":"Feature","geometry":{"geodesic":false,"type":"Point","coordinates":[148.11190331286548,-41.1185022849089]},"id":"4195","properties":{"lossyear":24}},{"type":"Feature","geometry":{"geodesic":false,"type":"Point","coordinates":[146.5784791228735,-42.43094091500751]},"id":"4196","properties":{"lossyear":24}},{"type":"Feature","geometry":{"geodesic":false,"type":"Point","coordinates":[145.37473664215332,-41.875782069421646]},"id":"4197","properties":{"lossyear":24}},{"type":"Feature","geometry":{"geodesic":false,"type":"Point","coordinates":[147.41570896767286,-41.492201443102616]},"id":"4198","properties":{"lossyear":24}},{"type":"Feature","geometry":{"geodesic":false,"type":"Point","coordinates":[148.06249597223893,-41.805713477260326]},"id":"4199","properties":{}},{"type":"Feature","geometry":{"geodesic":false,"type":"Point","coordinates":[145.22920956612597,-41.68174596805183]},"id":"4200","properties":{"lossyear":24}},{"type":"Feature","geometry":{"geodesic":false,"type":"Point","coordinates":[146.70154831679787,-42.35997400756207]},"id":"4201","properties":{"lossyear":15}},{"type":"Feature","geometry":{"geodesic":false,"type":"Point","coordinates":[145.26424386220663,-41.686237544472434]},"id":"4202","properties":{}},{"type":"Feature","geometry":{"geodesic":false,"type":"Point","coordinates":[147.84330704291375,-42.26115932630893]},"id":"4203","properties":{}},{"type":"Feature","geometry":{"geodesic":false,"type":"Point","coordinates":[146.35390030184362,-41.408658121679494]},"id":"4204","properties":{"lossyear":24}},{"type":"Feature","geometry":{"geodesic":false,"type":"Point","coordinates":[145.89036961523794,-41.31613164741519]},"id":"4205","properties":{"lossyear":24}},{"type":"Feature","geometry":{"geodesic":false,"type":"Point","coordinates":[146.11225349041547,-42.67168941115155]},"id":"4206","properties":{}},{"type":"Feature","geometry":{"geodesic":false,"type":"Point","coordinates":[145.98828598120696,-41.43111600378249]},"id":"4207","properties":{"lossyear":24}},{"type":"Feature","geometry":{"geodesic":false,"type":"Point","coordinates":[146.7258028294691,-41.11490902377241]},"id":"4208","properties":{"lossyear":15}},{"type":"Feature","geometry":{"geodesic":false,"type":"Point","coordinates":[147.64927094154393,-40.84092286211596]},"id":"4209","properties":{"lossyear":24}},{"type":"Feature","geometry":{"geodesic":false,"type":"Point","coordinates":[147.7382041546718,-41.11490902377241]},"id":"4210","properties":{"lossyear":5}},{"type":"Feature","geometry":{"geodesic":false,"type":"Point","coordinates":[145.95864157683098,-42.86662382780548]},"id":"4211","properties":{"lossyear":24}},{"type":"Feature","geometry":{"geodesic":false,"type":"Point","coordinates":[145.60560367017206,-41.45087894003312]},"id":"4212","properties":{"lossyear":24}},{"type":"Feature","geometry":{"geodesic":false,"type":"Point","coordinates":[145.96133652268338,-42.86033562081664]},"id":"4213","properties":{"lossyear":24}},{"type":"Feature","geometry":{"geodesic":false,"type":"Point","coordinates":[147.89900259052916,-42.173124428465215]},"id":"4214","properties":{"lossyear":24}},{"type":"Feature","geometry":{"geodesic":false,"type":"Point","coordinates":[146.9189406155548,-42.80913164962183]},"id":"4215","properties":{"lossyear":24}},{"type":"Feature","geometry":{"geodesic":false,"type":"Point","coordinates":[145.8104195549513,-43.22235668031682]},"id":"4216","properties":{}},{"type":"Feature","geometry":{"geodesic":false,"type":"Point","coordinates":[145.9954725034799,-43.26817075980691]},"id":"4217","properties":{"lossyear":24}},{"type":"Feature","geometry":{"geodesic":false,"type":"Point","coordinates":[147.19202846192712,-41.415844643952454]},"id":"4218","properties":{"lossyear":24}},{"type":"Feature","geometry":{"geodesic":false,"type":"Point","coordinates":[145.5894339950579,-41.011602766098676]},"id":"4219","properties":{}},{"type":"Feature","geometry":{"geodesic":false,"type":"Point","coordinates":[145.0208004202102,-40.999924667405125]},"id":"4220","properties":{"lossyear":24}},{"type":"Feature","geometry":{"geodesic":false,"type":"Point","coordinates":[145.27771859146839,-41.70689879600718]},"id":"4221","properties":{}},{"type":"Feature","geometry":{"geodesic":false,"type":"Point","coordinates":[145.82658923006545,-41.27301251377746]},"id":"4222","properties":{"lossyear":6}},{"type":"Feature","geometry":{"geodesic":false,"type":"Point","coordinates":[144.96240992674245,-41.69522069731363]},"id":"4223","properties":{"lossyear":24}},{"type":"Feature","geometry":{"geodesic":false,"type":"Point","coordinates":[145.93887864058036,-41.36643730332588]},"id":"4224","properties":{"lossyear":24}},{"type":"Feature","geometry":{"geodesic":false,"type":"Point","coordinates":[147.3150976558515,-40.9945347757004]},"id":"4225","properties":{}},{"type":"Feature","geometry":{"geodesic":false,"type":"Point","coordinates":[145.52745024045362,-41.17509614780842]},"id":"4226","properties":{"lossyear":24}},{"type":"Feature","geometry":{"geodesic":false,"type":"Point","coordinates":[147.26209705408843,-42.99957448985518]},"id":"4227","properties":{"lossyear":24}},{"type":"Feature","geometry":{"geodesic":false,"type":"Point","coordinates":[147.0662643221504,-42.43902575256459]},"id":"4228","properties":{}},{"type":"Feature","geometry":{"geodesic":false,"type":"Point","coordinates":[148.01398694689647,-41.106824186215334]},"id":"4229","properties":{}},{"type":"Feature","geometry":{"geodesic":false,"type":"Point","coordinates":[147.65466083324867,-40.84092286211596]},"id":"4230","properties":{"lossyear":24}},{"type":"Feature","geometry":{"geodesic":false,"type":"Point","coordinates":[145.94337021700096,-42.814521541326556]},"id":"4231","properties":{}},{"type":"Feature","geometry":{"geodesic":false,"type":"Point","coordinates":[145.9550483156945,-43.27984885850046]},"id":"4232","properties":{"lossyear":24}},{"type":"Feature","geometry":{"geodesic":false,"type":"Point","coordinates":[148.04003809013597,-41.5371172073086]},"id":"4233","properties":{}},{"type":"Feature","geometry":{"geodesic":false,"type":"Point","coordinates":[144.91929079310472,-41.64401672611882]},"id":"4234","properties":{"lossyear":24}},{"type":"Feature","geometry":{"geodesic":false,"type":"Point","coordinates":[147.75257719921768,-41.673661130494764]},"id":"4235","properties":{"lossyear":24}},{"type":"Feature","geometry":{"geodesic":false,"type":"Point","coordinates":[146.4140874258796,-42.854047413827814]},"id":"4236","properties":{"lossyear":24}},{"type":"Feature","geometry":{"geodesic":false,"type":"Point","coordinates":[147.65016925682806,-40.86787232063955]},"id":"4237","properties":{"lossyear":24}},{"type":"Feature","geometry":{"geodesic":false,"type":"Point","coordinates":[145.72867286409644,-41.42482779679365]},"id":"4238","properties":{"lossyear":24}},{"type":"Feature","geometry":{"geodesic":false,"type":"Point","coordinates":[147.66274567080575,-40.85260096080951]},"id":"4239","properties":{"lossyear":24}},{"type":"Feature","geometry":{"geodesic":false,"type":"Point","coordinates":[147.9421217241669,-41.735644885099006]},"id":"4240","properties":{"lossyear":24}},{"type":"Feature","geometry":{"geodesic":false,"type":"Point","coordinates":[148.23497250678986,-41.16970625610371]},"id":"4241","properties":{"lossyear":24}},{"type":"Feature","geometry":{"geodesic":false,"type":"Point","coordinates":[147.53877816159724,-41.22360517315087]},"id":"4242","properties":{"lossyear":24}},{"type":"Feature","geometry":{"geodesic":false,"type":"Point","coordinates":[145.94516684756923,-42.84775920683897]},"id":"4243","properties":{"lossyear":24}},{"type":"Feature","geometry":{"geodesic":false,"type":"Point","coordinates":[147.8855278612674,-42.16773453676049]},"id":"4244","properties":{"lossyear":24}},{"type":"Feature","geometry":{"geodesic":false,"type":"Point","coordinates":[146.55063134906578,-42.35099085472088]},"id":"4245","properties":{"lossyear":24}},{"type":"Feature","geometry":{"geodesic":false,"type":"Point","coordinates":[145.70352003614107,-41.06819662899821]},"id":"4246","properties":{"lossyear":24}},{"type":"Feature","geometry":{"geodesic":false,"type":"Point","coordinates":[145.72687623352817,-41.75720445191787]},"id":"4247","properties":{"lossyear":24}},{"type":"Feature","geometry":{"geodesic":false,"type":"Point","coordinates":[146.6853786416837,-42.34380433244792]},"id":"4248","properties":{"lossyear":24}},{"type":"Feature","geometry":{"geodesic":false,"type":"Point","coordinates":[147.66633893194222,-42.706723707232214]},"id":"4249","properties":{"lossyear":24}},{"type":"Feature","geometry":{"geodesic":false,"type":"Point","coordinates":[146.93600860595302,-42.77769061467765]},"id":"4250","properties":{"lossyear":24}},{"type":"Feature","geometry":{"geodesic":false,"type":"Point","coordinates":[147.55225289085905,-42.324939711481406]},"id":"4251","properties":{}},{"type":"Feature","geometry":{"geodesic":false,"type":"Point","coordinates":[148.18287022031092,-40.83912623154772]},"id":"4252","properties":{"lossyear":24}},{"type":"Feature","geometry":{"geodesic":false,"type":"Point","coordinates":[146.97553447845428,-41.11041744735182]},"id":"4253","properties":{"lossyear":24}},{"type":"Feature","geometry":{"geodesic":false,"type":"Point","coordinates":[146.50661390014392,-41.31253838627872]},"id":"4254","properties":{"lossyear":24}},{"type":"Feature","geometry":{"geodesic":false,"type":"Point","coordinates":[147.57920234938263,-42.54772190194305]},"id":"4255","properties":{"lossyear":24}},{"type":"Feature","geometry":{"geodesic":false,"type":"Point","coordinates":[144.92647731537767,-41.47693008327258]},"id":"4256","properties":{"lossyear":24}},{"type":"Feature","geometry":{"geodesic":false,"type":"Point","coordinates":[145.46995806227,-42.24858291233126]},"id":"4257","properties":{"lossyear":24}},{"type":"Feature","geometry":{"geodesic":false,"type":"Point","coordinates":[146.55332629491812,-42.238701444205944]},"id":"4258","properties":{"lossyear":24}},{"type":"Feature","geometry":{"geodesic":false,"type":"Point","coordinates":[147.40582749954757,-42.45070385125814]},"id":"4259","properties":{}},{"type":"Feature","geometry":{"geodesic":false,"type":"Point","coordinates":[148.09483532246725,-41.12928206831833]},"id":"4260","properties":{"lossyear":24}},{"type":"Feature","geometry":{"geodesic":false,"type":"Point","coordinates":[146.48056275690448,-42.6833675098451]},"id":"4261","properties":{"lossyear":24}},{"type":"Feature","geometry":{"geodesic":false,"type":"Point","coordinates":[146.61171678838588,-42.22612503022826]},"id":"4262","properties":{"lossyear":24}},{"type":"Feature","geometry":{"geodesic":false,"type":"Point","coordinates":[148.1936500037204,-42.0850895306215]},"id":"4263","properties":{"lossyear":23}},{"type":"Feature","geometry":{"geodesic":false,"type":"Point","coordinates":[147.95020656172397,-41.11580733905653]},"id":"4264","properties":{"lossyear":5}},{"type":"Feature","geometry":{"geodesic":false,"type":"Point","coordinates":[144.87886660531933,-41.47782839855671]},"id":"4265","properties":{"lossyear":24}},{"type":"Feature","geometry":{"geodesic":false,"type":"Point","coordinates":[146.85785517623464,-42.96543850905863]},"id":"4266","properties":{"lossyear":24}},{"type":"Feature","geometry":{"geodesic":false,"type":"Point","coordinates":[146.37096829224186,-41.40236991469067]},"id":"4267","properties":{}},{"type":"Feature","geometry":{"geodesic":false,"type":"Point","coordinates":[145.55170475312485,-41.2891821888916]},"id":"4268","properties":{"lossyear":24}},{"type":"Feature","geometry":{"geodesic":false,"type":"Point","coordinates":[144.98935938526603,-41.6386268344141]},"id":"4269","properties":{"lossyear":14}},{"type":"Feature","geometry":{"geodesic":false,"type":"Point","coordinates":[147.7444923616606,-42.01951251488077]},"id":"4270","properties":{}},{"type":"Feature","geometry":{"geodesic":false,"type":"Point","coordinates":[147.75527214507002,-41.19935066047965]},"id":"4271","properties":{"lossyear":24}},{"type":"Feature","geometry":{"geodesic":false,"type":"Point","coordinates":[144.98037623242487,-40.87416052762839]},"id":"4272","properties":{}},{"type":"Feature","geometry":{"geodesic":false,"type":"Point","coordinates":[146.97553447845428,-42.57467136046664]},"id":"4273","properties":{"lossyear":24}},{"type":"Feature","geometry":{"geodesic":false,"type":"Point","coordinates":[146.02062533143527,-43.34991745066179]},"id":"4274","properties":{}},{"type":"Feature","geometry":{"geodesic":false,"type":"Point","coordinates":[146.86504169850758,-43.09928748639244]},"id":"4275","properties":{"lossyear":19}},{"type":"Feature","geometry":{"geodesic":false,"type":"Point","coordinates":[145.18968369362472,-41.69522069731363]},"id":"4276","properties":{"lossyear":24}},{"type":"Feature","geometry":{"geodesic":false,"type":"Point","coordinates":[146.3826463909354,-42.08958110704209]},"id":"4277","properties":{}},{"type":"Feature","geometry":{"geodesic":false,"type":"Point","coordinates":[145.45378838715584,-42.24498965119477]},"id":"4278","properties":{"lossyear":24}},{"type":"Feature","geometry":{"geodesic":false,"type":"Point","coordinates":[145.24178598010366,-41.71318700299602]},"id":"4279","properties":{"lossyear":24}},{"type":"Feature","geometry":{"geodesic":false,"type":"Point","coordinates":[145.36665180459624,-41.92698604061647]},"id":"4280","properties":{}},{"type":"Feature","geometry":{"geodesic":false,"type":"Point","coordinates":[145.5490098072725,-41.12389217661361]},"id":"4281","properties":{"lossyear":24}},{"type":"Feature","geometry":{"geodesic":false,"type":"Point","coordinates":[148.09842858360372,-41.13197701417069]},"id":"4282","properties":{"lossyear":24}},{"type":"Feature","geometry":{"geodesic":false,"type":"Point","coordinates":[147.89900259052916,-42.184802527158766]},"id":"4283","properties":{"lossyear":24}},{"type":"Feature","geometry":{"geodesic":false,"type":"Point","coordinates":[145.25166744822894,-41.69971227373422]},"id":"4284","properties":{"lossyear":24}},{"type":"Feature","geometry":{"geodesic":false,"type":"Point","coordinates":[147.99063074950936,-41.043043801042856]},"id":"4285","properties":{}},{"type":"Feature","geometry":{"geodesic":false,"type":"Point","coordinates":[145.3657534893121,-41.93147761703706]},"id":"4286","properties":{"lossyear":24}},{"type":"Feature","geometry":{"geodesic":false,"type":"Point","coordinates":[145.1950735853294,-40.8795504193331]},"id":"4287","properties":{"lossyear":24}},{"type":"Feature","geometry":{"geodesic":false,"type":"Point","coordinates":[148.23048093036925,-41.166112994967236]},"id":"4288","properties":{"lossyear":24}},{"type":"Feature","geometry":{"geodesic":false,"type":"Point","coordinates":[146.50841053071218,-43.028320578947]},"id":"4289","properties":{"lossyear":23}},{"type":"Feature","geometry":{"geodesic":false,"type":"Point","coordinates":[147.7938997022872,-41.24965631639034]},"id":"4290","properties":{"lossyear":24}},{"type":"Feature","geometry":{"geodesic":false,"type":"Point","coordinates":[146.61171678838588,-42.54143369495422]},"id":"4291","properties":{"lossyear":24}},{"type":"Feature","geometry":{"geodesic":false,"type":"Point","coordinates":[147.88822280711975,-41.526337423899164]},"id":"4292","properties":{"lossyear":2}},{"type":"Feature","geometry":{"geodesic":false,"type":"Point","coordinates":[146.52547852111041,-42.332126233754366]},"id":"4293","properties":{"lossyear":24}},{"type":"Feature","geometry":{"geodesic":false,"type":"Point","coordinates":[146.90995746271358,-42.81631817189479]},"id":"4294","properties":{"lossyear":24}},{"type":"Feature","geometry":{"geodesic":false,"type":"Point","coordinates":[145.4421102884623,-42.250379542899495]},"id":"4295","properties":{"lossyear":24}},{"type":"Feature","geometry":{"geodesic":false,"type":"Point","coordinates":[146.6206999412271,-42.24678628176301]},"id":"4296","properties":{"lossyear":24}},{"type":"Feature","geometry":{"geodesic":false,"type":"Point","coordinates":[147.20550319118888,-42.61689217882025]},"id":"4297","properties":{"lossyear":24}},{"type":"Feature","geometry":{"geodesic":false,"type":"Point","coordinates":[147.82354410666312,-41.52184584747856]},"id":"4298","properties":{"lossyear":24}},{"type":"Feature","geometry":{"geodesic":false,"type":"Point","coordinates":[147.8271373677996,-41.15353658098955]},"id":"4299","properties":{}},{"type":"Feature","geometry":{"geodesic":false,"type":"Point","coordinates":[145.91552244319325,-42.71750349064165]},"id":"4300","properties":{}},{"type":"Feature","geometry":{"geodesic":false,"type":"Point","coordinates":[146.69705674037726,-42.36985547568739]},"id":"4301","properties":{"lossyear":24}},{"type":"Feature","geometry":{"geodesic":false,"type":"Point","coordinates":[148.11819151985435,-41.658389770664726]},"id":"4302","properties":{}},{"type":"Feature","geometry":{"geodesic":false,"type":"Point","coordinates":[147.2567071623837,-43.34003598253648]},"id":"4303","properties":{}},{"type":"Feature","geometry":{"geodesic":false,"type":"Point","coordinates":[146.98092437015902,-42.57467136046664]},"id":"4304","properties":{"lossyear":24}},{"type":"Feature","geometry":{"geodesic":false,"type":"Point","coordinates":[145.36036359760743,-41.914409626638786]},"id":"4305","properties":{"lossyear":24}},{"type":"Feature","geometry":{"geodesic":false,"type":"Point","coordinates":[144.78364518520266,-41.105925870931216]},"id":"4306","properties":{}},{"type":"Feature","geometry":{"geodesic":false,"type":"Point","coordinates":[145.39090631726748,-41.897341636240526]},"id":"4307","properties":{"lossyear":24}},{"type":"Feature","geometry":{"geodesic":false,"type":"Point","coordinates":[146.0125404938782,-43.26996739037514]},"id":"4308","properties":{"lossyear":24}},{"type":"Feature","geometry":{"geodesic":false,"type":"Point","coordinates":[146.52188525997394,-42.967235139626865]},"id":"4309","properties":{"lossyear":24}},{"type":"Feature","geometry":{"geodesic":false,"type":"Point","coordinates":[146.60542858139706,-42.250379542899495]},"id":"4310","properties":{"lossyear":24}},{"type":"Feature","geometry":{"geodesic":false,"type":"Point","coordinates":[146.45990150536971,-43.42896919566431]},"id":"4311","properties":{}},{"type":"Feature","geometry":{"geodesic":false,"type":"Point","coordinates":[144.93815541407122,-41.4823199749773]},"id":"4312","properties":{"lossyear":24}},{"type":"Feature","geometry":{"geodesic":false,"type":"Point","coordinates":[146.33323905030886,-43.33644272139999]},"id":"4313","properties":{}},{"type":"Feature","geometry":{"geodesic":false,"type":"Point","coordinates":[146.62159825651122,-42.23690481363769]},"id":"4314","properties":{"lossyear":24}},{"type":"Feature","geometry":{"geodesic":false,"type":"Point","coordinates":[146.55332629491812,-42.223430084375906]},"id":"4315","properties":{"lossyear":24}},{"type":"Feature","geometry":{"geodesic":false,"type":"Point","coordinates":[145.22022641328476,-41.709593741859535]},"id":"4316","properties":{"lossyear":24}},{"type":"Feature","geometry":{"geodesic":false,"type":"Point","coordinates":[146.6979550556614,-42.340211071311444]},"id":"4317","properties":{"lossyear":24}},{"type":"Feature","geometry":{"geodesic":false,"type":"Point","coordinates":[146.063744465073,-43.35620565765062]},"id":"4318","properties":{"lossyear":24}},{"type":"Feature","geometry":{"geodesic":false,"type":"Point","coordinates":[147.642084419271,-40.85439759137776]},"id":"4319","properties":{"lossyear":24}},{"type":"Feature","geometry":{"geodesic":false,"type":"Point","coordinates":[144.9444436210601,-41.46974356099963]},"id":"4320","properties":{"lossyear":24}},{"type":"Feature","geometry":{"geodesic":false,"type":"Point","coordinates":[146.01613375501466,-43.26727244452279]},"id":"4321","properties":{"lossyear":24}},{"type":"Feature","geometry":{"geodesic":false,"type":"Point","coordinates":[145.73406275580112,-41.261334415083894]},"id":"4322","properties":{}},{"type":"Feature","geometry":{"geodesic":false,"type":"Point","coordinates":[147.32318249340858,-41.13826522115953]},"id":"4323","properties":{"lossyear":24}},{"type":"Feature","geometry":{"geodesic":false,"type":"Point","coordinates":[146.35569693241183,-41.408658121679494]},"id":"4324","properties":{"lossyear":24}},{"type":"Feature","geometry":{"geodesic":false,"type":"Point","coordinates":[145.04595324816557,-41.222706857866754]},"id":"4325","properties":{"lossyear":24}},{"type":"Feature","geometry":{"geodesic":false,"type":"Point","coordinates":[147.52620174761955,-41.601795907765194]},"id":"4326","properties":{"lossyear":24}},{"type":"Feature","geometry":{"geodesic":false,"type":"Point","coordinates":[145.38910968669921,-41.88925679868345]},"id":"4327","properties":{"lossyear":24}},{"type":"Feature","geometry":{"geodesic":false,"type":"Point","coordinates":[145.27861690675252,-41.70600048072306]},"id":"4328","properties":{"lossyear":24}},{"type":"Feature","geometry":{"geodesic":false,"type":"Point","coordinates":[146.56680102417994,-42.262057641593046]},"id":"4329","properties":{"lossyear":24}},{"type":"Feature","geometry":{"geodesic":false,"type":"Point","coordinates":[148.0382414595677,-41.106824186215334]},"id":"4330","properties":{"lossyear":24}},{"type":"Feature","geometry":{"geodesic":false,"type":"Point","coordinates":[146.13111811138197,-41.479625029124946]},"id":"4331","properties":{"lossyear":24}},{"type":"Feature","geometry":{"geodesic":false,"type":"Point","coordinates":[145.1744123337947,-40.882245365185454]},"id":"4332","properties":{"lossyear":24}},{"type":"Feature","geometry":{"geodesic":false,"type":"Point","coordinates":[144.71267827775722,-40.71965029875983]},"id":"4333","properties":{"lossyear":24}},{"type":"Feature","geometry":{"geodesic":false,"type":"Point","coordinates":[147.0590777998774,-42.94118399638741]},"id":"4334","properties":{}},{"type":"Feature","geometry":{"geodesic":false,"type":"Point","coordinates":[144.95432508918537,-41.665576292937686]},"id":"4335","properties":{"lossyear":24}},{"type":"Feature","geometry":{"geodesic":false,"type":"Point","coordinates":[146.63327635520477,-42.24229470534242]},"id":"4336","properties":{"lossyear":24}},{"type":"Feature","geometry":{"geodesic":false,"type":"Point","coordinates":[147.84151041234554,-42.42824596915516]},"id":"4337","properties":{"lossyear":24}},{"type":"Feature","geometry":{"geodesic":false,"type":"Point","coordinates":[146.15896588518967,-42.61779049410437]},"id":"4338","properties":{"lossyear":24}},{"type":"Feature","geometry":{"geodesic":false,"type":"Point","coordinates":[144.94803688219656,-41.47064187628375]},"id":"4339","properties":{"lossyear":4}},{"type":"Feature","geometry":{"geodesic":false,"type":"Point","coordinates":[146.57398754645288,-42.237803128921826]},"id":"4340","properties":{}},{"type":"Feature","geometry":{"geodesic":false,"type":"Point","coordinates":[145.36665180459624,-41.934172562889415]},"id":"4341","properties":{"lossyear":24}},{"type":"Feature","geometry":{"geodesic":false,"type":"Point","coordinates":[145.38551642556274,-41.90003658209288]},"id":"4342","properties":{"lossyear":24}},{"type":"Feature","geometry":{"geodesic":false,"type":"Point","coordinates":[146.34761209485475,-41.27211419849333]},"id":"4343","properties":{}},{"type":"Feature","geometry":{"geodesic":false,"type":"Point","coordinates":[145.94247190171683,-42.85494572911193]},"id":"4344","properties":{}},{"type":"Feature","geometry":{"geodesic":false,"type":"Point","coordinates":[146.00355734103698,-41.42662442736189]},"id":"4345","properties":{"lossyear":24}},{"type":"Feature","geometry":{"geodesic":false,"type":"Point","coordinates":[145.17261570322643,-41.73294993924665]},"id":"4346","properties":{"lossyear":24}},{"type":"Feature","geometry":{"geodesic":false,"type":"Point","coordinates":[146.48505433332502,-42.63755343035501]},"id":"4347","properties":{}},{"type":"Feature","geometry":{"geodesic":false,"type":"Point","coordinates":[144.90940932497938,-41.46704861514726]},"id":"4348","properties":{"lossyear":24}},{"type":"Feature","geometry":{"geodesic":false,"type":"Point","coordinates":[145.06930944555268,-41.21641865087793]},"id":"4349","properties":{"lossyear":24}},{"type":"Feature","geometry":{"geodesic":false,"type":"Point","coordinates":[145.45648333300818,-42.243193020626535]},"id":"4350","properties":{"lossyear":24}},{"type":"Feature","geometry":{"geodesic":false,"type":"Point","coordinates":[146.65483592202366,-41.96291865198124]},"id":"4351","properties":{"lossyear":24}},{"type":"Feature","geometry":{"geodesic":false,"type":"Point","coordinates":[144.89683291100175,-41.48321829026142]},"id":"4352","properties":{"lossyear":24}},{"type":"Feature","geometry":{"geodesic":false,"type":"Point","coordinates":[144.90132448742236,-41.25953778451566]},"id":"4353","properties":{}},{"type":"Feature","geometry":{"geodesic":false,"type":"Point","coordinates":[146.6314797246365,-42.2413963900583]},"id":"4354","properties":{"lossyear":24}},{"type":"Feature","geometry":{"geodesic":false,"type":"Point","coordinates":[145.37743158800566,-41.90362984322935]},"id":"4355","properties":{}},{"type":"Feature","geometry":{"geodesic":false,"type":"Point","coordinates":[147.46691293886767,-41.48681155139789]},"id":"4356","properties":{"lossyear":24}},{"type":"Feature","geometry":{"geodesic":false,"type":"Point","coordinates":[144.90312111799057,-41.480523344409065]},"id":"4357","properties":{"lossyear":24}},{"type":"Feature","geometry":{"geodesic":false,"type":"Point","coordinates":[146.57308923116875,-42.24588796647889]},"id":"4358","properties":{"lossyear":24}},{"type":"Feature","geometry":{"geodesic":false,"type":"Point","coordinates":[144.9507318280489,-41.46345535401079]},"id":"4359","properties":{"lossyear":4}},{"type":"Feature","geometry":{"geodesic":false,"type":"Point","coordinates":[146.91983893083892,-42.80913164962183]},"id":"4360","properties":{"lossyear":24}},{"type":"Feature","geometry":{"geodesic":false,"type":"Point","coordinates":[146.56949597003228,-42.26026101102481]},"id":"4361","properties":{"lossyear":24}},{"type":"Feature","geometry":{"geodesic":false,"type":"Point","coordinates":[146.75544723384502,-43.094795909971836]},"id":"4362","properties":{"lossyear":24}},{"type":"Feature","geometry":{"geodesic":false,"type":"Point","coordinates":[147.68161029177224,-40.84002454683184]},"id":"4363","properties":{"lossyear":24}},{"type":"Feature","geometry":{"geodesic":false,"type":"Point","coordinates":[146.45361329838084,-41.27391082906158]},"id":"4364","properties":{"lossyear":23}},{"type":"Feature","geometry":{"geodesic":false,"type":"Point","coordinates":[146.9746361631702,-41.108620816783585]},"id":"4365","properties":{"lossyear":24}},{"type":"Feature","geometry":{"geodesic":false,"type":"Point","coordinates":[145.0800892289621,-41.775170757600264]},"id":"4366","properties":{"lossyear":24}},{"type":"Feature","geometry":{"geodesic":false,"type":"Point","coordinates":[147.89900259052916,-43.10737232394952]},"id":"4367","properties":{"lossyear":24}},{"type":"Feature","geometry":{"geodesic":false,"type":"Point","coordinates":[145.69004530687926,-41.46435366929491]},"id":"4368","properties":{"lossyear":24}},{"type":"Feature","geometry":{"geodesic":false,"type":"Point","coordinates":[146.49044422502976,-41.4823199749773]},"id":"4369","properties":{"lossyear":24}},{"type":"Feature","geometry":{"geodesic":false,"type":"Point","coordinates":[148.06968249451188,-42.667197834730956]},"id":"4370","properties":{}},{"type":"Feature","geometry":{"geodesic":false,"type":"Point","coordinates":[147.24143580255367,-41.17329951724018]},"id":"4371","properties":{"lossyear":24}},{"type":"Feature","geometry":{"geodesic":false,"type":"Point","coordinates":[144.9336638376506,-41.666474608221804]},"id":"4372","properties":{"lossyear":24}},{"type":"Feature","geometry":{"geodesic":false,"type":"Point","coordinates":[146.6386662469095,-42.26654921801364]},"id":"4373","properties":{"lossyear":24}},{"type":"Feature","geometry":{"geodesic":false,"type":"Point","coordinates":[145.21753146743242,-41.709593741859535]},"id":"4374","properties":{"lossyear":24}},{"type":"Feature","geometry":{"geodesic":false,"type":"Point","coordinates":[145.90025108336323,-41.313436701562836]},"id":"4375","properties":{"lossyear":24}},{"type":"Feature","geometry":{"geodesic":false,"type":"Point","coordinates":[147.66454230137396,-40.845414438536565]},"id":"4376","properties":{"lossyear":24}},{"type":"Feature","geometry":{"geodesic":false,"type":"Point","coordinates":[145.67118068591276,-41.46974356099963]},"id":"4377","properties":{"lossyear":24}},{"type":"Feature","geometry":{"geodesic":false,"type":"Point","coordinates":[145.3406006613568,-42.15605643806694]},"id":"4378","properties":{}},{"type":"Feature","geometry":{"geodesic":false,"type":"Point","coordinates":[147.67711871535164,-40.86068579836659]},"id":"4379","properties":{"lossyear":24}},{"type":"Feature","geometry":{"geodesic":false,"type":"Point","coordinates":[147.8909177529721,-43.03820204707232]},"id":"4380","properties":{"lossyear":24}},{"type":"Feature","geometry":{"geodesic":false,"type":"Point","coordinates":[147.88642617655148,-41.20833381332085]},"id":"4381","properties":{}},{"type":"Feature","geometry":{"geodesic":false,"type":"Point","coordinates":[147.77683171188892,-41.20833381332085]},"id":"4382","properties":{}},{"type":"Feature","geometry":{"geodesic":false,"type":"Point","coordinates":[144.96869813373132,-41.6619830318012]},"id":"4383","properties":{}},{"type":"Feature","geometry":{"geodesic":false,"type":"Point","coordinates":[145.35587202118683,-41.909918050218195]},"id":"4384","properties":{"lossyear":24}},{"type":"Feature","geometry":{"geodesic":false,"type":"Point","coordinates":[145.70352003614107,-41.06101010672525]},"id":"4385","properties":{"lossyear":24}},{"type":"Feature","geometry":{"geodesic":false,"type":"Point","coordinates":[145.98559103535462,-41.43291263435073]},"id":"4386","properties":{"lossyear":24}},{"type":"Feature","geometry":{"geodesic":false,"type":"Point","coordinates":[146.5209869446898,-42.289007100116635]},"id":"4387","properties":{"lossyear":24}},{"type":"Feature","geometry":{"geodesic":false,"type":"Point","coordinates":[146.5892589062829,-42.25936269574069]},"id":"4388","properties":{"lossyear":24}},{"type":"Feature","geometry":{"geodesic":false,"type":"Point","coordinates":[145.44300860374642,-42.24858291233126]},"id":"4389","properties":{"lossyear":24}},{"type":"Feature","geometry":{"geodesic":false,"type":"Point","coordinates":[147.6914917598976,-42.025800721869615]},"id":"4390","properties":{"lossyear":24}},{"type":"Feature","geometry":{"geodesic":false,"type":"Point","coordinates":[145.06391955384794,-41.23258832599207]},"id":"4391","properties":{"lossyear":16}},{"type":"Feature","geometry":{"geodesic":false,"type":"Point","coordinates":[146.55602124077046,-42.24588796647889]},"id":"4392","properties":{"lossyear":24}},{"type":"Feature","geometry":{"geodesic":false,"type":"Point","coordinates":[146.8569568609505,-43.08042286542593]},"id":"4393","properties":{"lossyear":24}},{"type":"Feature","geometry":{"geodesic":false,"type":"Point","coordinates":[145.2040567381706,-41.70869542657542]},"id":"4394","properties":{"lossyear":24}},{"type":"Feature","geometry":{"geodesic":false,"type":"Point","coordinates":[146.63507298577304,-42.2647525874454]},"id":"4395","properties":{"lossyear":24}},{"type":"Feature","geometry":{"geodesic":false,"type":"Point","coordinates":[145.244480925956,-41.71318700299602]},"id":"4396","properties":{"lossyear":24}},{"type":"Feature","geometry":{"geodesic":false,"type":"Point","coordinates":[145.67118068591276,-41.46525198457903]},"id":"4397","properties":{"lossyear":24}},{"type":"Feature","geometry":{"geodesic":false,"type":"Point","coordinates":[148.13705614082085,-41.18677424650198]},"id":"4398","properties":{"lossyear":24}},{"type":"Feature","geometry":{"geodesic":false,"type":"Point","coordinates":[146.55781787133873,-42.24678628176301]},"id":"4399","properties":{}},{"type":"Feature","geometry":{"geodesic":false,"type":"Point","coordinates":[148.23676913735812,-41.16072310326251]},"id":"4400","properties":{"lossyear":24}},{"type":"Feature","geometry":{"geodesic":false,"type":"Point","coordinates":[146.51380042241686,-43.031913840083476]},"id":"4401","properties":{"lossyear":24}},{"type":"Feature","geometry":{"geodesic":false,"type":"Point","coordinates":[145.3612619128915,-41.90722310436584]},"id":"4402","properties":{"lossyear":24}},{"type":"Feature","geometry":{"geodesic":false,"type":"Point","coordinates":[145.79514819512127,-41.371827195030605]},"id":"4403","properties":{"lossyear":24}},{"type":"Feature","geometry":{"geodesic":false,"type":"Point","coordinates":[145.9936758729117,-43.26996739037514]},"id":"4404","properties":{"lossyear":24}},{"type":"Feature","geometry":{"geodesic":false,"type":"Point","coordinates":[146.61531004952235,-42.223430084375906]},"id":"4405","properties":{"lossyear":24}},{"type":"Feature","geometry":{"geodesic":false,"type":"Point","coordinates":[147.76695024376363,-41.65030493310765]},"id":"4406","properties":{"lossyear":24}},{"type":"Feature","geometry":{"geodesic":false,"type":"Point","coordinates":[145.45199175658757,-42.24049807477418]},"id":"4407","properties":{"lossyear":24}},{"type":"Feature","geometry":{"geodesic":false,"type":"Point","coordinates":[145.00463074509605,-40.97028026302917]},"id":"4408","properties":{"lossyear":24}},{"type":"Feature","geometry":{"geodesic":false,"type":"Point","coordinates":[146.7123281002073,-42.35099085472088]},"id":"4409","properties":{"lossyear":24}},{"type":"Feature","geometry":{"geodesic":false,"type":"Point","coordinates":[145.24268429538773,-41.70689879600718]},"id":"4410","properties":{"lossyear":24}},{"type":"Feature","geometry":{"geodesic":false,"type":"Point","coordinates":[146.65483592202366,-41.408658121679494]},"id":"4411","properties":{"lossyear":24}},{"type":"Feature","geometry":{"geodesic":false,"type":"Point","coordinates":[147.70855975029582,-41.473336822136105]},"id":"4412","properties":{"lossyear":24}},{"type":"Feature","geometry":{"geodesic":false,"type":"Point","coordinates":[144.9552234044695,-41.666474608221804]},"id":"4413","properties":{"lossyear":24}},{"type":"Feature","geometry":{"geodesic":false,"type":"Point","coordinates":[147.67172882364696,-40.85529590666188]},"id":"4414","properties":{"lossyear":24}},{"type":"Feature","geometry":{"geodesic":false,"type":"Point","coordinates":[145.23100619669418,-41.710492057143654]},"id":"4415","properties":{"lossyear":24}},{"type":"Feature","geometry":{"geodesic":false,"type":"Point","coordinates":[146.5425465115087,-42.21983682323943]},"id":"4416","properties":{"lossyear":24}},{"type":"Feature","geometry":{"geodesic":false,"type":"Point","coordinates":[145.97481125194514,-43.26817075980691]},"id":"4417","properties":{"lossyear":24}},{"type":"Feature","geometry":{"geodesic":false,"type":"Point","coordinates":[145.44480523431463,-42.26654921801364]},"id":"4418","properties":{"lossyear":24}},{"type":"Feature","geometry":{"geodesic":false,"type":"Point","coordinates":[146.05655794280005,-41.47782839855671]},"id":"4419","properties":{"lossyear":24}},{"type":"Feature","geometry":{"geodesic":false,"type":"Point","coordinates":[146.78419332293686,-43.01933742610581]},"id":"4420","properties":{"lossyear":24}},{"type":"Feature","geometry":{"geodesic":false,"type":"Point","coordinates":[147.79300138700307,-41.99076642578895]},"id":"4421","properties":{"lossyear":3}},{"type":"Feature","geometry":{"geodesic":false,"type":"Point","coordinates":[146.47517286519974,-42.63935006092325]},"id":"4422","properties":{"lossyear":24}},{"type":"Feature","geometry":{"geodesic":false,"type":"Point","coordinates":[146.1230332738249,-41.16251973383075]},"id":"4423","properties":{"lossyear":24}},{"type":"Feature","geometry":{"geodesic":false,"type":"Point","coordinates":[147.64477936512333,-41.1876725617861]},"id":"4424","properties":{"lossyear":24}},{"type":"Feature","geometry":{"geodesic":false,"type":"Point","coordinates":[146.48595264860916,-42.988794706445745]},"id":"4425","properties":{"lossyear":24}},{"type":"Feature","geometry":{"geodesic":false,"type":"Point","coordinates":[145.94696347813743,-41.36553898804176]},"id":"4426","properties":{"lossyear":24}},{"type":"Feature","geometry":{"geodesic":false,"type":"Point","coordinates":[147.65016925682806,-40.83553297041125]},"id":"4427","properties":{"lossyear":24}},{"type":"Feature","geometry":{"geodesic":false,"type":"Point","coordinates":[146.55332629491812,-42.23420986778534]},"id":"4428","properties":{}},{"type":"Feature","geometry":{"geodesic":false,"type":"Point","coordinates":[146.55063134906578,-42.24678628176301]},"id":"4429","properties":{"lossyear":24}},{"type":"Feature","geometry":{"geodesic":false,"type":"Point","coordinates":[146.59195385213525,-42.25397280403597]},"id":"4430","properties":{"lossyear":24}},{"type":"Feature","geometry":{"geodesic":false,"type":"Point","coordinates":[147.38426793272868,-41.5056761723644]},"id":"4431","properties":{}},{"type":"Feature","geometry":{"geodesic":false,"type":"Point","coordinates":[145.9227089654662,-42.71930012120988]},"id":"4432","properties":{"lossyear":24}},{"type":"Feature","geometry":{"geodesic":false,"type":"Point","coordinates":[145.92181065018212,-42.720198436494]},"id":"4433","properties":{"lossyear":24}},{"type":"Feature","geometry":{"geodesic":false,"type":"Point","coordinates":[147.84510367348201,-42.59173935086491]},"id":"4434","properties":{}},{"type":"Feature","geometry":{"geodesic":false,"type":"Point","coordinates":[145.35856696703917,-41.89913826680876]},"id":"4435","properties":{"lossyear":24}},{"type":"Feature","geometry":{"geodesic":false,"type":"Point","coordinates":[147.52799837818782,-41.26492767622038]},"id":"4436","properties":{"lossyear":24}},{"type":"Feature","geometry":{"geodesic":false,"type":"Point","coordinates":[145.20495505345474,-41.70330553487071]},"id":"4437","properties":{"lossyear":24}},{"type":"Feature","geometry":{"geodesic":false,"type":"Point","coordinates":[147.35462352835276,-41.35565751991645]},"id":"4438","properties":{"lossyear":24}},{"type":"Feature","geometry":{"geodesic":false,"type":"Point","coordinates":[146.48415601804095,-42.63845174563913]},"id":"4439","properties":{"lossyear":24}},{"type":"Feature","geometry":{"geodesic":false,"type":"Point","coordinates":[144.97049476429953,-41.6386268344141]},"id":"4440","properties":{"lossyear":14}},{"type":"Feature","geometry":{"geodesic":false,"type":"Point","coordinates":[147.8576800874597,-41.92518941004822]},"id":"4441","properties":{}},{"type":"Feature","geometry":{"geodesic":false,"type":"Point","coordinates":[148.23766745264226,-41.16072310326251]},"id":"4442","properties":{"lossyear":24}},{"type":"Feature","geometry":{"geodesic":false,"type":"Point","coordinates":[145.23729440368305,-41.69522069731363]},"id":"4443","properties":{"lossyear":24}},{"type":"Feature","geometry":{"geodesic":false,"type":"Point","coordinates":[147.05548453874093,-42.43273754557576]},"id":"4444","properties":{}},{"type":"Feature","geometry":{"geodesic":false,"type":"Point","coordinates":[145.19148032419292,-41.73384825453077]},"id":"4445","properties":{}},{"type":"Feature","geometry":{"geodesic":false,"type":"Point","coordinates":[146.72849777532144,-42.35009253943676]},"id":"4446","properties":{"lossyear":24}},{"type":"Feature","geometry":{"geodesic":false,"type":"Point","coordinates":[147.9142739503592,-42.666299519446824]},"id":"4447","properties":{"lossyear":24}},{"type":"Feature","geometry":{"geodesic":false,"type":"Point","coordinates":[146.6359713010571,-42.34200770187968]},"id":"4448","properties":{"lossyear":24}},{"type":"Feature","geometry":{"geodesic":false,"type":"Point","coordinates":[147.54147310744958,-41.2200119120144]},"id":"4449","properties":{"lossyear":24}},{"type":"Feature","geometry":{"geodesic":false,"type":"Point","coordinates":[146.00176071046877,-41.42482779679365]},"id":"4450","properties":{}},{"type":"Feature","geometry":{"geodesic":false,"type":"Point","coordinates":[145.9298954877392,-42.827097955304225]},"id":"4451","properties":{"lossyear":23}},{"type":"Feature","geometry":{"geodesic":false,"type":"Point","coordinates":[147.0402131789109,-41.03855222462225]},"id":"4452","properties":{}},{"type":"Feature","geometry":{"geodesic":false,"type":"Point","coordinates":[146.9000759945883,-43.47568159043851]},"id":"4453","properties":{"lossyear":24}},{"type":"Feature","geometry":{"geodesic":false,"type":"Point","coordinates":[146.46169813593792,-42.53155222682891]},"id":"4454","properties":{}},{"type":"Feature","geometry":{"geodesic":false,"type":"Point","coordinates":[147.747187307513,-41.98986811050483]},"id":"4455","properties":{"lossyear":24}},{"type":"Feature","geometry":{"geodesic":false,"type":"Point","coordinates":[144.9785796018566,-40.876855473480745]},"id":"4456","properties":{"lossyear":24}},{"type":"Feature","geometry":{"geodesic":false,"type":"Point","coordinates":[145.3783299032898,-41.91261299607055]},"id":"4457","properties":{"lossyear":13}},{"type":"Feature","geometry":{"geodesic":false,"type":"Point","coordinates":[145.20675168402295,-41.679051022199474]},"id":"4458","properties":{"lossyear":24}},{"type":"Feature","geometry":{"geodesic":false,"type":"Point","coordinates":[146.88390631947414,-43.40561299827719]},"id":"4459","properties":{"lossyear":24}},{"type":"Feature","geometry":{"geodesic":false,"type":"Point","coordinates":[145.9909809270593,-41.430217688498374]},"id":"4460","properties":{"lossyear":24}},{"type":"Feature","geometry":{"geodesic":false,"type":"Point","coordinates":[145.55350138369312,-41.171502886671945]},"id":"4461","properties":{"lossyear":21}},{"type":"Feature","geometry":{"geodesic":false,"type":"Point","coordinates":[145.46007659414465,-42.243193020626535]},"id":"4462","properties":{"lossyear":24}},{"type":"Feature","geometry":{"geodesic":false,"type":"Point","coordinates":[144.9830711782772,-40.87505884291251]},"id":"4463","properties":{}},{"type":"Feature","geometry":{"geodesic":false,"type":"Point","coordinates":[146.77521017009565,-41.25145294695858]},"id":"4464","properties":{"lossyear":24}},{"type":"Feature","geometry":{"geodesic":false,"type":"Point","coordinates":[147.75347551450182,-41.66737292350592]},"id":"4465","properties":{"lossyear":24}},{"type":"Feature","geometry":{"geodesic":false,"type":"Point","coordinates":[145.97481125194514,-43.26637412923867]},"id":"4466","properties":{"lossyear":24}},{"type":"Feature","geometry":{"geodesic":false,"type":"Point","coordinates":[146.50391895429158,-42.9780149230363]},"id":"4467","properties":{"lossyear":24}},{"type":"Feature","geometry":{"geodesic":false,"type":"Point","coordinates":[144.83754410224986,-41.49399807367085]},"id":"4468","properties":{"lossyear":24}},{"type":"Feature","geometry":{"geodesic":false,"type":"Point","coordinates":[147.7570687756383,-41.66827123879004]},"id":"4469","properties":{"lossyear":24}},{"type":"Feature","geometry":{"geodesic":false,"type":"Point","coordinates":[144.8034081214533,-41.01878928837162]},"id":"4470","properties":{}},{"type":"Feature","geometry":{"geodesic":false,"type":"Point","coordinates":[146.55781787133873,-42.26385427216128]},"id":"4471","properties":{"lossyear":24}},{"type":"Feature","geometry":{"geodesic":false,"type":"Point","coordinates":[147.07345084442335,-41.24516473996975]},"id":"4472","properties":{"lossyear":24}},{"type":"Feature","geometry":{"geodesic":false,"type":"Point","coordinates":[146.16076251575788,-41.45806546230608]},"id":"4473","properties":{}},{"type":"Feature","geometry":{"geodesic":false,"type":"Point","coordinates":[144.9372570987871,-41.48142165969318]},"id":"4474","properties":{"lossyear":24}},{"type":"Feature","geometry":{"geodesic":false,"type":"Point","coordinates":[147.36001342005744,-43.24211961656745]},"id":"4475","properties":{"lossyear":24}},{"type":"Feature","geometry":{"geodesic":false,"type":"Point","coordinates":[146.67998874997897,-41.96291865198124]},"id":"4476","properties":{"lossyear":24}},{"type":"Feature","geometry":{"geodesic":false,"type":"Point","coordinates":[147.87025650143732,-41.95483381442416]},"id":"4477","properties":{"lossyear":24}},{"type":"Feature","geometry":{"geodesic":false,"type":"Point","coordinates":[147.62860969000917,-41.22719843428736]},"id":"4478","properties":{"lossyear":24}},{"type":"Feature","geometry":{"geodesic":false,"type":"Point","coordinates":[146.56230944775933,-42.24948122761538]},"id":"4479","properties":{"lossyear":24}},{"type":"Feature","geometry":{"geodesic":false,"type":"Point","coordinates":[146.8874995806106,-42.85764067496429]},"id":"4480","properties":{"lossyear":24}},{"type":"Feature","geometry":{"geodesic":false,"type":"Point","coordinates":[145.1932769547612,-41.70869542657542]},"id":"4481","properties":{"lossyear":24}},{"type":"Feature","geometry":{"geodesic":false,"type":"Point","coordinates":[146.56500439361167,-42.25397280403597]},"id":"4482","properties":{"lossyear":24}},{"type":"Feature","geometry":{"geodesic":false,"type":"Point","coordinates":[144.94534193634416,-41.66737292350592]},"id":"4483","properties":{"lossyear":24}},{"type":"Feature","geometry":{"geodesic":false,"type":"Point","coordinates":[146.65483592202366,-41.41225138281598]},"id":"4484","properties":{}},{"type":"Feature","geometry":{"geodesic":false,"type":"Point","coordinates":[144.9677998184472,-41.6844409139042]},"id":"4485","properties":{"lossyear":24}},{"type":"Feature","geometry":{"geodesic":false,"type":"Point","coordinates":[147.7067631197276,-41.07089157485056]},"id":"4486","properties":{"lossyear":24}},{"type":"Feature","geometry":{"geodesic":false,"type":"Point","coordinates":[144.8591036690687,-41.47872671384083]},"id":"4487","properties":{"lossyear":24}},{"type":"Feature","geometry":{"geodesic":false,"type":"Point","coordinates":[146.33503568087707,-43.34542587424119]},"id":"4488","properties":{"lossyear":24}},{"type":"Feature","geometry":{"geodesic":false,"type":"Point","coordinates":[145.97930282836575,-43.257390976397474]},"id":"4489","properties":{"lossyear":24}},{"type":"Feature","geometry":{"geodesic":false,"type":"Point","coordinates":[147.44265842619643,-41.13197701417069]},"id":"4490","properties":{"lossyear":24}},{"type":"Feature","geometry":{"geodesic":false,"type":"Point","coordinates":[146.59914037440825,-42.24678628176301]},"id":"4491","properties":{"lossyear":24}},{"type":"Feature","geometry":{"geodesic":false,"type":"Point","coordinates":[144.9462402516283,-41.659288085948845]},"id":"4492","properties":{"lossyear":24}},{"type":"Feature","geometry":{"geodesic":false,"type":"Point","coordinates":[144.98127454770895,-40.876855473480745]},"id":"4493","properties":{"lossyear":24}},{"type":"Feature","geometry":{"geodesic":false,"type":"Point","coordinates":[146.86863495964406,-43.20259374406618]},"id":"4494","properties":{"lossyear":24}},{"type":"Feature","geometry":{"geodesic":false,"type":"Point","coordinates":[145.387313056131,-41.91890120305939]},"id":"4495","properties":{}},{"type":"Feature","geometry":{"geodesic":false,"type":"Point","coordinates":[146.52997009753102,-43.013049219116965]},"id":"4496","properties":{"lossyear":24}},{"type":"Feature","geometry":{"geodesic":false,"type":"Point","coordinates":[147.4911674515389,-41.449980624749]},"id":"4497","properties":{"lossyear":24}},{"type":"Feature","geometry":{"geodesic":false,"type":"Point","coordinates":[146.59914037440825,-42.2413963900583]},"id":"4498","properties":{"lossyear":24}},{"type":"Feature","geometry":{"geodesic":false,"type":"Point","coordinates":[147.27377515278198,-41.14904500456896]},"id":"4499","properties":{}},{"type":"Feature","geometry":{"geodesic":false,"type":"Point","coordinates":[144.9372570987871,-40.86787232063955]},"id":"4500","properties":{"lossyear":24}},{"type":"Feature","geometry":{"geodesic":false,"type":"Point","coordinates":[147.64388104983925,-40.842719492684196]},"id":"4501","properties":{"lossyear":24}},{"type":"Feature","geometry":{"geodesic":false,"type":"Point","coordinates":[147.8361205206408,-42.26744753329777]},"id":"4502","properties":{"lossyear":24}},{"type":"Feature","geometry":{"geodesic":false,"type":"Point","coordinates":[145.20495505345474,-41.44279410247604]},"id":"4503","properties":{"lossyear":24}},{"type":"Feature","geometry":{"geodesic":false,"type":"Point","coordinates":[145.24358261067187,-41.70689879600718]},"id":"4504","properties":{"lossyear":24}},{"type":"Feature","geometry":{"geodesic":false,"type":"Point","coordinates":[146.59105553685117,-42.24229470534242]},"id":"4505","properties":{"lossyear":24}},{"type":"Feature","geometry":{"geodesic":false,"type":"Point","coordinates":[146.52458020582628,-42.28990541540075]},"id":"4506","properties":{"lossyear":24}},{"type":"Feature","geometry":{"geodesic":false,"type":"Point","coordinates":[145.37294001158506,-42.238701444205944]},"id":"4507","properties":{"lossyear":24}},{"type":"Feature","geometry":{"geodesic":false,"type":"Point","coordinates":[147.88373123069914,-42.16863285204461]},"id":"4508","properties":{"lossyear":24}},{"type":"Feature","geometry":{"geodesic":false,"type":"Point","coordinates":[147.66633893194222,-40.86068579836659]},"id":"4509","properties":{"lossyear":24}},{"type":"Feature","geometry":{"geodesic":false,"type":"Point","coordinates":[144.92557900009353,-40.62802213977963]},"id":"4510","properties":{}},{"type":"Feature","geometry":{"geodesic":false,"type":"Point","coordinates":[146.39791775076543,-42.10934404329272]},"id":"4511","properties":{"lossyear":24}},{"type":"Feature","geometry":{"geodesic":false,"type":"Point","coordinates":[145.9442685322851,-42.814521541326556]},"id":"4512","properties":{}},{"type":"Feature","geometry":{"geodesic":false,"type":"Point","coordinates":[145.37204169630098,-41.896443320956394]},"id":"4513","properties":{"lossyear":24}},{"type":"Feature","geometry":{"geodesic":false,"type":"Point","coordinates":[146.58566564514643,-42.27283742500248]},"id":"4514","properties":{}},{"type":"Feature","geometry":{"geodesic":false,"type":"Point","coordinates":[144.98037623242487,-41.67455944577888]},"id":"4515","properties":{"lossyear":24}},{"type":"Feature","geometry":{"geodesic":false,"type":"Point","coordinates":[147.64028778870278,-40.86607569007131]},"id":"4516","properties":{"lossyear":24}},{"type":"Feature","geometry":{"geodesic":false,"type":"Point","coordinates":[146.71322641549142,-42.344702647732035]},"id":"4517","properties":{"lossyear":24}},{"type":"Feature","geometry":{"geodesic":false,"type":"Point","coordinates":[146.55063134906578,-42.371652106255624]},"id":"4518","properties":{"lossyear":24}},{"type":"Feature","geometry":{"geodesic":false,"type":"Point","coordinates":[144.93456215293475,-41.47513345270434]},"id":"4519","properties":{"lossyear":24}},{"type":"Feature","geometry":{"geodesic":false,"type":"Point","coordinates":[147.05368790817272,-42.49741624603236]},"id":"4520","properties":{"lossyear":24}},{"type":"Feature","geometry":{"geodesic":false,"type":"Point","coordinates":[145.22471798970537,-41.678152706915355]},"id":"4521","properties":{"lossyear":24}},{"type":"Feature","geometry":{"geodesic":false,"type":"Point","coordinates":[146.93151702953247,-42.77140240768881]},"id":"4522","properties":{}},{"type":"Feature","geometry":{"geodesic":false,"type":"Point","coordinates":[146.6386662469095,-42.24409133591065]},"id":"4523","properties":{"lossyear":24}},{"type":"Feature","geometry":{"geodesic":false,"type":"Point","coordinates":[144.9597149808901,-41.47872671384083]},"id":"4524","properties":{}},{"type":"Feature","geometry":{"geodesic":false,"type":"Point","coordinates":[145.18968369362472,-41.723966786405455]},"id":"4525","properties":{"lossyear":24}},{"type":"Feature","geometry":{"geodesic":false,"type":"Point","coordinates":[146.1553726240532,-41.45626883173783]},"id":"4526","properties":{"lossyear":24}},{"type":"Feature","geometry":{"geodesic":false,"type":"Point","coordinates":[147.5890838175079,-41.20743549803673]},"id":"4527","properties":{"lossyear":24}},{"type":"Feature","geometry":{"geodesic":false,"type":"Point","coordinates":[146.96026311862425,-41.30984344042635]},"id":"4528","properties":{}},{"type":"Feature","geometry":{"geodesic":false,"type":"Point","coordinates":[147.8873244918356,-42.180310950738175]},"id":"4529","properties":{}},{"type":"Feature","geometry":{"geodesic":false,"type":"Point","coordinates":[145.38821137141514,-41.90632478908172]},"id":"4530","properties":{"lossyear":24}},{"type":"Feature","geometry":{"geodesic":false,"type":"Point","coordinates":[145.25526070936542,-41.70330553487071]},"id":"4531","properties":{"lossyear":24}},{"type":"Feature","geometry":{"geodesic":false,"type":"Point","coordinates":[147.32408080869266,-41.33679289894994]},"id":"4532","properties":{"lossyear":24}},{"type":"Feature","geometry":{"geodesic":false,"type":"Point","coordinates":[147.93852846303042,-41.91890120305939]},"id":"4533","properties":{"lossyear":24}},{"type":"Feature","geometry":{"geodesic":false,"type":"Point","coordinates":[147.45433652489004,-41.26402936093626]},"id":"4534","properties":{"lossyear":24}},{"type":"Feature","geometry":{"geodesic":false,"type":"Point","coordinates":[145.97031967552454,-43.290628641909905]},"id":"4535","properties":{"lossyear":24}},{"type":"Feature","geometry":{"geodesic":false,"type":"Point","coordinates":[145.4483984954511,-42.26565090272952]},"id":"4536","properties":{"lossyear":24}},{"type":"Feature","geometry":{"geodesic":false,"type":"Point","coordinates":[145.20046347703413,-41.68084765276771]},"id":"4537","properties":{"lossyear":24}},{"type":"Feature","geometry":{"geodesic":false,"type":"Point","coordinates":[147.72652605597824,-42.01232599260781]},"id":"4538","properties":{"lossyear":24}},{"type":"Feature","geometry":{"geodesic":false,"type":"Point","coordinates":[144.9444436210601,-41.65659314009649]},"id":"4539","properties":{"lossyear":24}},{"type":"Feature","geometry":{"geodesic":false,"type":"Point","coordinates":[146.63776793162538,-42.26744753329777]},"id":"4540","properties":{"lossyear":24}},{"type":"Feature","geometry":{"geodesic":false,"type":"Point","coordinates":[146.6593274984442,-41.36553898804176]},"id":"4541","properties":{}},{"type":"Feature","geometry":{"geodesic":false,"type":"Point","coordinates":[147.48308261398182,-42.397703249495095]},"id":"4542","properties":{"lossyear":9}},{"type":"Feature","geometry":{"geodesic":false,"type":"Point","coordinates":[145.2274129355577,-41.710492057143654]},"id":"4543","properties":{"lossyear":24}},{"type":"Feature","geometry":{"geodesic":false,"type":"Point","coordinates":[144.9651048725948,-41.69162743617714]},"id":"4544","properties":{"lossyear":24}},{"type":"Feature","geometry":{"geodesic":false,"type":"Point","coordinates":[145.37653327272153,-41.900934897377]},"id":"4545","properties":{"lossyear":24}},{"type":"Feature","geometry":{"geodesic":false,"type":"Point","coordinates":[145.23819271896713,-41.705102165438944]},"id":"4546","properties":{"lossyear":24}},{"type":"Feature","geometry":{"geodesic":false,"type":"Point","coordinates":[146.54524145736104,-42.22163345380767]},"id":"4547","properties":{"lossyear":24}},{"type":"Feature","geometry":{"geodesic":false,"type":"Point","coordinates":[144.96869813373132,-41.64132178026645]},"id":"4548","properties":{"lossyear":14}},{"type":"Feature","geometry":{"geodesic":false,"type":"Point","coordinates":[147.88373123069914,-42.17492105903345]},"id":"4549","properties":{"lossyear":24}},{"type":"Feature","geometry":{"geodesic":false,"type":"Point","coordinates":[146.4787661263362,-42.61240060239966]},"id":"4550","properties":{"lossyear":24}},{"type":"Feature","geometry":{"geodesic":false,"type":"Point","coordinates":[147.0402131789109,-43.19271227594086]},"id":"4551","properties":{"lossyear":24}},{"type":"Feature","geometry":{"geodesic":false,"type":"Point","coordinates":[146.96385637976073,-41.53262563088799]},"id":"4552","properties":{"lossyear":3}},{"type":"Feature","geometry":{"geodesic":false,"type":"Point","coordinates":[146.47966444162034,-42.67797761814039]},"id":"4553","properties":{"lossyear":24}},{"type":"Feature","geometry":{"geodesic":false,"type":"Point","coordinates":[147.11656997806108,-42.988794706445745]},"id":"4554","properties":{"lossyear":24}},{"type":"Feature","geometry":{"geodesic":false,"type":"Point","coordinates":[146.51559705298513,-42.99867617457106]},"id":"4555","properties":{}},{"type":"Feature","geometry":{"geodesic":false,"type":"Point","coordinates":[147.68250860705638,-41.46345535401079]},"id":"4556","properties":{"lossyear":15}},{"type":"Feature","geometry":{"geodesic":false,"type":"Point","coordinates":[146.50302063900745,-42.97531997718394]},"id":"4557","properties":{"lossyear":24}},{"type":"Feature","geometry":{"geodesic":false,"type":"Point","coordinates":[146.3592901935483,-41.408658121679494]},"id":"4558","properties":{"lossyear":24}},{"type":"Feature","geometry":{"geodesic":false,"type":"Point","coordinates":[145.8355723829066,-41.39428507713359]},"id":"4559","properties":{"lossyear":24}},{"type":"Feature","geometry":{"geodesic":false,"type":"Point","coordinates":[146.09518550001718,-41.33230132252935]},"id":"4560","properties":{"lossyear":24}},{"type":"Feature","geometry":{"geodesic":false,"type":"Point","coordinates":[147.642084419271,-40.87236389706014]},"id":"4561","properties":{"lossyear":24}},{"type":"Feature","geometry":{"geodesic":false,"type":"Point","coordinates":[145.38641474084687,-41.88925679868345]},"id":"4562","properties":{}},{"type":"Feature","geometry":{"geodesic":false,"type":"Point","coordinates":[146.63956456219358,-42.24409133591065]},"id":"4563","properties":{"lossyear":3}},{"type":"Feature","geometry":{"geodesic":false,"type":"Point","coordinates":[146.161660831042,-41.460760408158436]},"id":"4564","properties":{"lossyear":24}},{"type":"Feature","geometry":{"geodesic":false,"type":"Point","coordinates":[145.16902244208995,-41.73294993924665]},"id":"4565","properties":{"lossyear":24}},{"type":"Feature","geometry":{"geodesic":false,"type":"Point","coordinates":[145.4466018648829,-42.25217617346773]},"id":"4566","properties":{"lossyear":24}},{"type":"Feature","geometry":{"geodesic":false,"type":"Point","coordinates":[145.09536058879218,-40.97567015473389]},"id":"4567","properties":{"lossyear":24}},{"type":"Feature","geometry":{"geodesic":false,"type":"Point","coordinates":[146.98272100072728,-41.18946919235434]},"id":"4568","properties":{"lossyear":24}},{"type":"Feature","geometry":{"geodesic":false,"type":"Point","coordinates":[147.17046889510823,-41.016992657803385]},"id":"4569","properties":{}},{"type":"Feature","geometry":{"geodesic":false,"type":"Point","coordinates":[147.5917787633603,-41.14904500456896]},"id":"4570","properties":{"lossyear":24}},{"type":"Feature","geometry":{"geodesic":false,"type":"Point","coordinates":[145.9784045130816,-41.2200119120144]},"id":"4571","properties":{}},{"type":"Feature","geometry":{"geodesic":false,"type":"Point","coordinates":[146.5021223237233,-42.99598122871869]},"id":"4572","properties":{"lossyear":24}},{"type":"Feature","geometry":{"geodesic":false,"type":"Point","coordinates":[147.3168942864197,-41.11041744735182]},"id":"4573","properties":{"lossyear":24}},{"type":"Feature","geometry":{"geodesic":false,"type":"Point","coordinates":[147.8639682944485,-41.806611792544444]},"id":"4574","properties":{}},{"type":"Feature","geometry":{"geodesic":false,"type":"Point","coordinates":[147.84330704291375,-42.25397280403597]},"id":"4575","properties":{"lossyear":24}},{"type":"Feature","geometry":{"geodesic":false,"type":"Point","coordinates":[147.26299536937256,-43.094795909971836]},"id":"4576","properties":{}},{"type":"Feature","geometry":{"geodesic":false,"type":"Point","coordinates":[147.17496047152883,-43.167559447985525]},"id":"4577","properties":{"lossyear":24}},{"type":"Feature","geometry":{"geodesic":false,"type":"Point","coordinates":[147.24592737897427,-41.178689408944905]},"id":"4578","properties":{"lossyear":24}},{"type":"Feature","geometry":{"geodesic":false,"type":"Point","coordinates":[148.02835999144236,-41.02597581064458]},"id":"4579","properties":{"lossyear":24}},{"type":"Feature","geometry":{"geodesic":false,"type":"Point","coordinates":[144.97678297128834,-41.68084765276771]},"id":"4580","properties":{}},{"type":"Feature","geometry":{"geodesic":false,"type":"Point","coordinates":[144.94983351276477,-40.90560156257257]},"id":"4581","properties":{"lossyear":24}},{"type":"Feature","geometry":{"geodesic":false,"type":"Point","coordinates":[148.23317587622165,-41.15623152684192]},"id":"4582","properties":{"lossyear":24}},{"type":"Feature","geometry":{"geodesic":false,"type":"Point","coordinates":[147.04380644004738,-42.49292466961177]},"id":"4583","properties":{"lossyear":24}},{"type":"Feature","geometry":{"geodesic":false,"type":"Point","coordinates":[145.37024506573272,-41.935969193457666]},"id":"4584","properties":{"lossyear":24}},{"type":"Feature","geometry":{"geodesic":false,"type":"Point","coordinates":[145.23280282726245,-41.70061058901834]},"id":"4585","properties":{"lossyear":24}},{"type":"Feature","geometry":{"geodesic":false,"type":"Point","coordinates":[147.82444242194725,-42.26744753329777]},"id":"4586","properties":{"lossyear":24}},{"type":"Feature","geometry":{"geodesic":false,"type":"Point","coordinates":[146.6018353202606,-42.24229470534242]},"id":"4587","properties":{"lossyear":24}},{"type":"Feature","geometry":{"geodesic":false,"type":"Point","coordinates":[146.514698737701,-42.28451552369603]},"id":"4588","properties":{"lossyear":24}},{"type":"Feature","geometry":{"geodesic":false,"type":"Point","coordinates":[146.37366323809425,-41.29636871116456]},"id":"4589","properties":{"lossyear":24}},{"type":"Feature","geometry":{"geodesic":false,"type":"Point","coordinates":[144.93546046821888,-41.45986209287432]},"id":"4590","properties":{"lossyear":24}},{"type":"Feature","geometry":{"geodesic":false,"type":"Point","coordinates":[145.4528900718717,-42.243193020626535]},"id":"4591","properties":{"lossyear":24}},{"type":"Feature","geometry":{"geodesic":false,"type":"Point","coordinates":[147.5827956105191,-40.998128036836874]},"id":"4592","properties":{"lossyear":24}},{"type":"Feature","geometry":{"geodesic":false,"type":"Point","coordinates":[145.44031365789402,-42.237803128921826]},"id":"4593","properties":{"lossyear":24}},{"type":"Feature","geometry":{"geodesic":false,"type":"Point","coordinates":[146.16076251575788,-42.615095548252015]},"id":"4594","properties":{"lossyear":24}},{"type":"Feature","geometry":{"geodesic":false,"type":"Point","coordinates":[144.95252845861717,-41.68264428333596]},"id":"4595","properties":{"lossyear":24}},{"type":"Feature","geometry":{"geodesic":false,"type":"Point","coordinates":[147.34384374494329,-41.31253838627872]},"id":"4596","properties":{"lossyear":24}},{"type":"Feature","geometry":{"geodesic":false,"type":"Point","coordinates":[147.47859103756122,-40.99004319927981]},"id":"4597","properties":{"lossyear":24}},{"type":"Feature","geometry":{"geodesic":false,"type":"Point","coordinates":[147.8037811704125,-42.02041083016489]},"id":"4598","properties":{}},{"type":"Feature","geometry":{"geodesic":false,"type":"Point","coordinates":[146.82192256486985,-41.61886389816347]},"id":"4599","properties":{"lossyear":24}},{"type":"Feature","geometry":{"geodesic":false,"type":"Point","coordinates":[144.94803688219656,-41.66467797765357]},"id":"4600","properties":{"lossyear":24}},{"type":"Feature","geometry":{"geodesic":false,"type":"Point","coordinates":[145.21303989101182,-41.673661130494764]},"id":"4601","properties":{"lossyear":24}},{"type":"Feature","geometry":{"geodesic":false,"type":"Point","coordinates":[144.85371377736402,-41.48950649725026]},"id":"4602","properties":{"lossyear":24}},{"type":"Feature","geometry":{"geodesic":false,"type":"Point","coordinates":[148.04093640542004,-41.42572611207777]},"id":"4603","properties":{"lossyear":24}},{"type":"Feature","geometry":{"geodesic":false,"type":"Point","coordinates":[148.26461691116583,-41.974596750674806]},"id":"4604","properties":{}},{"type":"Feature","geometry":{"geodesic":false,"type":"Point","coordinates":[147.7121530114323,-41.125688807181845]},"id":"4605","properties":{"lossyear":24}},{"type":"Feature","geometry":{"geodesic":false,"type":"Point","coordinates":[146.69436179452492,-42.34200770187968]},"id":"4606","properties":{"lossyear":24}},{"type":"Feature","geometry":{"geodesic":false,"type":"Point","coordinates":[146.90456757100884,-42.815419856610674]},"id":"4607","properties":{}},{"type":"Feature","geometry":{"geodesic":false,"type":"Point","coordinates":[147.48038766812948,-41.5281340544674]},"id":"4608","properties":{"lossyear":24}},{"type":"Feature","geometry":{"geodesic":false,"type":"Point","coordinates":[144.9444436210601,-41.47154019156787]},"id":"4609","properties":{"lossyear":4}},{"type":"Feature","geometry":{"geodesic":false,"type":"Point","coordinates":[146.91534735441832,-42.85764067496429]},"id":"4610","properties":{"lossyear":24}},{"type":"Feature","geometry":{"geodesic":false,"type":"Point","coordinates":[145.89396287637442,-42.27193910971836]},"id":"4611","properties":{"lossyear":24}},{"type":"Feature","geometry":{"geodesic":false,"type":"Point","coordinates":[144.94713856691243,-41.65659314009649]},"id":"4612","properties":{"lossyear":14}},{"type":"Feature","geometry":{"geodesic":false,"type":"Point","coordinates":[146.56949597003228,-42.22612503022826]},"id":"4613","properties":{"lossyear":24}},{"type":"Feature","geometry":{"geodesic":false,"type":"Point","coordinates":[146.89917767930416,-43.346324189525305]},"id":"4614","properties":{"lossyear":24}},{"type":"Feature","geometry":{"geodesic":false,"type":"Point","coordinates":[147.84330704291375,-42.26834584858189]},"id":"4615","properties":{"lossyear":24}},{"type":"Feature","geometry":{"geodesic":false,"type":"Point","coordinates":[147.88193460013088,-41.20114729104789]},"id":"4616","properties":{"lossyear":24}},{"type":"Feature","geometry":{"geodesic":false,"type":"Point","coordinates":[147.94391835473516,-41.91620625720704]},"id":"4617","properties":{"lossyear":24}},{"type":"Feature","geometry":{"geodesic":false,"type":"Point","coordinates":[147.99063074950936,-41.39787833827006]},"id":"4618","properties":{}},{"type":"Feature","geometry":{"geodesic":false,"type":"Point","coordinates":[145.24178598010366,-41.70330553487071]},"id":"4619","properties":{"lossyear":24}},{"type":"Feature","geometry":{"geodesic":false,"type":"Point","coordinates":[145.46366985528113,-41.07628146655527]},"id":"4620","properties":{"lossyear":24}},{"type":"Feature","geometry":{"geodesic":false,"type":"Point","coordinates":[146.73658261287852,-42.36266895341443]},"id":"4621","properties":{"lossyear":24}},{"type":"Feature","geometry":{"geodesic":false,"type":"Point","coordinates":[146.45451161366498,-42.62318038580909]},"id":"4622","properties":{"lossyear":24}},{"type":"Feature","geometry":{"geodesic":false,"type":"Point","coordinates":[146.51200379184866,-43.00316775099165]},"id":"4623","properties":{"lossyear":24}},{"type":"Feature","geometry":{"geodesic":false,"type":"Point","coordinates":[146.52997009753102,-42.3339228643226]},"id":"4624","properties":{"lossyear":24}},{"type":"Feature","geometry":{"geodesic":false,"type":"Point","coordinates":[146.9342119753848,-42.77050409240469]},"id":"4625","properties":{"lossyear":24}},{"type":"Feature","geometry":{"geodesic":false,"type":"Point","coordinates":[147.7633569826271,-41.114010708488294]},"id":"4626","properties":{"lossyear":24}},{"type":"Feature","geometry":{"geodesic":false,"type":"Point","coordinates":[146.5191903141216,-42.363567268698546]},"id":"4627","properties":{"lossyear":24}},{"type":"Feature","geometry":{"geodesic":false,"type":"Point","coordinates":[145.07290270668915,-41.77786570345262]},"id":"4628","properties":{"lossyear":24}},{"type":"Feature","geometry":{"geodesic":false,"type":"Point","coordinates":[145.9999640799005,-43.27266233622751]},"id":"4629","properties":{}},{"type":"Feature","geometry":{"geodesic":false,"type":"Point","coordinates":[144.94983351276477,-41.47064187628375]},"id":"4630","properties":{"lossyear":24}},{"type":"Feature","geometry":{"geodesic":false,"type":"Point","coordinates":[145.965828099104,-43.27984885850046]},"id":"4631","properties":{"lossyear":24}},{"type":"Feature","geometry":{"geodesic":false,"type":"Point","coordinates":[147.66184735552162,-40.84092286211596]},"id":"4632","properties":{"lossyear":24}},{"type":"Feature","geometry":{"geodesic":false,"type":"Point","coordinates":[144.8258660035563,-41.005314559109834]},"id":"4633","properties":{"lossyear":24}},{"type":"Feature","geometry":{"geodesic":false,"type":"Point","coordinates":[144.95252845861717,-41.670966184642396]},"id":"4634","properties":{}},{"type":"Feature","geometry":{"geodesic":false,"type":"Point","coordinates":[145.46726311641766,-42.24768459704714]},"id":"4635","properties":{"lossyear":24}},{"type":"Feature","geometry":{"geodesic":false,"type":"Point","coordinates":[146.72220956833257,-42.38153357438094]},"id":"4636","properties":{"lossyear":24}},{"type":"Feature","geometry":{"geodesic":false,"type":"Point","coordinates":[146.52008862940573,-42.36446558398268]},"id":"4637","properties":{"lossyear":24}},{"type":"Feature","geometry":{"geodesic":false,"type":"Point","coordinates":[145.39000800198335,-40.85529590666188]},"id":"4638","properties":{"lossyear":24}},{"type":"Feature","geometry":{"geodesic":false,"type":"Point","coordinates":[147.52979500875603,-41.26492767622038]},"id":"4639","properties":{}},{"type":"Feature","geometry":{"geodesic":false,"type":"Point","coordinates":[147.9295453101892,-41.132875329454805]},"id":"4640","properties":{"lossyear":6}},{"type":"Feature","geometry":{"geodesic":false,"type":"Point","coordinates":[147.71574627256877,-41.90452815851347]},"id":"4641","properties":{}},{"type":"Feature","geometry":{"geodesic":false,"type":"Point","coordinates":[147.9744610743952,-41.73744151566724]},"id":"4642","properties":{"lossyear":24}},{"type":"Feature","geometry":{"geodesic":false,"type":"Point","coordinates":[146.91714398498652,-42.807335019053596]},"id":"4643","properties":{}},{"type":"Feature","geometry":{"geodesic":false,"type":"Point","coordinates":[148.06788586394362,-41.04124717047462]},"id":"4644","properties":{"lossyear":24}},{"type":"Feature","geometry":{"geodesic":false,"type":"Point","coordinates":[145.67297731648102,-40.99902635212099]},"id":"4645","properties":{"lossyear":24}},{"type":"Feature","geometry":{"geodesic":false,"type":"Point","coordinates":[145.16902244208995,-41.73205162396253]},"id":"4646","properties":{"lossyear":24}},{"type":"Feature","geometry":{"geodesic":false,"type":"Point","coordinates":[147.07434915970748,-42.50729771415767]},"id":"4647","properties":{"lossyear":24}},{"type":"Feature","geometry":{"geodesic":false,"type":"Point","coordinates":[147.66274567080575,-40.85529590666188]},"id":"4648","properties":{"lossyear":24}},{"type":"Feature","geometry":{"geodesic":false,"type":"Point","coordinates":[146.64225950804598,-42.243193020626535]},"id":"4649","properties":{"lossyear":24}},{"type":"Feature","geometry":{"geodesic":false,"type":"Point","coordinates":[145.20315842288647,-41.679051022199474]},"id":"4650","properties":{"lossyear":24}},{"type":"Feature","geometry":{"geodesic":false,"type":"Point","coordinates":[148.1110049975814,-41.120298915477136]},"id":"4651","properties":{"lossyear":24}},{"type":"Feature","geometry":{"geodesic":false,"type":"Point","coordinates":[146.51739368355334,-43.03101552479936]},"id":"4652","properties":{"lossyear":24}},{"type":"Feature","geometry":{"geodesic":false,"type":"Point","coordinates":[146.5425465115087,-42.23420986778534]},"id":"4653","properties":{"lossyear":24}},{"type":"Feature","geometry":{"geodesic":false,"type":"Point","coordinates":[145.21483652158003,-41.73025499339428]},"id":"4654","properties":{"lossyear":24}},{"type":"Feature","geometry":{"geodesic":false,"type":"Point","coordinates":[147.64118610398685,-40.857092537230116]},"id":"4655","properties":{"lossyear":24}},{"type":"Feature","geometry":{"geodesic":false,"type":"Point","coordinates":[147.65016925682806,-40.85170264552539]},"id":"4656","properties":{"lossyear":24}},{"type":"Feature","geometry":{"geodesic":false,"type":"Point","coordinates":[147.83701883592494,-42.410279663472764]},"id":"4657","properties":{"lossyear":24}},{"type":"Feature","geometry":{"geodesic":false,"type":"Point","coordinates":[146.5757841770211,-42.23331155250122]},"id":"4658","properties":{}},{"type":"Feature","geometry":{"geodesic":false,"type":"Point","coordinates":[144.8501205162275,-41.485014920829656]},"id":"4659","properties":{"lossyear":24}},{"type":"Feature","geometry":{"geodesic":false,"type":"Point","coordinates":[147.9187655267798,-42.42285607745043]},"id":"4660","properties":{"lossyear":24}},{"type":"Feature","geometry":{"geodesic":false,"type":"Point","coordinates":[148.24754892076754,-41.17599446309255]},"id":"4661","properties":{"lossyear":24}},{"type":"Feature","geometry":{"geodesic":false,"type":"Point","coordinates":[147.68520355290872,-40.85978748308247]},"id":"4662","properties":{"lossyear":24}},{"type":"Feature","geometry":{"geodesic":false,"type":"Point","coordinates":[148.25024386661988,-41.16251973383075]},"id":"4663","properties":{"lossyear":24}},{"type":"Feature","geometry":{"geodesic":false,"type":"Point","coordinates":[145.89575950694262,-41.311640070994585]},"id":"4664","properties":{"lossyear":24}},{"type":"Feature","geometry":{"geodesic":false,"type":"Point","coordinates":[145.64962111909387,-41.237079902412674]},"id":"4665","properties":{"lossyear":24}},{"type":"Feature","geometry":{"geodesic":false,"type":"Point","coordinates":[144.9489351974807,-41.46704861514726]},"id":"4666","properties":{"lossyear":24}},{"type":"Feature","geometry":{"geodesic":false,"type":"Point","coordinates":[146.4554099289491,-42.62318038580909]},"id":"4667","properties":{"lossyear":24}},{"type":"Feature","geometry":{"geodesic":false,"type":"Point","coordinates":[146.59285216741938,-42.25127785818361]},"id":"4668","properties":{"lossyear":24}},{"type":"Feature","geometry":{"geodesic":false,"type":"Point","coordinates":[145.45199175658757,-42.236006498353575]},"id":"4669","properties":{"lossyear":24}},{"type":"Feature","geometry":{"geodesic":false,"type":"Point","coordinates":[145.38641474084687,-41.91890120305939]},"id":"4670","properties":{}},{"type":"Feature","geometry":{"geodesic":false,"type":"Point","coordinates":[147.12824807675463,-42.36266895341443]},"id":"4671","properties":{}},{"type":"Feature","geometry":{"geodesic":false,"type":"Point","coordinates":[145.07649596782562,-41.77786570345262]},"id":"4672","properties":{"lossyear":24}},{"type":"Feature","geometry":{"geodesic":false,"type":"Point","coordinates":[146.57129260060054,-42.22522671494414]},"id":"4673","properties":{"lossyear":24}},{"type":"Feature","geometry":{"geodesic":false,"type":"Point","coordinates":[145.19148032419292,-41.73294993924665]},"id":"4674","properties":{"lossyear":24}},{"type":"Feature","geometry":{"geodesic":false,"type":"Point","coordinates":[145.3783299032898,-40.856194221946]},"id":"4675","properties":{}},{"type":"Feature","geometry":{"geodesic":false,"type":"Point","coordinates":[147.6744237694993,-41.185875931217865]},"id":"4676","properties":{"lossyear":24}},{"type":"Feature","geometry":{"geodesic":false,"type":"Point","coordinates":[146.4446301455397,-41.42482779679365]},"id":"4677","properties":{"lossyear":24}},{"type":"Feature","geometry":{"geodesic":false,"type":"Point","coordinates":[146.50391895429158,-42.97352334661571]},"id":"4678","properties":{"lossyear":24}},{"type":"Feature","geometry":{"geodesic":false,"type":"Point","coordinates":[145.21124326044355,-41.711390372427786]},"id":"4679","properties":{"lossyear":24}},{"type":"Feature","geometry":{"geodesic":false,"type":"Point","coordinates":[146.87582148191706,-41.65479650952825]},"id":"4680","properties":{"lossyear":24}},{"type":"Feature","geometry":{"geodesic":false,"type":"Point","coordinates":[145.25795565521776,-41.69342406674539]},"id":"4681","properties":{"lossyear":24}},{"type":"Feature","geometry":{"geodesic":false,"type":"Point","coordinates":[146.70783652378668,-41.34847099764349]},"id":"4682","properties":{"lossyear":24}},{"type":"Feature","geometry":{"geodesic":false,"type":"Point","coordinates":[144.87527334418286,-41.48321829026142]},"id":"4683","properties":{"lossyear":14}},{"type":"Feature","geometry":{"geodesic":false,"type":"Point","coordinates":[146.48505433332502,-42.68246919456098]},"id":"4684","properties":{"lossyear":24}},{"type":"Feature","geometry":{"geodesic":false,"type":"Point","coordinates":[145.79874145625774,-41.37272551031472]},"id":"4685","properties":{"lossyear":24}},{"type":"Feature","geometry":{"geodesic":false,"type":"Point","coordinates":[146.71142978492315,-41.12928206831833]},"id":"4686","properties":{}},{"type":"Feature","geometry":{"geodesic":false,"type":"Point","coordinates":[145.1932769547612,-41.71318700299602]},"id":"4687","properties":{"lossyear":24}},{"type":"Feature","geometry":{"geodesic":false,"type":"Point","coordinates":[147.7615603520589,-42.56029831592073]},"id":"4688","properties":{"lossyear":24}},{"type":"Feature","geometry":{"geodesic":false,"type":"Point","coordinates":[146.6081235272494,-42.2413963900583]},"id":"4689","properties":{"lossyear":24}},{"type":"Feature","geometry":{"geodesic":false,"type":"Point","coordinates":[145.9954725034799,-43.264577498670434]},"id":"4690","properties":{"lossyear":24}},{"type":"Feature","geometry":{"geodesic":false,"type":"Point","coordinates":[145.98020114364988,-41.43381094963485]},"id":"4691","properties":{"lossyear":24}},{"type":"Feature","geometry":{"geodesic":false,"type":"Point","coordinates":[148.11190331286548,-41.12209554604537]},"id":"4692","properties":{}},{"type":"Feature","geometry":{"geodesic":false,"type":"Point","coordinates":[146.71053146963902,-42.34200770187968]},"id":"4693","properties":{"lossyear":24}},{"type":"Feature","geometry":{"geodesic":false,"type":"Point","coordinates":[146.88570295004234,-43.404714682993074]},"id":"4694","properties":{"lossyear":24}},{"type":"Feature","geometry":{"geodesic":false,"type":"Point","coordinates":[147.1129767169246,-42.99238796758222]},"id":"4695","properties":{"lossyear":24}},{"type":"Feature","geometry":{"geodesic":false,"type":"Point","coordinates":[147.8594767180279,-41.92788435590059]},"id":"4696","properties":{"lossyear":24}},{"type":"Feature","geometry":{"geodesic":false,"type":"Point","coordinates":[146.5236818905422,-42.29080373068487]},"id":"4697","properties":{"lossyear":24}},{"type":"Feature","geometry":{"geodesic":false,"type":"Point","coordinates":[146.83719392469987,-42.9825064994569]},"id":"4698","properties":{}},{"type":"Feature","geometry":{"geodesic":false,"type":"Point","coordinates":[144.97049476429953,-40.87326221234427]},"id":"4699","properties":{}},{"type":"Feature","geometry":{"geodesic":false,"type":"Point","coordinates":[147.62232148302036,-41.441895787191925]},"id":"4700","properties":{}},{"type":"Feature","geometry":{"geodesic":false,"type":"Point","coordinates":[146.6763954888425,-41.3439794212229]},"id":"4701","properties":{"lossyear":24}},{"type":"Feature","geometry":{"geodesic":false,"type":"Point","coordinates":[145.37563495743746,-41.921596148911746]},"id":"4702","properties":{"lossyear":24}},{"type":"Feature","geometry":{"geodesic":false,"type":"Point","coordinates":[147.94840993115577,-41.91261299607055]},"id":"4703","properties":{}},{"type":"Feature","geometry":{"geodesic":false,"type":"Point","coordinates":[146.4554099289491,-42.61599386353613]},"id":"4704","properties":{"lossyear":24}},{"type":"Feature","geometry":{"geodesic":false,"type":"Point","coordinates":[147.6600507249534,-40.842719492684196]},"id":"4705","properties":{"lossyear":24}},{"type":"Feature","geometry":{"geodesic":false,"type":"Point","coordinates":[148.1128016281496,-41.12389217661361]},"id":"4706","properties":{"lossyear":24}},{"type":"Feature","geometry":{"geodesic":false,"type":"Point","coordinates":[145.43043218976874,-42.257566065172455]},"id":"4707","properties":{}},{"type":"Feature","geometry":{"geodesic":false,"type":"Point","coordinates":[148.23048093036925,-41.06011179144113]},"id":"4708","properties":{"lossyear":24}},{"type":"Feature","geometry":{"geodesic":false,"type":"Point","coordinates":[147.8873244918356,-42.16863285204461]},"id":"4709","properties":{"lossyear":24}},{"type":"Feature","geometry":{"geodesic":false,"type":"Point","coordinates":[144.97588465600427,-41.6844409139042]},"id":"4710","properties":{"lossyear":24}},{"type":"Feature","geometry":{"geodesic":false,"type":"Point","coordinates":[145.99637081876403,-43.25469603054512]},"id":"4711","properties":{"lossyear":24}},{"type":"Feature","geometry":{"geodesic":false,"type":"Point","coordinates":[146.97733110902254,-42.57377304518252]},"id":"4712","properties":{"lossyear":24}},{"type":"Feature","geometry":{"geodesic":false,"type":"Point","coordinates":[146.59554711327172,-42.26654921801364]},"id":"4713","properties":{"lossyear":24}},{"type":"Feature","geometry":{"geodesic":false,"type":"Point","coordinates":[148.23227756093752,-41.159824787978394]},"id":"4714","properties":{"lossyear":24}},{"type":"Feature","geometry":{"geodesic":false,"type":"Point","coordinates":[145.2319045119783,-41.705102165438944]},"id":"4715","properties":{"lossyear":24}},{"type":"Feature","geometry":{"geodesic":false,"type":"Point","coordinates":[145.4573816482923,-42.24229470534242]},"id":"4716","properties":{"lossyear":24}},{"type":"Feature","geometry":{"geodesic":false,"type":"Point","coordinates":[145.9550483156945,-43.28074717378459]},"id":"4717","properties":{"lossyear":24}},{"type":"Feature","geometry":{"geodesic":false,"type":"Point","coordinates":[145.24717587180834,-41.70061058901834]},"id":"4718","properties":{}},{"type":"Feature","geometry":{"geodesic":false,"type":"Point","coordinates":[144.96151161145832,-41.69611901259775]},"id":"4719","properties":{"lossyear":24}},{"type":"Feature","geometry":{"geodesic":false,"type":"Point","coordinates":[145.25166744822894,-41.709593741859535]},"id":"4720","properties":{"lossyear":24}},{"type":"Feature","geometry":{"geodesic":false,"type":"Point","coordinates":[147.61782990659975,-41.21462202030969]},"id":"4721","properties":{"lossyear":24}},{"type":"Feature","geometry":{"geodesic":false,"type":"Point","coordinates":[145.16542918095348,-40.806786881319425]},"id":"4722","properties":{"lossyear":24}},{"type":"Feature","geometry":{"geodesic":false,"type":"Point","coordinates":[147.05099296232032,-41.15443489627367]},"id":"4723","properties":{"lossyear":24}},{"type":"Feature","geometry":{"geodesic":false,"type":"Point","coordinates":[146.56500439361167,-42.257566065172455]},"id":"4724","properties":{"lossyear":24}},{"type":"Feature","geometry":{"geodesic":false,"type":"Point","coordinates":[146.33862894201354,-43.346324189525305]},"id":"4725","properties":{"lossyear":24}},{"type":"Feature","geometry":{"geodesic":false,"type":"Point","coordinates":[145.244480925956,-40.98016173115448]},"id":"4726","properties":{}},{"type":"Feature","geometry":{"geodesic":false,"type":"Point","coordinates":[147.75886540620655,-41.67455944577888]},"id":"4727","properties":{"lossyear":24}},{"type":"Feature","geometry":{"geodesic":false,"type":"Point","coordinates":[146.55422461020225,-42.24768459704714]},"id":"4728","properties":{"lossyear":24}},{"type":"Feature","geometry":{"geodesic":false,"type":"Point","coordinates":[145.01361389793726,-41.00172129797336]},"id":"4729","properties":{}},{"type":"Feature","geometry":{"geodesic":false,"type":"Point","coordinates":[145.46187322471292,-40.998128036836874]},"id":"4730","properties":{"lossyear":24}},{"type":"Feature","geometry":{"geodesic":false,"type":"Point","coordinates":[146.8596518068029,-43.07233802786885]},"id":"4731","properties":{"lossyear":24}},{"type":"Feature","geometry":{"geodesic":false,"type":"Point","coordinates":[147.06446769158214,-41.25324957752683]},"id":"4732","properties":{"lossyear":24}},{"type":"Feature","geometry":{"geodesic":false,"type":"Point","coordinates":[146.04398152882237,-43.404714682993074]},"id":"4733","properties":{"lossyear":24}},{"type":"Feature","geometry":{"geodesic":false,"type":"Point","coordinates":[147.34564037551155,-43.39123995373129]},"id":"4734","properties":{"lossyear":24}},{"type":"Feature","geometry":{"geodesic":false,"type":"Point","coordinates":[145.92899717245507,-42.706723707232214]},"id":"4735","properties":{"lossyear":24}},{"type":"Feature","geometry":{"geodesic":false,"type":"Point","coordinates":[145.21303989101182,-41.68084765276771]},"id":"4736","properties":{"lossyear":24}},{"type":"Feature","geometry":{"geodesic":false,"type":"Point","coordinates":[146.46618971235853,-42.68875740154982]},"id":"4737","properties":{"lossyear":24}},{"type":"Feature","geometry":{"geodesic":false,"type":"Point","coordinates":[146.6341746704889,-42.33571949489085]},"id":"4738","properties":{}},{"type":"Feature","geometry":{"geodesic":false,"type":"Point","coordinates":[144.93276552236654,-41.45716714702195]},"id":"4739","properties":{"lossyear":24}},{"type":"Feature","geometry":{"geodesic":false,"type":"Point","coordinates":[145.99008261177516,-41.429319373214256]},"id":"4740","properties":{"lossyear":24}},{"type":"Feature","geometry":{"geodesic":false,"type":"Point","coordinates":[146.80215962861922,-41.229893380139714]},"id":"4741","properties":{"lossyear":24}},{"type":"Feature","geometry":{"geodesic":false,"type":"Point","coordinates":[147.25041895539488,-41.321521539119914]},"id":"4742","properties":{}},{"type":"Feature","geometry":{"geodesic":false,"type":"Point","coordinates":[145.23729440368305,-41.70150890430246]},"id":"4743","properties":{"lossyear":24}},{"type":"Feature","geometry":{"geodesic":false,"type":"Point","coordinates":[145.19417527004532,-41.70600048072306]},"id":"4744","properties":{"lossyear":24}},{"type":"Feature","geometry":{"geodesic":false,"type":"Point","coordinates":[145.0702077608368,-41.23258832599207]},"id":"4745","properties":{"lossyear":24}},{"type":"Feature","geometry":{"geodesic":false,"type":"Point","coordinates":[147.88912112240388,-42.17671768960169]},"id":"4746","properties":{"lossyear":24}},{"type":"Feature","geometry":{"geodesic":false,"type":"Point","coordinates":[145.37563495743746,-41.922494464195864]},"id":"4747","properties":{"lossyear":24}},{"type":"Feature","geometry":{"geodesic":false,"type":"Point","coordinates":[147.61603327603154,-41.43920084133957]},"id":"4748","properties":{}},{"type":"Feature","geometry":{"geodesic":false,"type":"Point","coordinates":[146.85605854566643,-43.083117811278285]},"id":"4749","properties":{"lossyear":24}},{"type":"Feature","geometry":{"geodesic":false,"type":"Point","coordinates":[145.36485517402798,-41.91620625720704]},"id":"4750","properties":{"lossyear":24}},{"type":"Feature","geometry":{"geodesic":false,"type":"Point","coordinates":[146.5829706992941,-42.47585667921349]},"id":"4751","properties":{"lossyear":1}},{"type":"Feature","geometry":{"geodesic":false,"type":"Point","coordinates":[147.03482328720622,-42.18210758130641]},"id":"4752","properties":{"lossyear":24}},{"type":"Feature","geometry":{"geodesic":false,"type":"Point","coordinates":[145.9227089654662,-42.692350662686295]},"id":"4753","properties":{"lossyear":24}},{"type":"Feature","geometry":{"geodesic":false,"type":"Point","coordinates":[146.64136119276185,-42.34829590886852]},"id":"4754","properties":{"lossyear":24}},{"type":"Feature","geometry":{"geodesic":false,"type":"Point","coordinates":[144.77735697821385,-40.52741082795825]},"id":"4755","properties":{"lossyear":24}},{"type":"Feature","geometry":{"geodesic":false,"type":"Point","coordinates":[145.37024506573272,-42.24049807477418]},"id":"4756","properties":{"lossyear":24}},{"type":"Feature","geometry":{"geodesic":false,"type":"Point","coordinates":[146.71771799191202,-42.36177063813031]},"id":"4757","properties":{"lossyear":24}},{"type":"Feature","geometry":{"geodesic":false,"type":"Point","coordinates":[145.981099458934,-41.22540180371912]},"id":"4758","properties":{"lossyear":24}},{"type":"Feature","geometry":{"geodesic":false,"type":"Point","coordinates":[146.63327635520477,-42.24498965119477]},"id":"4759","properties":{}},{"type":"Feature","geometry":{"geodesic":false,"type":"Point","coordinates":[144.9552234044695,-41.68354259862008]},"id":"4760","properties":{"lossyear":24}},{"type":"Feature","geometry":{"geodesic":false,"type":"Point","coordinates":[146.7168196766279,-42.38153357438094]},"id":"4761","properties":{"lossyear":24}},{"type":"Feature","geometry":{"geodesic":false,"type":"Point","coordinates":[146.57398754645288,-42.22971829136475]},"id":"4762","properties":{"lossyear":24}},{"type":"Feature","geometry":{"geodesic":false,"type":"Point","coordinates":[145.3549737059027,-41.90901973493408]},"id":"4763","properties":{"lossyear":24}},{"type":"Feature","geometry":{"geodesic":false,"type":"Point","coordinates":[147.94751161587163,-41.37362382559884]},"id":"4764","properties":{"lossyear":24}},{"type":"Feature","geometry":{"geodesic":false,"type":"Point","coordinates":[144.94534193634416,-41.47243850685199]},"id":"4765","properties":{"lossyear":24}},{"type":"Feature","geometry":{"geodesic":false,"type":"Point","coordinates":[144.96330824202659,-41.686237544472434]},"id":"4766","properties":{"lossyear":24}},{"type":"Feature","geometry":{"geodesic":false,"type":"Point","coordinates":[144.91479921668412,-41.6431184108347]},"id":"4767","properties":{"lossyear":24}},{"type":"Feature","geometry":{"geodesic":false,"type":"Point","coordinates":[146.50930884599626,-42.21265030096647]},"id":"4768","properties":{"lossyear":23}},{"type":"Feature","geometry":{"geodesic":false,"type":"Point","coordinates":[145.92360728075033,-42.704927076663964]},"id":"4769","properties":{"lossyear":24}},{"type":"Feature","geometry":{"geodesic":false,"type":"Point","coordinates":[146.6296830940683,-42.25217617346773]},"id":"4770","properties":{"lossyear":24}},{"type":"Feature","geometry":{"geodesic":false,"type":"Point","coordinates":[144.96151161145832,-41.66108471651708]},"id":"4771","properties":{"lossyear":24}},{"type":"Feature","geometry":{"geodesic":false,"type":"Point","coordinates":[146.53086841281515,-43.01394753440108]},"id":"4772","properties":{}},{"type":"Feature","geometry":{"geodesic":false,"type":"Point","coordinates":[145.24717587180834,-41.690729120893025]},"id":"4773","properties":{}},{"type":"Feature","geometry":{"geodesic":false,"type":"Point","coordinates":[147.57740571881436,-41.38620023957651]},"id":"4774","properties":{"lossyear":24}},{"type":"Feature","geometry":{"geodesic":false,"type":"Point","coordinates":[145.94157358643275,-42.819911433031265]},"id":"4775","properties":{}},{"type":"Feature","geometry":{"geodesic":false,"type":"Point","coordinates":[145.22202304385303,-41.7077971112913]},"id":"4776","properties":{"lossyear":24}},{"type":"Feature","geometry":{"geodesic":false,"type":"Point","coordinates":[147.8999009058133,-41.92518941004822]},"id":"4777","properties":{}},{"type":"Feature","geometry":{"geodesic":false,"type":"Point","coordinates":[147.64567768040746,-40.86877063592367]},"id":"4778","properties":{"lossyear":24}},{"type":"Feature","geometry":{"geodesic":false,"type":"Point","coordinates":[145.1699207573741,-40.88583862632194]},"id":"4779","properties":{"lossyear":24}},{"type":"Feature","geometry":{"geodesic":false,"type":"Point","coordinates":[146.58386901457817,-42.76511420069998]},"id":"4780","properties":{"lossyear":24}},{"type":"Feature","geometry":{"geodesic":false,"type":"Point","coordinates":[146.61620836480648,-43.539461975611005]},"id":"4781","properties":{}},{"type":"Feature","geometry":{"geodesic":false,"type":"Point","coordinates":[146.91265240856592,-41.77606907288438]},"id":"4782","properties":{}},{"type":"Feature","geometry":{"geodesic":false,"type":"Point","coordinates":[147.5729141423938,-42.537840433817735]},"id":"4783","properties":{"lossyear":24}},{"type":"Feature","geometry":{"geodesic":false,"type":"Point","coordinates":[145.88677635410147,-41.326013115540505]},"id":"4784","properties":{"lossyear":24}},{"type":"Feature","geometry":{"geodesic":false,"type":"Point","coordinates":[148.23856576792633,-41.15712984212604]},"id":"4785","properties":{"lossyear":24}},{"type":"Feature","geometry":{"geodesic":false,"type":"Point","coordinates":[146.50841053071218,-43.025625633094634]},"id":"4786","properties":{"lossyear":23}},{"type":"Feature","geometry":{"geodesic":false,"type":"Point","coordinates":[145.19866684646587,-41.72666173225781]},"id":"4787","properties":{"lossyear":24}},{"type":"Feature","geometry":{"geodesic":false,"type":"Point","coordinates":[148.21520957053923,-41.16072310326251]},"id":"4788","properties":{"lossyear":24}},{"type":"Feature","geometry":{"geodesic":false,"type":"Point","coordinates":[148.06968249451188,-41.806611792544444]},"id":"4789","properties":{"lossyear":24}},{"type":"Feature","geometry":{"geodesic":false,"type":"Point","coordinates":[146.47337623463147,-42.63845174563913]},"id":"4790","properties":{"lossyear":24}},{"type":"Feature","geometry":{"geodesic":false,"type":"Point","coordinates":[147.07165421385508,-41.241571478833265]},"id":"4791","properties":{"lossyear":24}},{"type":"Feature","geometry":{"geodesic":false,"type":"Point","coordinates":[147.81456095382197,-41.89285005981992]},"id":"4792","properties":{"lossyear":1}},{"type":"Feature","geometry":{"geodesic":false,"type":"Point","coordinates":[145.36036359760743,-41.9242910947641]},"id":"4793","properties":{"lossyear":24}},{"type":"Feature","geometry":{"geodesic":false,"type":"Point","coordinates":[147.6699321930787,-43.064253190311774]},"id":"4794","properties":{"lossyear":24}},{"type":"Feature","geometry":{"geodesic":false,"type":"Point","coordinates":[148.11010668229727,-41.11760396962478]},"id":"4795","properties":{"lossyear":24}},{"type":"Feature","geometry":{"geodesic":false,"type":"Point","coordinates":[147.71035638086408,-41.47423513742022]},"id":"4796","properties":{"lossyear":24}},{"type":"Feature","geometry":{"geodesic":false,"type":"Point","coordinates":[144.85820535378457,-41.47872671384083]},"id":"4797","properties":{"lossyear":24}},{"type":"Feature","geometry":{"geodesic":false,"type":"Point","coordinates":[148.03734314428357,-41.03945053990638]},"id":"4798","properties":{}},{"type":"Feature","geometry":{"geodesic":false,"type":"Point","coordinates":[147.81186600796957,-42.71570686007341]},"id":"4799","properties":{"lossyear":24}},{"type":"Feature","geometry":{"geodesic":false,"type":"Point","coordinates":[145.96043820739925,-42.86931877365784]},"id":"4800","properties":{"lossyear":24}},{"type":"Feature","geometry":{"geodesic":false,"type":"Point","coordinates":[145.92450559603446,-42.718401805925765]},"id":"4801","properties":{"lossyear":24}},{"type":"Feature","geometry":{"geodesic":false,"type":"Point","coordinates":[146.65214097617127,-41.409556436963626]},"id":"4802","properties":{"lossyear":24}},{"type":"Feature","geometry":{"geodesic":false,"type":"Point","coordinates":[146.70783652378668,-42.36087232284619]},"id":"4803","properties":{"lossyear":24}},{"type":"Feature","geometry":{"geodesic":false,"type":"Point","coordinates":[144.98396949356135,-40.98644993814332]},"id":"4804","properties":{"lossyear":23}},{"type":"Feature","geometry":{"geodesic":false,"type":"Point","coordinates":[147.4866758751183,-41.49040481253438]},"id":"4805","properties":{"lossyear":24}},{"type":"Feature","geometry":{"geodesic":false,"type":"Point","coordinates":[146.96744964089726,-43.18372912309968]},"id":"4806","properties":{"lossyear":24}},{"type":"Feature","geometry":{"geodesic":false,"type":"Point","coordinates":[146.6979550556614,-42.370753790971506]},"id":"4807","properties":{"lossyear":24}},{"type":"Feature","geometry":{"geodesic":false,"type":"Point","coordinates":[145.36755011988038,-41.90183321266112]},"id":"4808","properties":{"lossyear":24}},{"type":"Feature","geometry":{"geodesic":false,"type":"Point","coordinates":[146.32605252803592,-43.32835788384291]},"id":"4809","properties":{"lossyear":24}},{"type":"Feature","geometry":{"geodesic":false,"type":"Point","coordinates":[145.37563495743746,-41.91890120305939]},"id":"4810","properties":{"lossyear":24}},{"type":"Feature","geometry":{"geodesic":false,"type":"Point","coordinates":[145.24717587180834,-41.69432238202951]},"id":"4811","properties":{}},{"type":"Feature","geometry":{"geodesic":false,"type":"Point","coordinates":[146.6979550556614,-41.184079300649614]},"id":"4812","properties":{"lossyear":24}},{"type":"Feature","geometry":{"geodesic":false,"type":"Point","coordinates":[146.56949597003228,-42.25936269574069]},"id":"4813","properties":{"lossyear":24}},{"type":"Feature","geometry":{"geodesic":false,"type":"Point","coordinates":[146.45271498309677,-42.24858291233126]},"id":"4814","properties":{"lossyear":24}},{"type":"Feature","geometry":{"geodesic":false,"type":"Point","coordinates":[146.2119664869527,-41.40236991469067]},"id":"4815","properties":{"lossyear":5}},{"type":"Feature","geometry":{"geodesic":false,"type":"Point","coordinates":[147.68610186819285,-40.85260096080951]},"id":"4816","properties":{"lossyear":24}},{"type":"Feature","geometry":{"geodesic":false,"type":"Point","coordinates":[147.0941120959581,-41.248758001106225]},"id":"4817","properties":{"lossyear":24}},{"type":"Feature","geometry":{"geodesic":false,"type":"Point","coordinates":[145.2022601076024,-41.67635607634712]},"id":"4818","properties":{"lossyear":24}},{"type":"Feature","geometry":{"geodesic":false,"type":"Point","coordinates":[146.9000759945883,-41.42842105793012]},"id":"4819","properties":{"lossyear":24}},{"type":"Feature","geometry":{"geodesic":false,"type":"Point","coordinates":[148.03734314428357,-41.0403488551905]},"id":"4820","properties":{"lossyear":24}},{"type":"Feature","geometry":{"geodesic":false,"type":"Point","coordinates":[144.93007057651414,-41.45986209287432]},"id":"4821","properties":{"lossyear":24}},{"type":"Feature","geometry":{"geodesic":false,"type":"Point","coordinates":[147.61423664546328,-41.44279410247604]},"id":"4822","properties":{"lossyear":24}},{"type":"Feature","geometry":{"geodesic":false,"type":"Point","coordinates":[146.5021223237233,-41.311640070994585]},"id":"4823","properties":{"lossyear":24}},{"type":"Feature","geometry":{"geodesic":false,"type":"Point","coordinates":[146.33323905030886,-41.267622622072736]},"id":"4824","properties":{}},{"type":"Feature","geometry":{"geodesic":false,"type":"Point","coordinates":[146.23262773848745,-43.33644272139999]},"id":"4825","properties":{}},{"type":"Feature","geometry":{"geodesic":false,"type":"Point","coordinates":[145.2184297827165,-41.70061058901834]},"id":"4826","properties":{"lossyear":24}},{"type":"Feature","geometry":{"geodesic":false,"type":"Point","coordinates":[145.37114338101685,-41.89464669038816]},"id":"4827","properties":{"lossyear":24}},{"type":"Feature","geometry":{"geodesic":false,"type":"Point","coordinates":[148.17927695917444,-40.83732960097949]},"id":"4828","properties":{}},{"type":"Feature","geometry":{"geodesic":false,"type":"Point","coordinates":[146.62249657179535,-42.2324132372171]},"id":"4829","properties":{"lossyear":24}},{"type":"Feature","geometry":{"geodesic":false,"type":"Point","coordinates":[147.63669452756625,-41.22630011900324]},"id":"4830","properties":{"lossyear":24}},{"type":"Feature","geometry":{"geodesic":false,"type":"Point","coordinates":[146.70603989321847,-42.35099085472088]},"id":"4831","properties":{"lossyear":24}},{"type":"Feature","geometry":{"geodesic":false,"type":"Point","coordinates":[145.95594663097864,-41.1050275556471]},"id":"4832","properties":{"lossyear":24}},{"type":"Feature","geometry":{"geodesic":false,"type":"Point","coordinates":[147.1740621562447,-43.16666113270141]},"id":"4833","properties":{}},{"type":"Feature","geometry":{"geodesic":false,"type":"Point","coordinates":[145.46277153999705,-40.999924667405125]},"id":"4834","properties":{"lossyear":24}},{"type":"Feature","geometry":{"geodesic":false,"type":"Point","coordinates":[146.56320776304347,-42.22971829136475]},"id":"4835","properties":{"lossyear":24}},{"type":"Feature","geometry":{"geodesic":false,"type":"Point","coordinates":[146.800362998051,-41.28558892775513]},"id":"4836","properties":{}},{"type":"Feature","geometry":{"geodesic":false,"type":"Point","coordinates":[145.37743158800566,-41.900934897377]},"id":"4837","properties":{"lossyear":24}},{"type":"Feature","geometry":{"geodesic":false,"type":"Point","coordinates":[144.95252845861717,-41.4823199749773]},"id":"4838","properties":{"lossyear":3}},{"type":"Feature","geometry":{"geodesic":false,"type":"Point","coordinates":[147.74089910052413,-42.01232599260781]},"id":"4839","properties":{"lossyear":24}},{"type":"Feature","geometry":{"geodesic":false,"type":"Point","coordinates":[145.2229213591371,-41.675457761063]},"id":"4840","properties":{"lossyear":24}},{"type":"Feature","geometry":{"geodesic":false,"type":"Point","coordinates":[147.14351943658465,-42.7291815893352]},"id":"4841","properties":{"lossyear":24}},{"type":"Feature","geometry":{"geodesic":false,"type":"Point","coordinates":[148.06069934167067,-41.806611792544444]},"id":"4842","properties":{"lossyear":24}},{"type":"Feature","geometry":{"geodesic":false,"type":"Point","coordinates":[146.86773664435998,-42.12820866425923]},"id":"4843","properties":{"lossyear":24}},{"type":"Feature","geometry":{"geodesic":false,"type":"Point","coordinates":[146.4509183525285,-42.61779049410437]},"id":"4844","properties":{"lossyear":24}},{"type":"Feature","geometry":{"geodesic":false,"type":"Point","coordinates":[144.85820535378457,-41.48950649725026]},"id":"4845","properties":{"lossyear":24}},{"type":"Feature","geometry":{"geodesic":false,"type":"Point","coordinates":[144.93546046821888,-41.47243850685199]},"id":"4846","properties":{"lossyear":24}},{"type":"Feature","geometry":{"geodesic":false,"type":"Point","coordinates":[147.32048754755618,-41.33948784480229]},"id":"4847","properties":{}},{"type":"Feature","geometry":{"geodesic":false,"type":"Point","coordinates":[145.3504821294821,-41.90542647379759]},"id":"4848","properties":{"lossyear":24}},{"type":"Feature","geometry":{"geodesic":false,"type":"Point","coordinates":[147.14531606715292,-42.72738495876696]},"id":"4849","properties":{"lossyear":24}},{"type":"Feature","geometry":{"geodesic":false,"type":"Point","coordinates":[147.1956217230636,-41.19216413820669]},"id":"4850","properties":{"lossyear":24}},{"type":"Feature","geometry":{"geodesic":false,"type":"Point","coordinates":[146.41588405644785,-42.84955583740721]},"id":"4851","properties":{}},{"type":"Feature","geometry":{"geodesic":false,"type":"Point","coordinates":[147.14801101300526,-42.486636462622926]},"id":"4852","properties":{"lossyear":24}},{"type":"Feature","geometry":{"geodesic":false,"type":"Point","coordinates":[147.6510675721122,-40.84092286211596]},"id":"4853","properties":{"lossyear":24}},{"type":"Feature","geometry":{"geodesic":false,"type":"Point","coordinates":[147.84420535819788,-42.26834584858189]},"id":"4854","properties":{"lossyear":24}},{"type":"Feature","geometry":{"geodesic":false,"type":"Point","coordinates":[147.75796709092242,-42.56029831592073]},"id":"4855","properties":{"lossyear":24}},{"type":"Feature","geometry":{"geodesic":false,"type":"Point","coordinates":[145.21303989101182,-41.473336822136105]},"id":"4856","properties":{"lossyear":24}},{"type":"Feature","geometry":{"geodesic":false,"type":"Point","coordinates":[147.6834069223405,-40.86068579836659]},"id":"4857","properties":{"lossyear":24}},{"type":"Feature","geometry":{"geodesic":false,"type":"Point","coordinates":[146.70783652378668,-42.35278748528911]},"id":"4858","properties":{"lossyear":24}},{"type":"Feature","geometry":{"geodesic":false,"type":"Point","coordinates":[146.33054410445646,-43.35171408123003]},"id":"4859","properties":{}},{"type":"Feature","geometry":{"geodesic":false,"type":"Point","coordinates":[147.15160427414173,-42.2782273167072]},"id":"4860","properties":{"lossyear":24}},{"type":"Feature","geometry":{"geodesic":false,"type":"Point","coordinates":[146.9234321919754,-42.84326763041838]},"id":"4861","properties":{}},{"type":"Feature","geometry":{"geodesic":false,"type":"Point","coordinates":[147.66903387779456,-40.85260096080951]},"id":"4862","properties":{"lossyear":5}},{"type":"Feature","geometry":{"geodesic":false,"type":"Point","coordinates":[147.71305132671642,-41.90362984322935]},"id":"4863","properties":{"lossyear":24}},{"type":"Feature","geometry":{"geodesic":false,"type":"Point","coordinates":[148.2421590290628,-41.16251973383075]},"id":"4864","properties":{"lossyear":24}},{"type":"Feature","geometry":{"geodesic":false,"type":"Point","coordinates":[145.76909705188177,-41.409556436963626]},"id":"4865","properties":{"lossyear":24}},{"type":"Feature","geometry":{"geodesic":false,"type":"Point","coordinates":[145.13308983072517,-41.02148423422399]},"id":"4866","properties":{}},{"type":"Feature","geometry":{"geodesic":false,"type":"Point","coordinates":[146.90816083214537,-42.814521541326556]},"id":"4867","properties":{"lossyear":24}},{"type":"Feature","geometry":{"geodesic":false,"type":"Point","coordinates":[145.25256576351308,-41.690729120893025]},"id":"4868","properties":{"lossyear":24}},{"type":"Feature","geometry":{"geodesic":false,"type":"Point","coordinates":[146.27574687212518,-41.37991203258767]},"id":"4869","properties":{"lossyear":24}},{"type":"Feature","geometry":{"geodesic":false,"type":"Point","coordinates":[147.67262713893103,-41.11670565434065]},"id":"4870","properties":{"lossyear":24}},{"type":"Feature","geometry":{"geodesic":false,"type":"Point","coordinates":[145.45199175658757,-42.255769434604204]},"id":"4871","properties":{"lossyear":24}},{"type":"Feature","geometry":{"geodesic":false,"type":"Point","coordinates":[145.39000800198335,-41.88925679868345]},"id":"4872","properties":{"lossyear":24}},{"type":"Feature","geometry":{"geodesic":false,"type":"Point","coordinates":[148.24305734434694,-41.06460336786172]},"id":"4873","properties":{}},{"type":"Feature","geometry":{"geodesic":false,"type":"Point","coordinates":[145.08637743595096,-41.786848856293815]},"id":"4874","properties":{"lossyear":24}},{"type":"Feature","geometry":{"geodesic":false,"type":"Point","coordinates":[145.76730042131356,-41.410454752247745]},"id":"4875","properties":{"lossyear":10}},{"type":"Feature","geometry":{"geodesic":false,"type":"Point","coordinates":[146.2299327926351,-43.334646090831754]},"id":"4876","properties":{}},{"type":"Feature","geometry":{"geodesic":false,"type":"Point","coordinates":[145.20495505345474,-41.67635607634712]},"id":"4877","properties":{"lossyear":24}},{"type":"Feature","geometry":{"geodesic":false,"type":"Point","coordinates":[146.59644542855585,-42.549518532511286]},"id":"4878","properties":{"lossyear":24}},{"type":"Feature","geometry":{"geodesic":false,"type":"Point","coordinates":[147.22616444272364,-42.20995535511412]},"id":"4879","properties":{}},{"type":"Feature","geometry":{"geodesic":false,"type":"Point","coordinates":[146.49493580145037,-42.98430313002514]},"id":"4880","properties":{}},{"type":"Feature","geometry":{"geodesic":false,"type":"Point","coordinates":[147.38426793272868,-41.504777857080285]},"id":"4881","properties":{"lossyear":24}},{"type":"Feature","geometry":{"geodesic":false,"type":"Point","coordinates":[147.06087443044566,-41.59910096191284]},"id":"4882","properties":{"lossyear":24}},{"type":"Feature","geometry":{"geodesic":false,"type":"Point","coordinates":[145.3612619128915,-41.90632478908172]},"id":"4883","properties":{}},{"type":"Feature","geometry":{"geodesic":false,"type":"Point","coordinates":[145.23729440368305,-40.82295655643357]},"id":"4884","properties":{"lossyear":13}},{"type":"Feature","geometry":{"geodesic":false,"type":"Point","coordinates":[146.07632087905068,-41.429319373214256]},"id":"4885","properties":{"lossyear":24}},{"type":"Feature","geometry":{"geodesic":false,"type":"Point","coordinates":[148.22239609281218,-41.15443489627367]},"id":"4886","properties":{"lossyear":24}},{"type":"Feature","geometry":{"geodesic":false,"type":"Point","coordinates":[145.2319045119783,-41.70150890430246]},"id":"4887","properties":{"lossyear":24}},{"type":"Feature","geometry":{"geodesic":false,"type":"Point","coordinates":[145.37743158800566,-41.909918050218195]},"id":"4888","properties":{"lossyear":24}},{"type":"Feature","geometry":{"geodesic":false,"type":"Point","coordinates":[144.91479921668412,-41.47872671384083]},"id":"4889","properties":{"lossyear":14}},{"type":"Feature","geometry":{"geodesic":false,"type":"Point","coordinates":[145.76011389904062,-41.409556436963626]},"id":"4890","properties":{"lossyear":24}},{"type":"Feature","geometry":{"geodesic":false,"type":"Point","coordinates":[145.20585336873887,-41.73025499339428]},"id":"4891","properties":{"lossyear":24}},{"type":"Feature","geometry":{"geodesic":false,"type":"Point","coordinates":[144.93456215293475,-41.4589637775902]},"id":"4892","properties":{"lossyear":24}},{"type":"Feature","geometry":{"geodesic":false,"type":"Point","coordinates":[146.63058140935243,-42.26115932630893]},"id":"4893","properties":{"lossyear":24}},{"type":"Feature","geometry":{"geodesic":false,"type":"Point","coordinates":[146.4419351996873,-41.422132850941296]},"id":"4894","properties":{"lossyear":24}},{"type":"Feature","geometry":{"geodesic":false,"type":"Point","coordinates":[147.18574025493825,-41.043043801042856]},"id":"4895","properties":{"lossyear":24}},{"type":"Feature","geometry":{"geodesic":false,"type":"Point","coordinates":[146.8569568609505,-43.08132118071005]},"id":"4896","properties":{"lossyear":24}},{"type":"Feature","geometry":{"geodesic":false,"type":"Point","coordinates":[147.8855278612674,-42.16683622147637]},"id":"4897","properties":{"lossyear":24}},{"type":"Feature","geometry":{"geodesic":false,"type":"Point","coordinates":[147.16238405755115,-42.83787773871366]},"id":"4898","properties":{}},{"type":"Feature","geometry":{"geodesic":false,"type":"Point","coordinates":[146.4742745499156,-42.63036690808205]},"id":"4899","properties":{"lossyear":24}},{"type":"Feature","geometry":{"geodesic":false,"type":"Point","coordinates":[145.36665180459624,-41.91351131135467]},"id":"4900","properties":{"lossyear":24}},{"type":"Feature","geometry":{"geodesic":false,"type":"Point","coordinates":[147.7040681738752,-41.95663044499241]},"id":"4901","properties":{}},{"type":"Feature","geometry":{"geodesic":false,"type":"Point","coordinates":[145.43672039675755,-42.24678628176301]},"id":"4902","properties":{"lossyear":24}},{"type":"Feature","geometry":{"geodesic":false,"type":"Point","coordinates":[144.9183924778206,-41.48142165969318]},"id":"4903","properties":{"lossyear":24}},{"type":"Feature","geometry":{"geodesic":false,"type":"Point","coordinates":[146.88929621117882,-41.07807809712352]},"id":"4904","properties":{}},{"type":"Feature","geometry":{"geodesic":false,"type":"Point","coordinates":[146.60992015781767,-42.54233201023834]},"id":"4905","properties":{"lossyear":24}},{"type":"Feature","geometry":{"geodesic":false,"type":"Point","coordinates":[147.69059344461346,-42.02130914544901]},"id":"4906","properties":{"lossyear":24}},{"type":"Feature","geometry":{"geodesic":false,"type":"Point","coordinates":[145.5660777976708,-41.02238254950811]},"id":"4907","properties":{"lossyear":24}},{"type":"Feature","geometry":{"geodesic":false,"type":"Point","coordinates":[146.777905115948,-41.96561359783361]},"id":"4908","properties":{}},{"type":"Feature","geometry":{"geodesic":false,"type":"Point","coordinates":[147.18394362437004,-41.41404801338422]},"id":"4909","properties":{}},{"type":"Feature","geometry":{"geodesic":false,"type":"Point","coordinates":[146.50481726957565,-41.313436701562836]},"id":"4910","properties":{"lossyear":24}},{"type":"Feature","geometry":{"geodesic":false,"type":"Point","coordinates":[144.9318672070824,-41.47513345270434]},"id":"4911","properties":{"lossyear":14}},{"type":"Feature","geometry":{"geodesic":false,"type":"Point","coordinates":[146.9719412173178,-41.10412924036298]},"id":"4912","properties":{"lossyear":24}},{"type":"Feature","geometry":{"geodesic":false,"type":"Point","coordinates":[148.2448539749152,-41.18138435479726]},"id":"4913","properties":{"lossyear":24}},{"type":"Feature","geometry":{"geodesic":false,"type":"Point","coordinates":[146.161660831042,-41.45537051645371]},"id":"4914","properties":{"lossyear":5}},{"type":"Feature","geometry":{"geodesic":false,"type":"Point","coordinates":[145.2354977731148,-41.70240721958659]},"id":"4915","properties":{"lossyear":24}},{"type":"Feature","geometry":{"geodesic":false,"type":"Point","coordinates":[145.37114338101685,-41.928782671184706]},"id":"4916","properties":{"lossyear":24}},{"type":"Feature","geometry":{"geodesic":false,"type":"Point","coordinates":[147.9870374883729,-41.04573874689521]},"id":"4917","properties":{"lossyear":24}},{"type":"Feature","geometry":{"geodesic":false,"type":"Point","coordinates":[144.93456215293475,-41.671864499926514]},"id":"4918","properties":{"lossyear":24}},{"type":"Feature","geometry":{"geodesic":false,"type":"Point","coordinates":[147.58549055637144,-40.96399205604034]},"id":"4919","properties":{"lossyear":24}},{"type":"Feature","geometry":{"geodesic":false,"type":"Point","coordinates":[148.0598010263866,-41.80391684669209]},"id":"4920","properties":{"lossyear":24}},{"type":"Feature","geometry":{"geodesic":false,"type":"Point","coordinates":[145.2588539705019,-41.697017327881866]},"id":"4921","properties":{}},{"type":"Feature","geometry":{"geodesic":false,"type":"Point","coordinates":[146.53086841281515,-43.01125258854873]},"id":"4922","properties":{"lossyear":24}},{"type":"Feature","geometry":{"geodesic":false,"type":"Point","coordinates":[147.4938623973913,-41.06011179144113]},"id":"4923","properties":{"lossyear":24}},{"type":"Feature","geometry":{"geodesic":false,"type":"Point","coordinates":[146.82551582600632,-43.11366053093835]},"id":"4924","properties":{"lossyear":24}},{"type":"Feature","geometry":{"geodesic":false,"type":"Point","coordinates":[147.75527214507002,-41.205638867468494]},"id":"4925","properties":{"lossyear":24}},{"type":"Feature","geometry":{"geodesic":false,"type":"Point","coordinates":[147.9933256953617,-41.048433692747565]},"id":"4926","properties":{}},{"type":"Feature","geometry":{"geodesic":false,"type":"Point","coordinates":[146.58117406872583,-41.27930072076629]},"id":"4927","properties":{"lossyear":24}},{"type":"Feature","geometry":{"geodesic":false,"type":"Point","coordinates":[147.89900259052916,-41.922494464195864]},"id":"4928","properties":{}},{"type":"Feature","geometry":{"geodesic":false,"type":"Point","coordinates":[147.67352545421517,-40.86068579836659]},"id":"4929","properties":{"lossyear":24}},{"type":"Feature","geometry":{"geodesic":false,"type":"Point","coordinates":[145.21483652158003,-41.690729120893025]},"id":"4930","properties":{"lossyear":24}},{"type":"Feature","geometry":{"geodesic":false,"type":"Point","coordinates":[147.1129767169246,-42.99508291343457]},"id":"4931","properties":{"lossyear":24}},{"type":"Feature","geometry":{"geodesic":false,"type":"Point","coordinates":[146.5470380879293,-42.230616606648866]},"id":"4932","properties":{"lossyear":16}},{"type":"Feature","geometry":{"geodesic":false,"type":"Point","coordinates":[144.96869813373132,-41.689830805608906]},"id":"4933","properties":{"lossyear":24}},{"type":"Feature","geometry":{"geodesic":false,"type":"Point","coordinates":[145.2723286997637,-41.70330553487071]},"id":"4934","properties":{"lossyear":24}},{"type":"Feature","geometry":{"geodesic":false,"type":"Point","coordinates":[146.70603989321847,-42.340211071311444]},"id":"4935","properties":{"lossyear":24}},{"type":"Feature","geometry":{"geodesic":false,"type":"Point","coordinates":[145.19597190061353,-41.673661130494764]},"id":"4936","properties":{}},{"type":"Feature","geometry":{"geodesic":false,"type":"Point","coordinates":[147.16597731868762,-42.24498965119477]},"id":"4937","properties":{"lossyear":24}},{"type":"Feature","geometry":{"geodesic":false,"type":"Point","coordinates":[146.56051281719107,-42.344702647732035]},"id":"4938","properties":{}},{"type":"Feature","geometry":{"geodesic":false,"type":"Point","coordinates":[146.17154229916736,-43.42896919566431]},"id":"4939","properties":{}},{"type":"Feature","geometry":{"geodesic":false,"type":"Point","coordinates":[147.83701883592494,-41.531727315603874]},"id":"4940","properties":{"lossyear":24}},{"type":"Feature","geometry":{"geodesic":false,"type":"Point","coordinates":[146.8955844181677,-42.87381035007844]},"id":"4941","properties":{"lossyear":24}},{"type":"Feature","geometry":{"geodesic":false,"type":"Point","coordinates":[148.11190331286548,-41.12479049189773]},"id":"4942","properties":{"lossyear":24}},{"type":"Feature","geometry":{"geodesic":false,"type":"Point","coordinates":[146.09877876115365,-42.622282070524975]},"id":"4943","properties":{"lossyear":23}},{"type":"Feature","geometry":{"geodesic":false,"type":"Point","coordinates":[145.08547912066683,-41.7769673881685]},"id":"4944","properties":{"lossyear":24}},{"type":"Feature","geometry":{"geodesic":false,"type":"Point","coordinates":[145.44570354959876,-42.26565090272952]},"id":"4945","properties":{"lossyear":24}},{"type":"Feature","geometry":{"geodesic":false,"type":"Point","coordinates":[146.5551229254864,-42.3563807464256]},"id":"4946","properties":{"lossyear":24}},{"type":"Feature","geometry":{"geodesic":false,"type":"Point","coordinates":[146.05206636637945,-43.3553073423665]},"id":"4947","properties":{"lossyear":24}},{"type":"Feature","geometry":{"geodesic":false,"type":"Point","coordinates":[148.28168490156406,-41.23528327184444]},"id":"4948","properties":{"lossyear":24}},{"type":"Feature","geometry":{"geodesic":false,"type":"Point","coordinates":[146.33054410445646,-43.34991745066179]},"id":"4949","properties":{}},{"type":"Feature","geometry":{"geodesic":false,"type":"Point","coordinates":[145.17980222549937,-41.043942116326974]},"id":"4950","properties":{"lossyear":18}},{"type":"Feature","geometry":{"geodesic":false,"type":"Point","coordinates":[144.8447306245228,-41.47782839855671]},"id":"4951","properties":{"lossyear":24}},{"type":"Feature","geometry":{"geodesic":false,"type":"Point","coordinates":[145.45917827886058,-42.25217617346773]},"id":"4952","properties":{"lossyear":24}},{"type":"Feature","geometry":{"geodesic":false,"type":"Point","coordinates":[146.51110547656452,-42.99957448985518]},"id":"4953","properties":{"lossyear":24}},{"type":"Feature","geometry":{"geodesic":false,"type":"Point","coordinates":[146.91265240856592,-42.808233334337714]},"id":"4954","properties":{"lossyear":24}},{"type":"Feature","geometry":{"geodesic":false,"type":"Point","coordinates":[145.16273423510108,-40.80588856603531]},"id":"4955","properties":{}},{"type":"Feature","geometry":{"geodesic":false,"type":"Point","coordinates":[145.38102484914214,-41.917104572491155]},"id":"4956","properties":{"lossyear":24}},{"type":"Feature","geometry":{"geodesic":false,"type":"Point","coordinates":[147.1956217230636,-41.41943790508894]},"id":"4957","properties":{"lossyear":24}},{"type":"Feature","geometry":{"geodesic":false,"type":"Point","coordinates":[147.371691518751,-42.28361720841191]},"id":"4958","properties":{"lossyear":24}},{"type":"Feature","geometry":{"geodesic":false,"type":"Point","coordinates":[146.62788646350003,-42.2647525874454]},"id":"4959","properties":{"lossyear":24}},{"type":"Feature","geometry":{"geodesic":false,"type":"Point","coordinates":[146.35120535599123,-41.410454752247745]},"id":"4960","properties":{}},{"type":"Feature","geometry":{"geodesic":false,"type":"Point","coordinates":[148.22688766923278,-41.062806737293485]},"id":"4961","properties":{"lossyear":24}},{"type":"Feature","geometry":{"geodesic":false,"type":"Point","coordinates":[144.9103076402635,-40.895720094447256]},"id":"4962","properties":{"lossyear":24}},{"type":"Feature","geometry":{"geodesic":false,"type":"Point","coordinates":[147.2486223248266,-41.144553428148356]},"id":"4963","properties":{"lossyear":22}},{"type":"Feature","geometry":{"geodesic":false,"type":"Point","coordinates":[146.5551229254864,-42.73457148103991]},"id":"4964","properties":{"lossyear":24}},{"type":"Feature","geometry":{"geodesic":false,"type":"Point","coordinates":[146.62608983293183,-43.53047882276981]},"id":"4965","properties":{"lossyear":24}},{"type":"Feature","geometry":{"geodesic":false,"type":"Point","coordinates":[144.84203567867047,-41.47603176798846]},"id":"4966","properties":{"lossyear":24}},{"type":"Feature","geometry":{"geodesic":false,"type":"Point","coordinates":[147.53518490046076,-41.2658259915045]},"id":"4967","properties":{"lossyear":24}},{"type":"Feature","geometry":{"geodesic":false,"type":"Point","coordinates":[145.37294001158506,-41.94585066158298]},"id":"4968","properties":{"lossyear":24}},{"type":"Feature","geometry":{"geodesic":false,"type":"Point","coordinates":[147.96727455212226,-42.86662382780548]},"id":"4969","properties":{}},{"type":"Feature","geometry":{"geodesic":false,"type":"Point","coordinates":[145.387313056131,-40.856194221946]},"id":"4970","properties":{"lossyear":24}},{"type":"Feature","geometry":{"geodesic":false,"type":"Point","coordinates":[146.30000138479642,-41.31253838627872]},"id":"4971","properties":{}},{"type":"Feature","geometry":{"geodesic":false,"type":"Point","coordinates":[145.19417527004532,-41.68354259862008]},"id":"4972","properties":{}},{"type":"Feature","geometry":{"geodesic":false,"type":"Point","coordinates":[147.8253407372314,-42.26654921801364]},"id":"4973","properties":{"lossyear":24}},{"type":"Feature","geometry":{"geodesic":false,"type":"Point","coordinates":[145.07110607612094,-41.22540180371912]},"id":"4974","properties":{"lossyear":24}},{"type":"Feature","geometry":{"geodesic":false,"type":"Point","coordinates":[146.289221601387,-42.2279216607965]},"id":"4975","properties":{"lossyear":24}},{"type":"Feature","geometry":{"geodesic":false,"type":"Point","coordinates":[146.65663255259187,-41.36014909633704]},"id":"4976","properties":{"lossyear":24}},{"type":"Feature","geometry":{"geodesic":false,"type":"Point","coordinates":[144.95342677390124,-41.47154019156787]},"id":"4977","properties":{"lossyear":24}},{"type":"Feature","geometry":{"geodesic":false,"type":"Point","coordinates":[147.88642617655148,-42.17671768960169]},"id":"4978","properties":{}},{"type":"Feature","geometry":{"geodesic":false,"type":"Point","coordinates":[146.26047551229516,-41.21911359673028]},"id":"4979","properties":{}},{"type":"Feature","geometry":{"geodesic":false,"type":"Point","coordinates":[145.2696337539113,-41.70600048072306]},"id":"4980","properties":{"lossyear":24}},{"type":"Feature","geometry":{"geodesic":false,"type":"Point","coordinates":[146.25239067473808,-42.19109073414761]},"id":"4981","properties":{"lossyear":24}},{"type":"Feature","geometry":{"geodesic":false,"type":"Point","coordinates":[145.04505493288144,-41.02507749536046]},"id":"4982","properties":{"lossyear":18}},{"type":"Feature","geometry":{"geodesic":false,"type":"Point","coordinates":[146.60722521196533,-42.544128640806576]},"id":"4983","properties":{"lossyear":24}},{"type":"Feature","geometry":{"geodesic":false,"type":"Point","coordinates":[146.4086975341749,-42.85494572911193]},"id":"4984","properties":{"lossyear":24}},{"type":"Feature","geometry":{"geodesic":false,"type":"Point","coordinates":[144.97139307958366,-41.679051022199474]},"id":"4985","properties":{"lossyear":24}},{"type":"Feature","geometry":{"geodesic":false,"type":"Point","coordinates":[145.21483652158003,-41.710492057143654]},"id":"4986","properties":{"lossyear":24}},{"type":"Feature","geometry":{"geodesic":false,"type":"Point","coordinates":[147.7444923616606,-41.66288134708533]},"id":"4987","properties":{}},{"type":"Feature","geometry":{"geodesic":false,"type":"Point","coordinates":[145.07739428310975,-41.7769673881685]},"id":"4988","properties":{"lossyear":24}},{"type":"Feature","geometry":{"geodesic":false,"type":"Point","coordinates":[146.92882208368007,-41.37452214088296]},"id":"4989","properties":{"lossyear":24}},{"type":"Feature","geometry":{"geodesic":false,"type":"Point","coordinates":[147.4633196777312,-41.40686149111126]},"id":"4990","properties":{"lossyear":24}},{"type":"Feature","geometry":{"geodesic":false,"type":"Point","coordinates":[146.55063134906578,-42.2324132372171]},"id":"4991","properties":{"lossyear":24}},{"type":"Feature","geometry":{"geodesic":false,"type":"Point","coordinates":[146.59644542855585,-42.243193020626535]},"id":"4992","properties":{}},{"type":"Feature","geometry":{"geodesic":false,"type":"Point","coordinates":[148.01847852331707,-41.113112393204176]},"id":"4993","properties":{}},{"type":"Feature","geometry":{"geodesic":false,"type":"Point","coordinates":[144.86000198435283,-41.48411660554554]},"id":"4994","properties":{"lossyear":3}},{"type":"Feature","geometry":{"geodesic":false,"type":"Point","coordinates":[146.50481726957565,-41.30535186400576]},"id":"4995","properties":{"lossyear":24}},{"type":"Feature","geometry":{"geodesic":false,"type":"Point","coordinates":[146.3296457891724,-43.34542587424119]},"id":"4996","properties":{"lossyear":24}},{"type":"Feature","geometry":{"geodesic":false,"type":"Point","coordinates":[146.69436179452492,-41.357454150484685]},"id":"4997","properties":{"lossyear":24}},{"type":"Feature","geometry":{"geodesic":false,"type":"Point","coordinates":[144.9228840542412,-41.48142165969318]},"id":"4998","properties":{"lossyear":24}},{"type":"Feature","geometry":{"geodesic":false,"type":"Point","coordinates":[144.78544181577092,-40.997229721552756]},"id":"4999","properties":{"lossyear":24}},{"type":"Feature","geometry":{"geodesic":false,"type":"Point","coordinates":[146.90905914742945,-42.815419856610674]},"id":"5000","properties":{"lossyear":24}},{"type":"Feature","geometry":{"geodesic":false,"type":"Point","coordinates":[147.8406120970614,-42.26744753329777]},"id":"5001","properties":{}},{"type":"Feature","geometry":{"geodesic":false,"type":"Point","coordinates":[145.98379440478635,-43.263679183386316]},"id":"5002","properties":{"lossyear":24}},{"type":"Feature","geometry":{"geodesic":false,"type":"Point","coordinates":[147.88822280711975,-42.17132779789698]},"id":"5003","properties":{"lossyear":24}}]}