id,lossyear,longitude,latitude
0,19.0,146.3853413367878,-42.615095548252015
1,19.0,146.4131891105955,-42.64923152904856
2,,146.13920294893904,-41.96381696726536
3,19.0,146.47337623463147,-43.085812757130654
4,19.0,146.7258028294691,-43.19989879821382
5,19.0,146.49942737787097,-42.04197039698376
6,19.0,146.54524145736104,-43.10827063923364
7,19.0,146.39881606604956,-42.680672563992744
8,19.0,146.70693820850255,-42.006037785618986
9,19.0,147.99422401064584,-42.1174288808498
10,19.0,146.25239067473808,-42.19827725642055
11,19.0,145.81311450080364,-41.500286280659694
12,19.0,146.5847673298623,-41.99795294806191
13,19.0,146.56320776304347,-42.10215752101978
14,19.0,145.00642737566432,-40.845414438536565
15,19.0,146.35569693241183,-42.65641805132151
16,19.0,146.58386901457817,-41.896443320956394
17,19.0,146.73119272117378,-42.09227605289446
18,19.0,146.52727515167868,-42.025800721869615
19,19.0,146.37905312979893,-42.92142106013678
20,,145.9487601087057,-42.71480854478928
21,19.0,146.3314424197406,-43.13791504360958
22,19.0,146.64764939975066,-42.0249024065855
23,19.0,145.62446829113856,-42.95196377979684
24,19.0,146.67819211941077,-43.11366053093835
25,19.0,146.514698737701,-43.15408471872374
26,19.0,146.6206999412271,-41.89374837510404
27,19.0,146.27844181797758,-42.962743563206274
28,19.0,146.59554711327172,-41.95213886857181
29,19.0,146.30000138479642,-42.633960169218525
30,19.0,145.75472400733588,-42.91513285314794
31,19.0,146.36557840053717,-43.121745368495425
32,19.0,145.69004530687926,-42.3797369438127
33,19.0,146.40779921889077,-42.67079109586743
34,19.0,145.74035096279,-41.28828387360748
35,,145.7322661252329,-42.698638869675136
36,19.0,146.6853786416837,-43.15767797986021
37,19.0,146.9440934435101,-43.23942467071508
38,19.0,146.552427979634,-42.076106377780306
39,19.0,146.56949597003228,-42.1497682310781
40,19.0,145.34778718362975,-41.774272442316146
41,19.0,146.75005734214028,-43.15228808815549
42,19.0,146.7446674504356,-43.17384765497437
43,19.0,145.96852304495633,-42.89626823218143
44,19.0,147.9681728674064,-42.122818772554524
45,19.0,146.60992015781767,-41.914409626638786
46,19.0,146.3224592668994,-42.57736630631899
47,19.0,145.5759592657961,-42.646536583196195
48,,145.5337384474425,-42.761520939563496
49,19.0,146.57219091588462,-42.07430974721207
50,19.0,146.54973303378165,-43.10377906281303
51,19.0,146.29730643894408,-42.621383755240856
52,19.0,146.33503568087707,-42.455195427678746
53,8.0,145.36934675044859,-42.006037785618986
54,19.0,145.27861690675252,-41.79762863970325
55,19.0,145.58763736448964,-42.60880734126319
56,19.0,145.52206034874894,-42.327634657333775
57,19.0,146.25867888172695,-42.6186888093885
58,12.0,146.7042432626502,-43.16935607855376
59,19.0,146.55063134906578,-43.12264368377954
60,19.0,146.7464640810038,-43.0606599291753
61,19.0,146.72849777532144,-43.1388133588937
62,19.0,147.50194723494832,-41.26492767622038
63,19.0,146.90277094044063,-43.24661119298804
64,19.0,145.62985818284324,-42.782182191098244
65,19.0,145.91911570432973,-41.9934613716413
66,19.0,146.79946468276688,-43.14599988116666
67,19.0,146.40779921889077,-42.6968422391069
68,19.0,145.7187913959711,-42.820809748315384
69,19.0,145.3971945242563,-41.20024897576377
70,19.0,146.61620836480648,-41.91351131135467
71,19.0,146.4886475944615,-41.96471528254948
72,19.0,146.29281486252347,-42.64024837620737
73,,147.9555964534287,-42.09227605289446
74,19.0,146.9063642015771,-41.028670756496936
75,19.0,145.5211620334648,-42.72648664348284
76,18.0,145.0279869424832,-40.941534173937356
77,19.0,145.7232829723917,-42.92052274485266
78,19.0,147.965477921554,-42.154259807498704
79,19.0,146.59464879798765,-42.11653056556568
80,19.0,145.5615862212502,-42.61329891768378
81,19.0,146.55602124077046,-42.014122623176064
82,,145.8122161855195,-42.63126522336617
83,,146.70244663208194,-43.15677966457609
84,19.0,146.50122400843918,-42.05185186510907
85,19.0,146.4886475944615,-41.94315571573061
86,19.0,147.89810427524503,-41.93237593232118
87,19.0,146.65842918316014,-42.05814007209791
88,19.0,146.61351341895414,-41.86500228601221
89,,145.8059279785307,-43.024727317810516
90,19.0,146.32515421275178,-42.94387894223976
91,19.0,145.60021377846732,-41.06101010672525
92,19.0,146.18232208257677,-43.06515150559589
93,19.0,145.64423122738918,-42.79386028979181
94,19.0,146.70873483907081,-42.02849566772197
95,,146.56769933946407,-42.37434705210799
96,,146.1059652834266,-42.5818578827396
97,19.0,146.3808497603672,-42.691452347402176
98,19.0,145.53284013215836,-42.58634945916019
99,,145.49151762908883,-42.685164140413335
100,19.0,146.33773062672947,-42.62497701637733
101,19.0,147.92595204905274,-41.48142165969318
102,19.0,146.469782973495,-43.051676776334105
103,19.0,145.7610122143247,-42.92142106013678
104,19.0,146.53176672809929,-43.217865103896216
105,19.0,146.43385036213022,-43.16845776326964
106,19.0,145.61638345358148,-42.820809748315384
107,19.0,145.6253666064227,-42.82799627058834
108,,145.65590932608274,-42.800148496780636
109,19.0,146.48595264860916,-43.19630553707735
110,19.0,146.79766805219862,-41.97729169652716
111,19.0,145.55170475312485,-42.65641805132151
112,19.0,145.70711329727754,-42.800148496780636
113,,147.97356275911108,-42.10664909744037
114,19.0,146.7446674504356,-42.139886762952784
115,19.0,146.81832930373338,-43.00496438155989
116,19.0,145.514873826476,-42.69774055439102
117,19.0,146.84977033867756,-43.056168352754696
118,19.0,146.16255914632615,-41.54879530600215
119,19.0,146.71412473077555,-43.11905042264307
120,19.0,145.49600920550944,-42.73367316575579
121,7.0,146.35210367127536,-43.134321782473094
122,19.0,145.612790192445,-42.79026702865532
123,19.0,145.56967105880727,-42.6052140801267
124,19.0,145.25795565521776,-41.81918820652213
125,19.0,147.21807960516657,-42.24858291233126
126,19.0,146.0781175096189,-42.924116005989134
127,19.0,146.30000138479642,-42.49741624603236
128,,146.52547852111041,-42.05814007209791
129,19.0,146.39612112019722,-42.70941865308457
130,,145.68555373045865,-42.02849566772197
131,,146.49224085559803,-41.92608772533235
132,,145.73675770165346,-41.55238856713862
133,18.0,148.1343611949685,-41.306250179289876
134,19.0,146.44013856911909,-43.155881349291974
135,19.0,146.3125777987741,-42.552213478363655
136,19.0,146.67819211941077,-43.20528868991855
137,19.0,147.73281426296705,-42.307871721083146
138,19.0,145.49151762908883,-42.745351264449354
139,19.0,146.9189406155548,-43.21517015804386
140,20.0,146.9979923605573,-43.04988014576587
141,19.0,146.65034434560306,-42.05454681096144
142,19.0,145.49870415136184,-42.78757208280297
143,19.0,146.52547852111041,-43.225949941453294
144,19.0,146.48954590974563,-42.05364849567732
145,19.0,145.54272160028364,-42.614197232967896
146,19.0,146.85156696924582,-43.032812155367594
147,19.0,146.777905115948,-43.05347340690234
148,19.0,145.82569091478132,-41.14635005871661
149,19.0,145.52834855573775,-42.743554633881104
150,19.0,145.650519434378,-42.94387894223976
151,19.0,146.32605252803592,-42.55580673950013
152,19.0,146.37456155337833,-42.57467136046664
153,19.0,146.60992015781767,-42.13359855596396
154,19.0,146.69436179452492,-42.02041083016489
155,19.0,146.78419332293686,-43.06694813616414
156,,145.54631486142017,-42.916929483716174
157,19.0,145.66579079420802,-42.775893984109416
158,19.0,146.61531004952235,-42.03568218999493
159,19.0,146.81114278146043,-42.15515812278282
160,19.0,146.47966444162034,-42.025800721869615
161,19.0,146.52727515167868,-41.99076642578895
162,19.0,146.4634947665062,-41.972800120106555
163,19.0,146.2532889900222,-42.486636462622926
164,19.0,146.25059404416987,-41.487709866682025
165,,145.62985818284324,-42.7893687133712
166,19.0,146.90816083214537,-43.19271227594086
167,19.0,146.30898453763763,-42.589942720296676
168,19.0,146.49224085559803,-43.210678581623256
169,,147.4399634803441,-42.327634657333775
170,19.0,145.71968971125523,-42.827097955304225
171,19.0,146.8928894723153,-42.75163947143818
172,8.0,146.36917166167365,-42.71750349064165
173,19.0,146.52278357525807,-42.0716148013597
174,19.0,146.82012593430164,-43.03011720951524
175,19.0,146.7123281002073,-41.875782069421646
176,19.0,146.2164580633733,-42.467771841656415
177,19.0,146.64046287747772,-42.04017376641552
178,19.0,145.58224747278496,-42.8306912164407
179,19.0,146.6934634792408,-42.04646197340436
180,19.0,145.77628357415472,-42.831589531724816
181,19.0,146.30179801536468,-42.69774055439102
182,19.0,146.4886475944615,-43.18911901480439
183,19.0,145.80682629381482,-42.93848905053504
184,19.0,145.7295711793805,-42.91782779900029
185,19.0,146.48415601804095,-42.04736028868848
186,19.0,145.57056937409135,-42.878301926499034
187,19.0,146.56230944775933,-41.90722310436584
188,19.0,147.93403688660982,-42.11203898914509
189,18.0,145.69004530687926,-42.98070986888867
190,19.0,145.69453688329986,-42.812724910758305
191,,145.48343279153175,-42.526162335124184
192,19.0,146.4976307473027,-43.097490855824205
193,19.0,146.07632087905068,-42.92681095184149
194,8.0,146.38444302150367,-42.70313044609573
195,19.0,146.43385036213022,-43.15138977287137
196,19.0,146.63776793162538,-42.04197039698376
197,19.0,146.55063134906578,-43.10467737809715
198,19.0,145.69184193744752,-42.66270625831035
199,19.0,146.29011991667113,-42.51448423643063
200,19.0,145.58584073392143,-42.628570277513816
201,19.0,146.7536506032768,-43.05976161389118
202,19.0,146.41139248002725,-43.00676101212812
203,19.0,146.71412473077555,-43.03101552479936
204,19.0,145.40258441596103,-41.728458362826046
205,,145.567874428239,-42.86123393610076
206,19.0,146.3035946459329,-42.45878868881522
207,19.0,147.17945204794944,-41.13646859059129
208,19.0,146.88390631947414,-43.064253190311774
209,19.0,145.56068790596606,-42.684265825129216
210,,146.39073122849248,-42.518975812851224
211,,146.7042432626502,-43.04988014576587
212,,145.88408140824907,-42.518975812851224
213,19.0,145.60111209375145,-42.84326763041838
214,19.0,146.52547852111041,-42.0249024065855
215,19.0,146.9000759945883,-42.858538990248405
216,19.0,146.3035946459329,-42.50011119188471
217,19.0,145.7017234055728,-42.82530132473599
218,19.0,146.4293587857096,-43.17025439383788
219,19.0,145.27592196090018,-41.82906967464744
220,19.0,146.0403882676859,-41.449082309464885
221,,146.5290717822469,-43.24122130128332
222,19.0,146.0655410956412,-42.65821468188976
223,19.0,146.54524145736104,-41.98537653408424
224,19.0,146.37456155337833,-43.15857629514433
225,9.0,144.78095023935032,-40.51483441398058
226,,146.53535998923576,-41.93866413931002
227,19.0,146.40510427303843,-42.691452347402176
228,19.0,146.77610848537978,-43.032812155367594
229,19.0,146.33952725729768,-42.93759073525092
230,19.0,146.55781787133873,-41.94764729215122
231,19.0,145.93618369472802,-41.446387363612516
232,19.0,146.74107418929913,-43.06874476673238
233,19.0,146.6674123360013,-42.1174288808498
234,20.0,145.55799296011372,-42.75972430899526
235,19.0,146.11405012098368,-42.95735367150155
236,19.0,146.72400619890084,-43.18552575366792
237,19.0,145.73496107108525,-42.909742961443214
238,,146.7590404949815,-43.0238290025264
239,19.0,146.62878477878417,-42.04017376641552
240,19.0,146.50122400843918,-41.9242910947641
241,19.0,144.9417486752077,-40.98824656871156
242,19.0,145.5912306256261,-42.59353598143315
243,19.0,146.59285216741938,-42.04107208169964
244,19.0,145.70711329727754,-42.90794633087498
245,19.0,146.65124266088714,-42.07520806249619
246,19.0,146.46169813593792,-41.17958772422902
247,19.0,147.54596468387018,-41.54071046844507
248,19.0,146.28562834025053,-42.629468592797934
249,19.0,146.65663255259187,-41.8919517445358
250,19.0,146.8192276190175,-42.17132779789698
251,,146.30089970008055,-42.61689217882025
252,19.0,146.7231078836167,-43.12444031434778
253,19.0,146.39342617434488,-43.00496438155989
254,19.0,146.63327635520477,-41.84793429561395
255,19.0,145.5382300238631,-42.615095548252015
256,,145.76460547546117,-42.819911433031265
257,19.0,146.78329500765273,-42.16863285204461
258,19.0,147.4812859834136,-41.33409795309758
259,19.0,145.28849837487786,-41.832662935783915
260,19.0,146.20118670354327,-43.5250889310651
261,19.0,146.31437442934237,-42.501009507168845
262,,146.30000138479642,-42.474958363929375
263,19.0,145.5939255714785,-42.88908170990847
264,19.0,146.91175409328184,-42.191989049431726
265,19.0,146.39073122849248,-42.667197834730956
266,19.0,146.68268369583132,-41.875782069421646
267,19.0,147.96907118269047,-42.10575078215625
268,19.0,146.4464267761079,-43.12354199906366
269,19.0,146.4140874258796,-42.66180794302623
270,19.0,146.45181666781264,-43.12533862963191
271,19.0,146.68897190282019,-41.86949386243282
272,19.0,146.5784791228735,-42.00513947033487
273,19.0,146.65483592202366,-42.00873273147134
274,19.0,145.55799296011372,-42.61329891768378
275,19.0,145.78167346585946,-42.540535379670104
276,19.0,146.5021223237233,-42.0482586039726
277,,147.84600198876615,-42.83338616229307
278,19.0,146.71053146963902,-43.04898183048175
279,19.0,146.57668249230522,-42.01322430789193
280,19.0,146.8192276190175,-42.153361492214586
281,19.0,146.5757841770211,-41.99705463277779
282,19.0,146.31347611405823,-42.589942720296676
283,19.0,146.32335758218352,-42.51178929057828
284,19.0,146.8039562591875,-42.122818772554524
285,19.0,146.8039562591875,-43.051676776334105
286,19.0,145.94696347813743,-42.216243562102946
287,19.0,146.28383170968226,-42.685164140413335
288,,146.00535397160525,-42.68965571683394
289,19.0,146.19220355070206,-43.526885561633335
290,19.0,146.16076251575788,-41.518252586342086
291,,144.86090029963697,-40.901109986151965
292,,146.01074386330993,-42.955557040933314
293,19.0,146.51110547656452,-41.994359686925435
294,,146.71951462248023,-43.0929992794036
295,19.0,146.28742497081873,-42.52975559626066
296,,146.70244663208194,-41.87398543885341
297,,147.18933351607473,-42.28092226255956
298,19.0,146.54613977264518,-42.05634344152968
299,19.0,146.70514157793434,-41.87488375413753
300,19.0,146.54613977264518,-41.91890120305939
301,19.0,146.25508562059048,-42.962743563206274
302,19.0,146.84348213168875,-42.14078507823692
303,19.0,146.6979550556614,-42.00783441618722
304,19.0,145.75202906148354,-42.92950589769384
305,19.0,146.78060006180038,-42.121920457270406
306,19.0,146.5874622757147,-41.99615631749367
307,1.0,146.92253387669126,-43.04628688462938
308,19.0,146.26496708871576,-42.44711059012167
309,19.0,146.36288345468478,-42.71750349064165
310,19.0,146.37096829224186,-43.14599988116666
311,19.0,146.56949597003228,-42.146174969941626
312,19.0,146.33503568087707,-42.50729771415767
313,19.0,146.90995746271358,-43.19989879821382
314,,147.1039935640834,-41.30086028758515
315,19.0,146.3296457891724,-42.54682358665893
316,19.0,146.46079982065385,-43.047185199913514
317,19.0,145.612790192445,-42.96813345491098
318,19.0,146.30988285292176,-42.65731636660564
319,19.0,146.31167948348997,-42.673486041719784
320,19.0,146.7770068006639,-42.13719181710043
321,19.0,146.65842918316014,-42.069818170791464
322,19.0,146.740175874015,-41.45626883173783
323,19.0,145.5310435015901,-42.69504560853865
324,19.0,146.51380042241686,-42.006936100903104
325,19.0,145.69902845972047,-42.834284477577185
326,19.0,146.65393760673953,-42.00783441618722
327,,146.88031305833766,-43.21966173446445
328,19.0,145.18159885606764,-41.20114729104789
329,19.0,146.47157960406327,-42.74085968802875
330,19.0,147.22885938857598,-42.29978688352607
331,19.0,145.67926552346984,-42.783978821666494
332,19.0,146.35839187826417,-42.49202635432765
333,19.0,145.5256536098854,-42.68965571683394
334,,146.44822340667616,-41.856917448455135
335,19.0,146.08350740132363,-42.94657388809212
336,,146.42396889400493,-43.114558846222465
337,19.0,147.93403688660982,-43.187322384236154
338,19.0,146.6081235272494,-42.12461540312276
339,19.0,146.45271498309677,-42.67707930285627
340,,146.53625830451983,-42.03658050527905
341,19.0,146.59015722156704,-41.95213886857181
342,19.0,146.90097430987237,-43.039998677640554
343,19.0,146.02511690785587,-42.59892587313787
344,19.0,145.47265300812234,-42.667197834730956
345,19.0,146.46708802764266,-43.136118413041345
346,19.0,145.37473664215332,-42.01951251488077
347,19.0,146.2425092066128,-42.94926883394447
348,19.0,146.66561570543308,-42.038377135847284
349,19.0,145.55350138369312,-42.93938736581916
350,19.0,145.49241594437296,-42.79206365922356
351,,145.6172817688656,-42.596230927285504
352,19.0,145.54990812255664,-42.78038556053001
353,19.0,146.31796769047884,-42.64473995262796
354,19.0,146.29191654723934,-42.96004861735392
355,19.0,145.59662051733085,-42.86303056666901
356,19.0,146.33683231144533,-42.51178929057828
357,19.0,145.49600920550944,-42.79386028979181
358,19.0,145.62446829113856,-42.81901311774715
359,19.0,146.47966444162034,-41.96561359783361
360,19.0,146.8192276190175,-43.09120264883536
361,19.0,146.71412473077555,-42.07430974721207
362,19.0,146.68717527225192,-41.86051070959162
363,19.0,146.2631704581475,-42.603417449558464
364,19.0,146.5236818905422,-42.04197039698376
365,,146.58207238400996,-41.852425872034544
366,19.0,145.51307719590773,-42.73546979632404
367,,145.85084374273669,-42.293498676537226
368,19.0,146.80126131333515,-42.13809013238455
369,19.0,146.514698737701,-43.12533862963191
370,19.0,146.52008862940573,-42.030292298290206
371,19.0,146.73837924344673,-42.10125920573566
372,19.0,145.72058802653936,-42.788470398087085
373,19.0,146.4131891105955,-42.63665511507088
374,,146.13740631837078,-42.51538255171475
375,19.0,145.55799296011372,-42.90345475445439
376,19.0,146.39073122849248,-42.51178929057828
377,,145.75023243091528,-42.74445294916522
378,19.0,146.73298935174205,-43.14959314230313
379,,145.80952123966716,-42.962743563206274
380,19.0,146.08620234717597,-42.935794104682685
381,19.0,145.78975830341653,-42.94477725752388
382,19.0,146.26496708871576,-42.61958712467262
383,9.0,147.6887968140452,-41.15443489627367
384,19.0,145.54990812255664,-42.63935006092325
385,,145.93798032529628,-42.21085367039824
386,19.0,146.6485477150348,-42.09047942232621
387,19.0,145.41336419937045,-41.755407821349635
388,,146.81743098844925,-43.05347340690234
389,19.0,146.57758080758936,-41.99705463277779
390,19.0,146.5191903141216,-42.02939398300609
391,19.0,146.50302063900745,-43.085812757130654
392,19.0,145.74843580034707,-42.38243188966506
393,,145.34688886834562,-40.93344933638028
394,19.0,145.49690752079357,-42.782182191098244
395,19.0,146.46439308179032,-43.07682960428946
396,19.0,146.29640812365994,-42.52256907398771
397,19.0,147.0572811693092,-42.180310950738175
398,19.0,146.9234321919754,-43.05077846104999
399,19.0,147.46511630829946,-41.333199637813465
400,19.0,146.61980162594296,-42.08958110704209
401,19.0,146.49493580145037,-43.09569422525597
402,19.0,146.7913798452098,-41.50118459594381
403,19.0,145.47714458454294,-42.653723105469155
404,19.0,146.50661390014392,-41.928782671184706
405,19.0,146.80485457447162,-43.04538856934526
406,19.0,146.67280222770603,-42.00873273147134
407,19.0,146.51200379184866,-41.915307941922904
408,19.0,146.60273363554472,-42.09047942232621
409,19.0,146.31347611405823,-42.557603370068364
410,19.0,146.800362998051,-42.988794706445745
411,19.0,146.31976432104705,-42.64384163734384
412,,146.16076251575788,-42.32943128790201
413,19.0,146.52547852111041,-41.95213886857181
414,,147.251317270679,-42.32404139619729
415,19.0,146.56949597003228,-42.13629350181631
416,19.0,146.78778658407333,-42.73277485047167
417,19.0,145.5633828518184,-42.722893382346356
418,19.0,146.58656396043057,-41.90362984322935
419,19.0,146.4742745499156,-43.08221949599417
420,19.0,146.56500439361167,-43.27266233622751
421,19.0,146.7698202783909,-42.12102214198629
422,19.0,146.70514157793434,-43.128931890768385
423,19.0,146.2164580633733,-42.448907220689904
424,19.0,146.35569693241183,-42.26744753329777
425,19.0,145.5759592657961,-42.91962442956853
426,19.0,145.92181065018212,-43.00765932741224
427,19.0,146.64225950804598,-42.04736028868848
428,,146.5551229254864,-42.09047942232621
429,19.0,145.29658321243494,-41.759899397770226
430,19.0,146.5236818905422,-43.2403229859992
431,19.0,146.82102424958578,-42.138988447668666
432,19.0,145.33880403078854,-41.787747171577934
433,19.0,145.61638345358148,-42.66989278058331
434,19.0,145.57865421164843,-42.94657388809212
435,19.0,146.17154229916736,-41.55238856713862
436,19.0,145.49600920550944,-42.71660517535753
437,19.0,146.59914037440825,-42.02849566772197
438,19.0,146.10506696814247,-42.969031770195116
439,19.0,146.5784791228735,-41.98357990351599
440,19.0,146.39342617434488,-43.12533862963191
441,19.0,146.31167948348997,-42.45699205824698
442,19.0,146.29730643894408,-42.44441564426931
443,19.0,145.84455553574782,-43.21606847332798
444,19.0,145.5912306256261,-42.86303056666901
445,19.0,145.6172817688656,-42.66899446529919
446,,145.83197912177013,-42.55580673950013
447,19.0,146.33862894201354,-42.58724777444431
448,19.0,146.50481726957565,-41.9332742476053
449,19.0,145.6972318291522,-42.77050409240469
450,19.0,145.32083772510617,-41.82188315237448
451,19.0,146.52997009753102,-43.24661119298804
452,19.0,146.4230705787208,-42.66899446529919
453,19.0,145.59572220204672,-42.743554633881104
454,19.0,146.27125529570458,-42.46867015694053
455,19.0,146.3359339961612,-42.603417449558464
456,19.0,146.54164819622457,-42.08778447647386
457,19.0,147.54596468387018,-41.50208291122793
458,19.0,146.72670114475318,-42.00783441618722
459,19.0,146.77071859367504,-43.11366053093835
460,19.0,146.26047551229516,-42.47855162506585
461,19.0,146.58207238400996,-41.88835848339933
462,19.0,146.66381907486482,-41.98807147993659
463,19.0,146.5236818905422,-42.084191215337384
464,19.0,147.9636812909858,-42.14886991579398
465,19.0,146.67998874997897,-42.0940726834627
466,19.0,145.28760005959373,-41.806611792544444
467,19.0,145.7637071601771,-42.84057268456601
468,19.0,145.6082986160244,-42.738164742176394
469,19.0,145.6487228038098,-42.82619964002011
470,19.0,146.61800499537475,-41.8775786999899
471,19.0,146.6206999412271,-42.023105776017246
472,19.0,145.71609645011876,-41.485014920829656
473,19.0,146.78060006180038,-42.138988447668666
474,19.0,146.49673243201858,-42.02849566772197
475,19.0,147.04739970118385,-42.1955823105682
476,19.0,146.26945866513637,-42.58634945916019
477,19.0,145.74574085449467,-42.93489578939857
478,19.0,146.6296830940683,-42.018614199596655
479,19.0,146.80934615089217,-42.15066654636223
480,19.0,146.60722521196533,-41.898239951524644
481,19.0,145.64692617324152,-42.84506426098662
482,19.0,146.58117406872583,-41.953935499140044
483,19.0,146.67280222770603,-42.0392754511314
484,19.0,145.56967105880727,-42.648333213764445
485,19.0,145.3504821294821,-41.77966233402087
486,19.0,145.7565206379041,-42.93309915883033
487,19.0,146.59824205912412,-42.018614199596655
488,19.0,147.9088840586545,-41.504777857080285
489,19.0,145.30197310413962,-42.083292900053266
490,19.0,146.2910182319552,-42.576467991034875
491,19.0,146.31347611405823,-42.47046678750877
492,19.0,147.10938345578813,-41.299961972301034
493,19.0,146.1652540921785,-43.05527003747058
494,19.0,146.41139248002725,-42.64384163734384
495,19.0,146.38354470621954,-42.672587726435665
496,19.0,145.4016861006769,-41.72666173225781
497,19.0,146.67998874997897,-41.856917448455135
498,19.0,145.71699476540283,-42.79026702865532
499,19.0,146.66651402071722,-41.87218880828517
500,19.0,145.62446829113856,-42.73277485047167
501,19.0,145.55350138369312,-42.61689217882025
502,19.0,145.5490098072725,-42.97172671604747
503,19.0,146.49403748616623,-41.96381696726536
504,,146.92163556140713,-41.2433681094015
505,19.0,146.5937504827035,-42.06622490965499
506,19.0,146.29910306951228,-42.463280265235824
507,,145.6406379662527,-41.1095191320677
508,19.0,145.5022974124983,-42.672587726435665
509,,145.37922821857393,-40.939737543369105
510,19.0,146.2802384485458,-42.43273754557576
511,19.0,146.58117406872583,-43.25469603054512
512,,145.5310435015901,-42.65821468188976
513,19.0,145.6172817688656,-42.730978219903434
514,19.0,145.4933142596571,-42.698638869675136
515,19.0,146.49673243201858,-43.15857629514433
516,19.0,146.62788646350003,-41.86769723186458
517,7.0,145.72597791824404,-42.77140240768881
518,19.0,145.64782448852566,-42.768707461836456
519,19.0,145.63434975926384,-42.948370518660354
520,,147.2935380890326,-42.88818339462435
521,19.0,146.59914037440825,-41.86500228601221
522,19.0,146.48146107218855,-43.218763419180334
523,19.0,145.52655192516954,-42.680672563992744
524,19.0,146.35659524769596,-41.49489638895497
525,,145.5849424186373,-42.72648664348284
526,,145.1061403722016,-41.679051022199474
527,19.0,146.66381907486482,-41.883866906978724
528,19.0,145.59033231034198,-42.60072250370611
529,,146.6036319508288,-42.006936100903104
530,19.0,145.7699953671659,-41.531727315603874
531,19.0,145.72058802653936,-42.91513285314794
532,19.0,146.84438044697288,-43.13971167417782
533,19.0,146.4652913970744,-43.08491444184652
534,19.0,146.23891594547632,-42.442619013701076
535,19.0,145.26604049277483,-41.79583200913501
536,19.0,146.56949597003228,-43.29332358776226
537,19.0,147.01146708981906,-41.005314559109834
538,19.0,146.55781787133873,-43.097490855824205
539,19.0,145.35856696703917,-42.01232599260781
540,19.0,146.514698737701,-41.92518941004822
541,19.0,145.76730042131356,-42.93938736581916
542,19.0,146.33503568087707,-42.680672563992744
543,19.0,145.37024506573272,-42.01681756902842
544,19.0,146.8084478356081,-43.15138977287137
545,19.0,146.37725649923073,-42.660909627742114
546,19.0,146.56230944775933,-42.09856425988329
547,19.0,145.51936540289654,-42.704028761379845
548,19.0,145.33880403078854,-41.806611792544444
549,19.0,146.4230705787208,-42.69414729325453
550,19.0,146.55422461020225,-41.96291865198124
551,,146.17064398388322,-42.52885728097654
552,19.0,146.65214097617127,-41.98178327294775
553,19.0,146.19939007297506,-42.501009507168845
554,19.0,145.55080643784072,-42.812724910758305
555,19.0,146.31347611405823,-42.45339879711051
556,19.0,146.83988887055227,-42.17671768960169
557,19.0,146.71771799191202,-43.19989879821382
558,19.0,146.7698202783909,-43.02652394837875
559,,145.5759592657961,-42.91243790729558
560,19.0,145.46366985528113,-41.70869542657542
561,19.0,146.19669512712267,-42.493822984895885
562,19.0,145.85623363444137,-42.75163947143818
563,19.0,146.4976307473027,-42.00873273147134
564,19.0,147.94930824643984,-42.122818772554524
565,19.0,146.64136119276185,-41.70869542657542
566,19.0,146.469782973495,-41.96920685897008
567,,146.9189406155548,-43.39573153015188
568,19.0,144.93995204463948,-40.98375499229097
569,19.0,146.25508562059048,-42.42824596915516
570,,146.9108557779977,-43.13072852133662
571,19.0,146.289221601387,-42.58006125217136
572,,145.7843684117118,-42.33841444074321
573,19.0,145.2462775565242,-40.985551622859205
574,19.0,146.43115541627787,-43.167559447985525
575,,147.18035036323357,-42.218938507955315
576,19.0,145.48612773738415,-42.629468592797934
577,19.0,146.62698814821596,-43.12533862963191
578,7.0,146.8919911570312,-42.749842840869945
579,19.0,146.7725152242433,-43.06694813616414
580,19.0,146.81653267316517,-42.18839578829524
581,19.0,145.64692617324152,-41.10772250149947
582,19.0,145.5912306256261,-42.88728507934023
583,19.0,146.59285216741938,-42.139886762952784
584,,146.4742745499156,-42.03388555942669
585,19.0,146.37545986866246,-42.930404212977976
586,19.0,145.58763736448964,-42.897166547465545
587,19.0,146.3530019865595,-42.51987412813534
588,19.0,146.4230705787208,-43.16845776326964
589,19.0,145.67746889290157,-42.795656920360045
590,19.0,146.22813616206685,-42.660909627742114
591,19.0,146.28203507911405,-42.602519134274345
592,19.0,145.567874428239,-42.60431576484258
593,19.0,146.31078116820584,-42.51448423643063
594,19.0,145.5912306256261,-42.77140240768881
595,,146.1293214808137,-41.30086028758515
596,19.0,146.48595264860916,-43.154983034007856
597,10.0,145.5993154631832,-42.76780914655234
598,19.0,145.64423122738918,-43.008557642696374
599,19.0,146.9162456697024,-42.13359855596396
600,19.0,147.04829801646798,-42.16773453676049
601,19.0,146.48325770275682,-43.148694827019014
602,19.0,145.5615862212502,-42.891776655760836
603,19.0,146.2613738275793,-42.59443429671727
604,19.0,145.67028237062863,-42.90794633087498
605,19.0,146.90456757100884,-43.213373527475625
606,19.0,146.6593274984442,-43.08760938769889
607,19.0,145.55529801426133,-42.81002996490595
608,,145.74933411563114,-41.54699867543391
609,,147.97805433553168,-42.13180192539572
610,19.0,145.33521076965206,-41.80032358555562
611,19.0,145.79424987983714,-41.42123453565718
612,19.0,146.45900319008558,-43.232238148442136
613,19.0,146.45900319008558,-41.96561359783361
614,19.0,146.45630824423324,-41.934172562889415
615,19.0,146.46708802764266,-43.155881349291974
616,19.0,147.91696889621159,-41.50837111821677
617,19.0,146.4275621551414,-43.147796511734896
618,19.0,146.37096829224186,-42.58634945916019
619,19.0,146.6314797246365,-43.116355476790716
620,,146.58836059099878,-43.110067269801874
621,19.0,145.73406275580112,-42.79386028979181
622,19.0,145.62356997585442,-42.99867617457106
623,,147.94840993115577,-42.154259807498704
624,19.0,146.3637817699689,-42.99238796758222
625,19.0,146.37725649923073,-42.59353598143315
626,19.0,146.71951462248023,-42.04286871226789
627,19.0,146.60003868969233,-43.07952455014181
628,19.0,145.5633828518184,-42.935794104682685
629,19.0,145.5615862212502,-42.704927076663964
630,19.0,147.5450663685861,-41.50387954179617
631,19.0,146.34581546428655,-42.947472203376236
632,19.0,145.56428116710254,-42.93489578939857
633,19.0,148.02835999144236,-41.08526461939647
634,19.0,146.695260109809,-42.0392754511314
635,19.0,145.06841113026854,-41.60538916890168
636,19.0,145.69902845972047,-42.801046812064754
637,19.0,146.27754350269345,-42.63755343035501
638,19.0,146.36827334638951,-43.14689819645078
639,19.0,146.85246528452996,-42.180310950738175
640,19.0,146.59285216741938,-41.87039217771694
641,19.0,146.55422461020225,-42.02041083016489
642,19.0,145.70890992784575,-42.3653638992668
643,19.0,146.4042059577543,-42.65012984433268
644,19.0,146.3997143813337,-42.57736630631899
645,,145.52385697931715,-42.742656318596985
646,19.0,145.60290872431966,-42.76511420069998
647,,145.73046949466465,-41.538015522592715
648,,145.88138646239673,-42.51628086699887
649,19.0,145.7610122143247,-42.91962442956853
650,19.0,146.3503070407071,-42.5818578827396
651,19.0,146.80485457447162,-42.160548014487546
652,,146.83000740242693,-42.14797160050986
653,19.0,146.53266504338336,-43.225949941453294
654,,145.73855433222172,-42.39949988006333
655,19.0,146.35210367127536,-42.9591503020698
656,19.0,146.68897190282019,-43.1846274383838
657,19.0,146.777905115948,-43.064253190311774
658,19.0,146.740175874015,-43.13072852133662
659,,146.01343880916232,-42.89806486274966
660,19.0,146.31796769047884,-42.63935006092325
661,19.0,146.34851041013889,-42.588146089728426
662,19.0,145.72238465710757,-41.57843971037809
663,,146.74736239628794,-42.07880132363266
664,19.0,146.43385036213022,-42.67528267228802
665,19.0,146.36468008525304,-42.698638869675136
666,19.0,145.612790192445,-42.94028568110329
667,19.0,146.52188525997394,-42.03388555942669
668,19.0,145.05403808572265,-40.93704259751675
669,19.0,146.54344482679284,-42.038377135847284
670,,146.8425838164046,-43.05706666803883
671,19.0,146.65663255259187,-42.1174288808498
672,19.0,145.57685758108022,-42.74894452558583
673,19.0,148.21520957053923,-42.08688616118974
674,19.0,145.63255312869563,-42.83697942342954
675,,148.2870747932688,-41.39338676184947
676,19.0,146.8596518068029,-43.19091564537263
677,19.0,146.19579681183853,-42.49292466961177
678,19.0,146.31437442934237,-42.513585921146515
679,19.0,145.80143640211008,-41.21462202030969
680,19.0,145.7610122143247,-42.93309915883033
681,19.0,145.6487228038098,-42.945675572808
682,19.0,146.5614111324752,-43.253797715261
683,19.0,147.50374386551658,-41.33409795309758
684,19.0,147.91157900450685,-41.75271287549728
685,19.0,145.99637081876403,-41.17060457138783
686,19.0,145.55350138369312,-42.72828327405108
687,19.0,145.29029500544607,-41.79134043271442
688,19.0,146.32515421275178,-42.47136510279289
689,19.0,145.56248453653427,-42.935794104682685
690,19.0,146.3224592668994,-42.55490842421601
691,19.0,146.30539127650115,-42.66270625831035
692,19.0,145.5256536098854,-42.769605777120574
693,19.0,145.59841714789906,-42.84147099985013
694,19.0,146.88929621117882,-43.064253190311774
695,19.0,146.27125529570458,-42.615095548252015
696,19.0,145.4762462692588,-42.63935006092325
697,19.0,146.30988285292176,-42.58545114387607
698,19.0,145.64423122738918,-42.77948724524589
699,19.0,146.64046287747772,-42.05544512624556
700,19.0,146.88390631947414,-43.21606847332798
701,19.0,146.40510427303843,-43.00945595798049
702,19.0,145.32982087794733,-41.80930673839681
703,19.0,145.9532516851263,-42.218938507955315
704,19.0,146.4140874258796,-43.09838917110832
705,19.0,147.98434254252055,-40.965788686608576
706,19.0,147.93134194075748,-42.108445728008604
707,,146.55332629491812,-42.09946257516741
708,19.0,146.33234073502473,-43.13971167417782
709,19.0,146.2470007830334,-42.429144284439275
710,19.0,146.59464879798765,-41.66377966236945
711,19.0,146.89468610288355,-42.74714789501759
712,19.0,146.38174807565133,-42.57377304518252
713,,145.85353868858903,-43.07233802786885
714,,145.55619632954546,-42.74624957973347
715,19.0,146.75275228799268,-42.095869314030935
716,19.0,146.4131891105955,-43.01035427326461
717,,146.76263375611796,-43.155881349291974
718,19.0,146.20567827996388,-43.063354875027656
719,19.0,145.55350138369312,-42.94208231167153
720,19.0,146.55063134906578,-43.11905042264307
721,19.0,146.5021223237233,-43.167559447985525
722,19.0,145.43043218976874,-41.75271287549728
723,19.0,145.02619031191495,-40.82205824114945
724,19.0,146.4104941647431,-43.00316775099165
725,19.0,146.61531004952235,-41.88207027641049
726,19.0,145.59751883261498,-42.634858484502644
727,19.0,146.60722521196533,-43.10737232394952
728,19.0,146.56859765474815,-43.25110276940863
729,19.0,146.740175874015,-42.11114067386097
730,,146.70244663208194,-42.08958110704209
731,19.0,146.5021223237233,-43.07323634315297
732,19.0,146.7168196766279,-42.02669903715373
733,19.0,145.4528900718717,-41.73205162396253
734,19.0,146.58656396043057,-42.09317436817858
735,19.0,146.9234321919754,-42.86392888195313
736,19.0,146.32605252803592,-42.93220084354621
737,19.0,146.43834193855082,-43.10467737809715
738,,146.5874622757147,-42.07341143192795
739,19.0,145.33521076965206,-41.805713477260326
740,19.0,146.2910182319552,-42.61599386353613
741,19.0,146.5757841770211,-43.12084705321131
742,,146.2937131778076,-41.46974356099963
743,19.0,144.88605312759228,-41.051128638599934
744,19.0,146.23711931490806,-42.45878868881522
745,19.0,145.54811149198838,-41.1185022849089
746,19.0,145.68735036102692,-42.90345475445439
747,19.0,145.67746889290157,-42.7893687133712
748,19.0,147.05638285402506,-42.16503959090814
749,19.0,146.7464640810038,-42.04915691925672
750,19.0,146.5057155848598,-43.116355476790716
751,19.0,145.7744869435865,-41.52723573918328
752,19.0,145.5993154631832,-42.814521541326556
753,19.0,146.6674123360013,-42.00963104675546
754,19.0,146.57398754645288,-42.13809013238455
755,19.0,146.51200379184866,-43.2771539126481
756,19.0,146.57398754645288,-42.12551371840688
757,19.0,146.5847673298623,-41.9377658240259
758,19.0,147.63579621228217,-40.98914488399568
759,19.0,145.60560367017206,-42.93489578939857
760,19.0,145.64962111909387,-42.96364187849039
761,19.0,146.35569693241183,-42.628570277513816
762,19.0,146.66112412901248,-42.09137773761033
763,19.0,146.6359713010571,-41.83895114277276
764,19.0,146.14549115592786,-41.31074175571047
765,19.0,146.8928894723153,-42.74714789501759
766,19.0,146.18950860484972,-43.50622431009859
767,19.0,145.5615862212502,-42.75163947143818
768,19.0,145.68375709989044,-42.79116534393944
769,19.0,146.68717527225192,-43.22684825673741
770,,146.21735637865743,-42.62407870109321
771,,145.76280884489296,-41.52993068503564
772,19.0,146.5802757534417,-42.01681756902842
773,19.0,146.36557840053717,-42.52885728097654
774,,146.45810487480145,-43.056168352754696
775,19.0,146.15627093933728,-41.52004921691032
776,19.0,145.733164440517,-42.36805884511915
777,19.0,145.6550110107986,-43.01035427326461
778,19.0,146.4086975341749,-42.6968422391069
779,19.0,146.88570295004234,-42.199175571704686
780,19.0,146.64315782333006,-42.07341143192795
781,19.0,146.36288345468478,-42.53873874910185
782,19.0,146.86055012208703,-42.19109073414761
783,19.0,146.777905115948,-43.07503297372121
784,19.0,146.75814217969736,-42.061733333234386
785,19.0,145.30736299584436,-41.78415391044146
786,19.0,147.90349416694977,-41.47782839855671
787,19.0,146.244305837181,-42.455195427678746
788,19.0,146.28383170968226,-42.6510281596168
789,19.0,146.32425589746765,-42.66899446529919
790,19.0,146.54524145736104,-42.08958110704209
791,19.0,146.36557840053717,-42.64563826791208
792,19.0,145.25975228578602,-41.786848856293815
793,19.0,146.64046287747772,-42.04646197340436
794,19.0,146.45990150536971,-41.96202033669712
795,,146.73388766702618,-42.11024235857684
796,19.0,146.31527274462644,-42.61599386353613
797,19.0,146.4042059577543,-42.62497701637733
798,19.0,145.76011389904062,-42.93489578939857
799,19.0,146.52458020582628,-43.116355476790716
800,19.0,146.86324506793937,-43.032812155367594
801,19.0,145.54721317670425,-42.77948724524589
802,19.0,147.74628899222887,-42.76780914655234
803,,147.8999009058133,-42.204565463409395
804,19.0,146.88660126532648,-42.800148496780636
805,,146.95846648805605,-42.390516727222135
806,19.0,147.3663016270463,-41.806611792544444
807,,145.08098754424623,-41.77876401873674
808,,146.8407871858364,-43.04538856934526
809,,146.37995144508307,-42.50460276830532
810,19.0,146.61531004952235,-41.96561359783361
811,19.0,145.61548513829734,-42.73367316575579
812,19.0,145.2849051137414,-41.806611792544444
813,19.0,146.3637817699689,-42.99777785928693
814,19.0,146.3404255725818,-42.47316173336114
815,,146.48146107218855,-43.05796498332295
816,19.0,145.59033231034198,-42.74894452558583
817,19.0,146.67998874997897,-41.85332418731866
818,19.0,147.11477334749281,-41.299961972301034
819,19.0,146.50841053071218,-41.99615631749367
820,19.0,146.39342617434488,-42.589942720296676
821,19.0,146.65034434560306,-41.84703598032982
822,19.0,146.61261510367,-41.97369843539067
823,19.0,146.39073122849248,-42.52346738927183
824,19.0,146.4185790023002,-43.00496438155989
825,19.0,146.4958341167345,-43.22056004974857
826,19.0,145.54182328499957,-42.72469001291459
827,19.0,145.73855433222172,-42.90255643917027
828,19.0,146.68627695696784,-42.00154620919838
829,19.0,147.11567166277695,-41.30535186400576
830,19.0,145.27592196090018,-41.81020505368093
831,19.0,145.75202906148354,-42.410279663472764
832,19.0,145.8167077619401,-42.82440300945187
833,19.0,145.31724446396964,-41.81918820652213
834,20.0,147.42828538165054,-41.106824186215334
835,20.0,146.13920294893904,-42.71570686007341
836,,147.88912112240388,-42.51089097529416
837,3.0,148.00680042462352,-41.704203850154826
838,20.0,145.35227876005035,-42.43902575256459
839,,146.86504169850758,-41.692525751461275
840,20.0,145.3639568587439,-41.94046076987826
841,20.0,145.33970234607267,-42.0024445244825
842,20.0,148.27539669457525,-41.3808103478718
843,20.0,144.92827394594593,-41.54699867543391
844,20.0,145.84635216631608,-41.28469061247101
845,20.0,145.28939669016194,-41.748221299076675
846,20.0,145.03876672589263,-41.51016774878501
847,20.0,146.8919911570312,-42.807335019053596
848,20.0,146.06464278035713,-42.5037044530212
849,20.0,145.29478658186667,-42.474958363929375
850,20.0,147.89361269882448,-41.563168350548054
851,20.0,148.05351281939772,-41.712288687711904
852,7.0,145.30107478885554,-42.46597521108818
853,,145.7187913959711,-41.454472201169594
854,20.0,145.91462412790918,-41.53532057674035
855,20.0,147.7615603520589,-41.043942116326974
856,,145.67297731648102,-41.58652454793517
857,14.0,147.59537202449678,-42.44441564426931
858,20.0,145.31095625698083,-42.01681756902842
859,20.0,145.8337757523384,-41.383505293724156
860,20.0,148.06788586394362,-41.71857689470073
861,20.0,147.21987623573483,-41.8775786999899
862,20.0,146.91355072385005,-43.39483321486776
863,20.0,144.9974442228231,-41.4823199749773
864,20.0,147.0312300260697,-42.607909025979055
865,20.0,147.69957659745467,-42.31505824335609
866,20.0,144.75939067253142,-41.314335016846954
867,20.0,148.01398694689647,-41.73294993924665
868,20.0,145.55080643784072,-41.794035378566775
869,20.0,146.54074988094044,-42.383330204949175
870,20.0,146.93151702953247,-43.06515150559589
871,20.0,146.05296468166358,-42.506399398873555
872,20.0,144.90042617213822,-40.678327795690336
873,19.0,146.71951462248023,-42.652824790185036
874,,148.02476673030588,-41.64401672611882
875,20.0,148.0382414595677,-41.69522069731363
876,20.0,145.53284013215836,-42.94477725752388
877,20.0,146.12662653496136,-42.74714789501759
878,20.0,147.8343238900726,-41.62335547458406
879,20.0,147.33486059210213,-41.280199036050405
880,20.0,146.1275248502455,-42.74175800331287
881,20.0,148.02746167615828,-41.6431184108347
882,20.0,146.59914037440825,-42.21354861625059
883,20.0,145.4295338744846,-41.05382358445229
884,20.0,147.9448166700193,-42.10575078215625
885,,145.2723286997637,-41.750916244929044
886,20.0,145.57955252693256,-41.094247772237665
887,20.0,146.0655410956412,-42.680672563992744
888,,147.86576492501678,-41.58293128679868
889,20.0,145.34509223777735,-42.00963104675546
890,20.0,147.1255531309023,-41.299961972301034
891,20.0,146.0655410956412,-42.68965571683394
892,20.0,145.04146167174497,-41.530829000319756
893,20.0,146.8084478356081,-43.50352936424622
894,5.0,148.06339428752307,-41.64132178026645
895,20.0,145.019003789642,-41.52993068503564
896,,148.06878417922775,-41.704203850154826
897,,148.02746167615828,-41.72217015583722
898,,147.47050620000414,-42.79116534393944
899,,147.74359404637647,-41.40686149111126
900,,147.70586480444348,-42.77230072297293
901,20.0,147.829832313652,-41.5838296020828
902,20.0,145.63345144397977,-41.45806546230608
903,9.0,148.0786656473531,-41.144553428148356
904,20.0,148.02835999144236,-41.68264428333596
905,20.0,147.88642617655148,-41.57933802566221
906,20.0,147.90798574337038,-41.26492767622038
907,20.0,148.03913977485183,-41.66108471651708
908,20.0,147.93583351717808,-42.12820866425923
909,,147.20280824533654,-41.37901371730355
910,20.0,145.5615862212502,-41.074484835987036
911,20.0,145.00732569094845,-41.52184584747856
912,20.0,145.25795565521776,-42.46148363466757
913,20.0,147.78850981058247,-42.04197039698376
914,,145.25166744822894,-42.46597521108818
915,,147.40762413011578,-41.12299386132949
916,20.0,146.58117406872583,-42.31505824335609
917,20.0,145.65860427193508,-41.299961972301034
918,20.0,146.8039562591875,-42.684265825129216
919,20.0,148.11908983513848,-41.67725439163124
920,20.0,145.44300860374642,-40.92177123768671
921,20.0,145.7843684117118,-41.78415391044146
922,20.0,148.21520957053923,-41.97729169652716
923,,147.89361269882448,-41.5838296020828
924,20.0,146.552427979634,-42.39141504250625
925,20.0,147.07524747499156,-41.960223706128886
926,20.0,148.00500379405526,-41.65569482481237
927,20.0,145.58404410335316,-42.60431576484258
928,20.0,146.1059652834266,-42.211751985682355
929,20.0,146.73658261287852,-42.30697340579903
930,20.0,147.8783413389944,-41.58293128679868
931,4.0,145.04325830231323,-41.530829000319756
932,20.0,145.01181726736905,-41.49579470423909
933,20.0,147.78671318001426,-41.59999927719696
934,20.0,145.32083772510617,-42.01681756902842
935,15.0,146.70065000151374,-42.403991456483936
936,20.0,147.81545926910604,-41.58113465623045
937,,147.9376301477463,-41.59910096191284
938,20.0,145.2741253303319,-40.999924667405125
939,20.0,147.88642617655148,-41.576643079809855
940,20.0,147.05009464703625,-42.58095956745548
941,20.0,145.67926552346984,-41.005314559109834
942,,144.80161149088508,-41.46345535401079
943,20.0,146.6674123360013,-41.32511480025639
944,20.0,145.02708862719908,-41.4823199749773
945,20.0,147.9061891128021,-41.58742286321929
946,20.0,144.75040751969027,-41.32331816968815
947,20.0,144.88874807344467,-40.68551431796328
948,20.0,145.76280884489296,-41.79493369385089
949,20.0,146.9952974147049,-42.5818578827396
950,20.0,145.51577214176007,-42.775893984109416
951,20.0,147.30252124187382,-41.15623152684192
952,,146.80305794390335,-42.02220746073313
953,20.0,145.55799296011372,-42.61689217882025
954,20.0,144.9597149808901,-41.69162743617714
955,20.0,146.7868882687892,-42.75163947143818
956,20.0,147.92235878791627,-41.574846449241605
957,,145.21573483686416,-40.98195836172273
958,,147.56303267426847,-41.53621889202448
959,,146.0466764746747,-42.51538255171475
960,20.0,147.89900259052916,-41.58472791736693
961,20.0,148.0319532525789,-41.665576292937686
962,20.0,145.59302725619438,-41.46345535401079
963,20.0,147.94122340888282,-43.17654260082672
964,20.0,144.8950362804335,-41.543405414297425
965,20.0,147.92864699490514,-41.592812754924
966,,147.02224687322854,-42.57826462160311
967,20.0,148.00859705519173,-41.70689879600718
968,20.0,146.85785517623464,-41.31702996269931
969,,145.9676247296722,-42.59443429671727
970,20.0,147.04560307061564,-40.999924667405125
971,20.0,145.25256576351308,-42.46956847222465
972,20.0,145.58853567977377,-41.41764127452069
973,20.0,145.36305854345977,-41.99795294806191
974,20.0,145.76011389904062,-41.37901371730355
975,21.0,148.0598010263866,-41.70600048072306
976,20.0,144.78544181577092,-41.313436701562836
977,20.0,148.04183472070417,-41.31074175571047
978,20.0,147.91966384206393,-41.09784103337415
979,,147.07794242084395,-41.263131045652145
980,,145.8400639593272,-41.53621889202448
981,20.0,147.89451101410856,-41.608084114754035
982,20.0,148.00410547877118,-41.67994933748359
983,,147.72383111012584,-42.05634344152968
984,20.0,144.89323964986528,-40.683717687395045
985,20.0,146.70873483907081,-42.238701444205944
986,20.0,147.8999009058133,-41.58023634094633
987,20.0,147.9403250935987,-41.280199036050405
988,,148.03285156786296,-41.68893249032479
989,20.0,147.9681728674064,-41.86769723186458
990,20.0,147.41121739125225,-41.16880794081959
991,20.0,144.89773122628583,-40.66844632756502
992,20.0,144.78184855463445,-41.32870806139286
993,19.0,146.56410607832754,-42.37434705210799
994,,144.98756275469782,-41.52903236975152
995,20.0,145.34958381419796,-42.00424115505075
996,20.0,146.11315180569954,-42.71031696836869
997,20.0,144.90671437912704,-40.66664969699677
998,20.0,144.9040194332747,-41.57125318810513
999,,147.22077455101896,-43.00406606627577
1000,20.0,146.79856636748275,-43.50442767953034
1001,20.0,145.02439368134668,-41.493099758386734
1002,20.0,147.04200980947917,-42.607909025979055
1003,20.0,144.7674755100885,-41.30804680985811
1004,20.0,147.89451101410856,-41.58023634094633
1005,20.0,147.59537202449678,-41.221808542582636
1006,20.0,145.68735036102692,-42.74085968802875
1007,20.0,147.01865361209207,-42.56119663120485
1008,20.0,145.1672258115217,-40.8795504193331
1009,20.0,145.2678371233431,-42.44441564426931
1010,20.0,147.96727455212226,-41.86500228601221
1011,20.0,144.8869514428764,-40.678327795690336
1012,20.0,146.05296468166358,-42.65012984433268
1013,20.0,148.01758020803294,-41.70600048072306
1014,21.0,148.16490391462855,-41.15802815741016
1015,,145.2274129355577,-40.94063585865322
1016,20.0,146.1230332738249,-42.737266426892276
1017,20.0,145.29209163601433,-42.48304320148645
1018,20.0,146.05745625808413,-42.67797761814039
1019,20.0,147.0896205195375,-41.082569673544114
1020,20.0,146.06194783450474,-42.684265825129216
1021,,146.8336006635634,-43.49185126555267
1022,,145.3235326709585,-42.440822383132826
1023,20.0,144.87886660531933,-40.71246377648687
1024,20.0,148.06698754865954,-41.66377966236945
1025,20.0,145.04325830231323,-41.485014920829656
1026,20.0,145.57146768937548,-41.45537051645371
1027,20.0,147.99691895649818,-41.716780264132495
1028,20.0,147.9322402560416,-41.61796558287935
1029,20.0,145.77808020472298,-41.44279410247604
1030,20.0,147.78401823416186,-41.5838296020828
1031,,145.54631486142017,-42.782182191098244
1032,20.0,145.00373242981198,-41.48681155139789
1033,20.0,144.76388224895203,-41.32241985440403
1034,20.0,147.81456095382197,-41.58113465623045
1035,20.0,145.23010788141005,-41.742831407371966
1036,20.0,147.80467948569662,-41.61077906060639
1037,20.0,145.77987683529125,-41.43920084133957
1038,20.0,147.8639682944485,-41.58023634094633
1039,20.0,148.00141053291878,-41.711390372427786
1040,20.0,145.32622761681085,-42.00513947033487
1041,20.0,145.2489725023766,-42.47316173336114
1042,20.0,145.29837984300315,-42.43094091500751
1043,20.0,145.3055663652761,-42.45429711239463
1044,20.0,144.94264699049182,-41.54430372958154
1045,,146.39432448962896,-42.1497682310781
1046,20.0,145.00642737566432,-41.49669301952321
1047,,146.14818610178025,-42.80553838848536
1048,20.0,147.11656997806108,-42.55311179364777
1049,20.0,144.95252845861717,-41.546100360149794
1050,,148.09214037661485,-41.709593741859535
1051,20.0,148.28437984741646,-41.011602766098676
1052,20.0,147.58189729523497,-41.35116594349586
1053,20.0,145.03068188833555,-41.52274416276268
1054,20.0,144.92647731537767,-40.95141564206267
1055,20.0,147.05997611516153,-42.61958712467262
1056,,145.7681987365977,-41.794035378566775
1057,,145.2956848971508,-41.7446280379402
1058,20.0,146.79317647577807,-41.403268229974785
1059,20.0,148.01039368576,-41.72756004754193
1060,20.0,146.99260246885257,-42.5818578827396
1061,,145.55170475312485,-41.114010708488294
1062,,145.30197310413962,-42.4668735263723
1063,21.0,147.21628297459836,-41.8775786999899
1064,20.0,145.01541052850553,-41.4913031278185
1065,20.0,144.90671437912704,-40.69719241665683
1066,20.0,145.03158020361968,-41.52094753219444
1067,20.0,145.30287141942375,-42.442619013701076
1068,20.0,147.79659464813955,-41.620660528731705
1069,20.0,145.03697009532436,-41.49579470423909
1070,20.0,146.84527876225695,-41.043942116326974
1071,,147.40762413011578,-41.11760396962478
1072,20.0,144.92018910838885,-41.538913837876834
1073,20.0,146.95397491163544,-42.21804019267118
1074,20.0,145.5993154631832,-42.63935006092325
1075,20.0,146.70334494736608,-41.4454890483284
1076,20.0,147.0491963317521,-42.59443429671727
1077,20.0,147.92864699490514,-42.126412033691
1078,20.0,144.99385096168663,-41.51016774878501
1079,,147.66274567080575,-41.446387363612516
1080,20.0,146.0682360414936,-42.68875740154982
1081,20.0,146.38623965207188,-42.269244163866006
1082,20.0,147.17585878681297,-41.15353658098955
1083,20.0,147.829832313652,-41.58472791736693
1084,20.0,145.56697611295488,-42.60162081899023
1085,20.0,144.9462402516283,-41.538913837876834
1086,21.0,145.32802424737912,-41.91261299607055
1087,20.0,147.7983912787078,-41.56676161168454
1088,20.0,145.25795565521776,-42.48304320148645
1089,20.0,145.75741895318822,-41.3808103478718
1090,20.0,145.2678371233431,-42.499212876600595
1091,20.0,147.97086781325874,-41.85601913317102
1092,20.0,145.56967105880727,-42.59263766614903
1093,20.0,145.30646468056023,-41.934172562889415
1094,20.0,145.86431847199844,-41.530829000319756
1095,20.0,145.60470535488793,-42.63216353865029
1096,20.0,144.89144301929701,-40.69270084023624
1097,,145.60021377846732,-42.871115404226074
1098,20.0,145.0378684106085,-41.54250709901331
1099,20.0,148.0148852621806,-41.68893249032479
1100,20.0,145.8786915165444,-41.30804680985811
1101,20.0,146.8057528897557,-43.50173273367798
1102,20.0,147.8127643232537,-43.11815210735895
1103,,147.03751823305856,-40.99183982984805
1104,20.0,144.93007057651414,-41.550591936570385
1105,20.0,146.07093098734595,-42.652824790185036
1106,,147.80557780098076,-41.6431184108347
1107,20.0,145.29388826658254,-42.448907220689904
1108,20.0,147.7444923616606,-42.108445728008604
1109,20.0,148.0759707015007,-41.690729120893025
1110,20.0,147.8576800874597,-41.563168350548054
1111,20.0,147.84420535819788,-41.57215150338925
1112,20.0,147.92415541848453,-41.76079771305436
1113,20.0,147.08423062783277,-41.96381696726536
1114,20.0,147.02763676493322,-42.58634945916019
1115,20.0,144.9228840542412,-41.55418519770686
1116,17.0,146.0655410956412,-42.686960770981585
1117,20.0,144.91479921668412,-40.70527725421391
1118,,147.01595866623967,-42.58455282859195
1119,20.0,145.04325830231323,-41.518252586342086
1120,20.0,146.67998874997897,-42.390516727222135
1121,20.0,146.76443038668623,-41.635033573277624
1122,20.0,145.34958381419796,-42.43543249142812
1123,20.0,147.90259585166564,-41.54160878372919
1124,20.0,146.9791277395908,-41.210130443889085
1125,20.0,146.0547613122318,-42.680672563992744
1126,20.0,144.936358783503,-41.69611901259775
1127,,147.40762413011578,-41.108620816783585
1128,20.0,146.04757478995884,-42.50999266001003
1129,20.0,147.86845987086912,-41.54250709901331
1130,20.0,146.1041686528584,-42.69414729325453
1131,20.0,146.1320164266661,-42.72828327405108
1132,20.0,147.01146708981906,-42.588146089728426
1133,20.0,145.65770595665094,-41.20833381332085
1134,20.0,148.03734314428357,-41.66737292350592
1135,,145.5804508422167,-42.768707461836456
1136,20.0,144.9183924778206,-40.68192105682681
1137,20.0,144.8851548123082,-40.68551431796328
1138,20.0,147.04380644004738,-42.615095548252015
1139,20.0,144.91120595554764,-40.68192105682681
1140,,147.78761149529834,-41.557778458843345
1141,20.0,145.34509223777735,-42.44711059012167
1142,20.0,148.04902124297712,-41.66737292350592
1143,20.0,147.01775529680793,-42.59263766614903
1144,20.0,148.01847852331707,-42.121920457270406
1145,20.0,147.39414940085402,-42.479449940349966
1146,,147.06536600686627,-43.00496438155989
1147,20.0,147.19472340777946,-41.17779109366079
1148,20.0,146.11854169740428,-42.70223213081161
1149,20.0,145.73945264750586,-41.79313706328266
1150,20.0,144.89683291100175,-40.71426040705511
1151,,146.10506696814247,-42.211751985682355
1152,20.0,148.06519091809128,-41.67455944577888
1153,,145.29388826658254,-42.49202635432765
1154,20.0,147.96188466041752,-41.86230734015986
1155,20.0,148.01219031632826,-41.38530192429239
1156,20.0,147.96008802984932,-42.09317436817858
1157,4.0,146.89827936402003,-43.04179530820879
1158,20.0,145.26604049277483,-42.47675499449761
1159,3.0,147.80917106211723,-41.59191443963988
1160,,145.27143038447957,-42.501009507168845
1161,,148.00500379405526,-41.67635607634712
1162,20.0,144.76028898781556,-41.32421648497227
1163,20.0,147.13004470732284,-41.132875329454805
1164,20.0,145.0441566175973,-41.52274416276268
1165,,144.87886660531933,-40.696294101372715
1166,20.0,144.73603447514432,-40.522020936253526
1167,20.0,147.85857840274377,-41.16790962553547
1168,20.0,147.95469813814458,-41.60538916890168
1169,,145.33521076965206,-41.87308712356929
1170,20.0,147.93852846303042,-41.58293128679868
1171,20.0,146.7698202783909,-41.608982430038154
1172,20.0,145.74753748506294,-41.80751010782856
1173,20.0,145.4933142596571,-40.98195836172273
1174,20.0,144.9040194332747,-40.72414187518042
1175,20.0,147.88013796956267,-41.55328688242274
1176,4.0,145.03607178004023,-41.499387965375576
1177,11.0,144.91929079310472,-41.54160878372919
1178,20.0,148.00320716348705,-41.71498363356426
1179,20.0,147.77773002717305,-41.58652454793517
1180,,145.5894339950579,-42.76780914655234
1181,20.0,145.28400679845726,-42.474060048645256
1182,20.0,145.3594652823233,-42.00064789391426
1183,20.0,147.74988225336534,-41.108620816783585
1184,20.0,145.2956848971508,-42.4812465709182
1185,20.0,148.11549657400195,-41.67994933748359
1186,,145.5723660046596,-42.61240060239966
1187,20.0,147.7992895939919,-41.56676161168454
1188,19.0,147.9681728674064,-42.13539518653219
1189,20.0,144.7342378445761,-40.51483441398058
1190,20.0,146.55602124077046,-42.38692346608566
1191,20.0,148.1720904369015,-41.166112994967236
1192,,145.02169873549434,-41.48142165969318
1193,20.0,147.21718128988243,-41.88117196112637
1194,20.0,147.77773002717305,-41.613474006458745
1195,20.0,148.00410547877118,-41.71947520998485
1196,20.0,145.03158020361968,-41.51016774878501
1197,20.0,145.01720715907373,-41.52723573918328
1198,9.0,146.71592136134376,-42.660011312457996
1199,20.0,144.9228840542412,-41.538913837876834
1200,,148.09483532246725,-41.70150890430246
1201,20.0,145.6810621540381,-41.39428507713359
1202,20.0,144.81328958957863,-41.46435366929491
1203,20.0,148.05351281939772,-41.68354259862008
1204,20.0,146.90456757100884,-42.757029363142905
1205,20.0,147.14531606715292,-43.48556305856384
1206,20.0,148.06878417922775,-41.716780264132495
1207,20.0,148.12897130326377,-41.68174596805183
1208,,147.64567768040746,-41.05382358445229
1209,19.0,144.70459344020014,-40.958602164335616
1210,20.0,145.75562232262,-41.453573885885476
1211,20.0,145.5894339950579,-42.596230927285504
1212,20.0,148.055309449966,-41.72306847112134
1213,,147.25401221653135,-42.211751985682355
1214,20.0,148.00320716348705,-41.71408531828014
1215,20.0,144.77915360878205,-41.30535186400576
1216,20.0,145.75023243091528,-41.81559494538564
1217,,147.93852846303042,-41.592812754924
1218,20.0,146.101473707006,-42.20276883284116
1219,20.0,146.80754952032396,-43.085812757130654
1220,20.0,147.77773002717305,-41.58742286321929
1221,20.0,146.8039562591875,-43.085812757130654
1222,20.0,147.61423664546328,-41.23438495656032
1223,,148.13525951025258,-41.17958772422902
1224,20.0,147.9133756350751,-41.62155884401582
1225,9.0,148.06788586394362,-41.64850830253941
1226,20.0,147.8486969346185,-43.09389759468772
1227,,147.86306997916438,-42.67079109586743
1228,20.0,147.90259585166564,-41.60359253833343
1229,20.0,148.06698754865954,-41.71857689470073
1230,12.0,146.6907685333884,-41.50837111821677
1231,20.0,146.0448798441065,-42.51178929057828
1232,20.0,144.90222280270643,-41.56765992696866
1233,20.0,147.08333231254863,-41.087061249964705
1234,21.0,144.9372570987871,-40.93704259751675
1235,20.0,146.19130523541799,-41.69971227373422
1236,14.0,146.10506696814247,-42.71750349064165
1237,20.0,145.35317707533443,-42.43363586085988
1238,20.0,147.93673183246221,-41.620660528731705
1239,20.0,145.2867017443096,-42.487534777907044
1240,20.0,147.99871558706644,-41.717678579416614
1241,12.0,146.10686359871073,-41.22540180371912
1242,20.0,144.80700138258976,-40.903804932004334
1243,,148.19454831900447,-41.121197230761254
1244,,147.85229019575496,-41.58562623265105
1245,20.0,147.08333231254863,-41.95124055328769
1246,20.0,146.16076251575788,-42.77948724524589
1247,20.0,146.33234073502473,-42.25307448875185
1248,20.0,145.29837984300315,-42.443517328985195
1249,,147.86127334859617,-41.54520204486566
1250,20.0,146.5470380879293,-42.455195427678746
1251,20.0,147.76245866734303,-42.820809748315384
1252,20.0,146.1104568598472,-42.72738495876696
1253,20.0,145.3001764735714,-41.93237593232118
1254,20.0,146.81563435788104,-43.49993610310975
1255,20.0,145.68465541517457,-42.738164742176394
1256,20.0,146.14818610178025,-41.299961972301034
1257,20.0,145.75023243091528,-41.794035378566775
1258,20.0,144.9929526464025,-41.4823199749773
1259,20.0,147.92595204905274,-41.88117196112637
1260,20.0,145.28131185260492,-42.474060048645256
1261,20.0,148.03015662201062,-41.67455944577888
1262,20.0,148.01758020803294,-42.122818772554524
1263,20.0,145.00552906038018,-41.511964379353245
1264,20.0,148.06519091809128,-41.70240721958659
1265,20.0,146.80305794390335,-43.49813947254151
1266,6.0,144.8779682900352,-40.6864126332474
1267,20.0,145.55978959068193,-42.590841035580794
1268,20.0,147.91068068922272,-41.55867677412746
1269,20.0,147.2234694968713,-41.299961972301034
1270,,146.9530765963513,-41.42123453565718
1271,20.0,147.02045024266027,-42.582756198023716
1272,20.0,144.78005192406619,-41.31074175571047
1273,20.0,148.02746167615828,-41.709593741859535
1274,1.0,145.77538525887064,-41.14814668928484
1275,,147.14351943658465,-43.48376642799559
1276,20.0,146.57308923116875,-41.639525149698216
1277,20.0,147.02224687322854,-42.603417449558464
1278,20.0,145.75472400733588,-41.37811540201943
1279,,148.02746167615828,-41.635033573277624
1280,20.0,147.81905253024252,-41.57304981867337
1281,20.0,144.90222280270643,-40.723243559896304
1282,20.0,144.93815541407122,-41.54250709901331
1283,20.0,147.87564639314206,-41.99076642578895
1284,20.0,147.04560307061564,-42.58095956745548
1285,,145.3082613111285,-42.01232599260781
1286,20.0,147.83791715120907,-41.61796558287935
1287,20.0,148.02746167615828,-41.69971227373422
1288,,146.44552846082377,-42.673486041719784
1289,,147.41301402182052,-42.3195498197767
1290,20.0,145.2040567381706,-40.90470324728845
1291,20.0,147.61872822188388,-41.23528327184444
1292,20.0,146.11854169740428,-42.72109675177812
1293,,144.93815541407122,-41.54879530600215
1294,20.0,145.34509223777735,-42.00064789391426
1295,,144.7746620323615,-41.31523333213107
1296,20.0,147.86756155558498,-42.07790300834854
1297,,147.9403250935987,-42.11922551141804
1298,20.0,144.80610306730568,-41.0178909730875
1299,20.0,145.68645204574278,-42.73906305746051
1300,21.0,145.3316175085156,-42.006037785618986
1301,20.0,145.00463074509605,-41.52543910861503
1302,20.0,145.86791173313492,-41.531727315603874
1303,20.0,145.02439368134668,-41.54699867543391
1304,20.0,147.02853508021735,-42.56119663120485
1305,,146.42576552457314,-43.45322370833553
1306,20.0,146.80215962861922,-43.49903778782563
1307,20.0,145.33521076965206,-41.92788435590059
1308,,147.91696889621159,-41.60988074532227
1309,20.0,144.76388224895203,-41.313436701562836
1310,20.0,145.75831726847235,-41.81739157595388
1311,20.0,144.99654590753897,-41.49579470423909
1312,19.0,147.26748694579317,-41.151739950421316
1313,20.0,145.23010788141005,-41.73205162396253
1314,20.0,144.90042617213822,-40.70168399307744
1315,20.0,145.0279869424832,-41.52543910861503
1316,,147.39684434670636,-41.082569673544114
1317,,147.61244001489507,-41.364640672757645
1318,20.0,147.83701883592494,-41.589219493787525
1319,20.0,148.3149225670765,-41.00890782024631
1320,20.0,148.04363135127244,-41.64491504140294
1321,20.0,146.71502304605963,-42.65911299717388
1322,,144.98127454770895,-41.71408531828014
1323,,145.77897852000712,-41.7859505410097
1324,20.0,146.7275994600373,-42.70043550024337
1325,20.0,146.89468610288355,-42.80464007320124
1326,20.0,147.15879079641468,-42.27283742500248
1327,,147.7301193171147,-42.30966835165138
1328,20.0,146.371866607526,-41.47243850685199
1329,20.0,148.1208864657067,-41.106824186215334
1330,20.0,148.1388527713891,-41.184079300649614
1331,20.0,147.71844121842116,-41.414946328668336
1332,20.0,146.8129394120287,-43.44064729435786
1333,20.0,145.03158020361968,-41.543405414297425
1334,20.0,147.9376301477463,-43.18193249253143
1335,20.0,145.34599055306148,-42.455195427678746
1336,20.0,144.91210427083178,-40.716057037623344
1337,20.0,145.25975228578602,-41.750916244929044
1338,20.0,146.6440561386142,-42.24768459704714
1339,20.0,147.90079922109743,-41.592812754924
1340,,147.9088840586545,-41.47693008327258
1341,20.0,145.75562232262,-41.787747171577934
1342,20.0,144.9130025861159,-40.68192105682681
1343,,147.5172185947784,-42.43812743728047
1344,20.0,144.90491774855883,-40.698090731940965
1345,20.0,145.02708862719908,-41.4913031278185
1346,,145.3334141390838,-41.928782671184706
1347,19.0,144.7845435004868,-40.504952945855266
1348,20.0,147.90079922109743,-41.56855824225278
1349,20.0,145.3127528875491,-42.0159192537443
1350,20.0,147.89900259052916,-41.5838296020828
1351,20.0,145.30107478885554,-42.01052936203958
1352,20.0,147.80198453984428,-41.570354872821014
1353,20.0,148.03105493729475,-41.6431184108347
1354,20.0,146.10237202229013,-42.20905703983
1355,20.0,147.84330704291375,-40.90739819314081
1356,20.0,145.58134915750082,-41.473336822136105
1357,20.0,145.30466804999202,-42.45070385125814
1358,,145.57056937409135,-42.749842840869945
1359,20.0,145.22651462027358,-41.755407821349635
1360,20.0,145.9343870641598,-41.37811540201943
1361,20.0,145.30646468056023,-42.02130914544901
1362,20.0,147.89900259052916,-41.61167737589051
1363,20.0,147.69688165160227,-41.166112994967236
1364,20.0,144.74322099741727,-41.32062322383578
1365,20.0,147.5827956105191,-41.34847099764349
1366,20.0,145.33071919323146,-42.00334283976662
1367,,145.29478658186667,-42.46597521108818
1368,,145.66040090250334,-41.50657448764852
1369,20.0,146.05026973581118,-42.50550108358944
1370,20.0,146.6018353202606,-42.21354861625059
1371,20.0,148.01578357746473,-41.70689879600718
1372,20.0,146.46708802764266,-42.67528267228802
1373,20.0,147.80917106211723,-41.58652454793517
1374,20.0,144.75130583497435,-41.330504691961096
1375,20.0,145.8149111313719,-41.409556436963626
1376,20.0,146.79856636748275,-43.43974897907374
1377,20.0,147.97805433553168,-41.690729120893025
1378,20.0,146.56500439361167,-41.64132178026645
1379,20.0,145.27143038447957,-41.75001792964491
1380,20.0,148.03644482899944,-41.72217015583722
1381,20.0,145.30376973470788,-42.443517328985195
1382,20.0,146.78598995350507,-42.7525377867223
1383,20.0,146.24610246774927,-42.146174969941626
1384,20.0,146.05835457336826,-42.704927076663964
1385,20.0,145.84186058989548,-41.370030564462354
1386,20.0,147.7894081258666,-41.5838296020828
1387,20.0,147.7678485590477,-43.179237546679076
1388,20.0,146.37276492281012,-41.46974356099963
1389,20.0,145.75831726847235,-41.80391684669209
1390,,145.26244723163836,-42.47046678750877
1391,20.0,145.68914699159512,-42.74175800331287
1392,20.0,146.1338130572343,-42.75163947143818
1393,20.0,144.80969632844216,-41.45806546230608
1394,20.0,145.9128274973409,-41.33948784480229
1395,20.0,145.32622761681085,-42.44980553597402
1396,20.0,148.00500379405526,-41.63593188856174
1397,20.0,147.9681728674064,-42.146174969941626
1398,20.0,147.90708742808624,-41.59999927719696
1399,20.0,147.8253407372314,-41.58023634094633
1400,20.0,147.77413676603658,-41.58113465623045
1401,5.0,147.29533471960087,-41.19216413820669
1402,20.0,148.28797310855293,-41.38260697844004
1403,,144.93096889179827,-40.678327795690336
1404,,147.86756155558498,-41.87039217771694
1405,,146.6934634792408,-41.46704861514726
1406,20.0,145.02439368134668,-41.51016774878501
1407,20.0,144.9489351974807,-41.54520204486566
1408,20.0,148.00500379405526,-41.6844409139042
1409,20.0,147.83342557478846,-41.56137171997982
1410,21.0,146.4185790023002,-42.10575078215625
1411,20.0,145.0163088437896,-41.54430372958154
1412,20.0,146.83449897884753,-43.488258004416195
1413,,148.08136059320543,-41.14365511286424
1414,20.0,147.8765447084262,-41.57304981867337
1415,20.0,148.06069934167067,-41.689830805608906
1416,,147.8909177529721,-41.589219493787525
1417,20.0,147.04739970118385,-42.0482586039726
1418,20.0,146.85156696924582,-43.08940601826713
1419,4.0,145.02619031191495,-41.487709866682025
1420,,148.00949537047586,-41.66377966236945
1421,20.0,146.43564699269848,-41.45806546230608
1422,20.0,147.78671318001426,-41.615270637026995
1423,20.0,146.66651402071722,-41.47243850685199
1424,20.0,147.96457960626992,-41.58023634094633
1425,20.0,147.75617046035416,-41.048433692747565
1426,20.0,147.79300138700307,-41.59820264662872
1427,20.0,146.838092239984,-41.44369241776016
1428,20.0,147.9043924822339,-41.616168952311114
1429,,145.26604049277483,-41.75271287549728
1430,,144.92827394594593,-40.67473453455385
1431,19.0,145.55080643784072,-42.74445294916522
1432,20.0,147.8316289442202,-41.56496498111629
1433,20.0,146.4365453079826,-41.46525198457903
1434,20.0,145.27322701504784,-42.49202635432765
1435,20.0,145.26604049277483,-41.750916244929044
1436,20.0,145.61638345358148,-42.64024837620737
1437,21.0,144.95432508918537,-41.69522069731363
1438,20.0,148.00680042462352,-41.705102165438944
1439,20.0,147.77503508132065,-41.61167737589051
1440,,147.6744237694993,-41.710492057143654
1441,20.0,148.01398694689647,-41.690729120893025
1442,20.0,145.6100952465926,-42.63216353865029
1443,20.0,146.08530403189184,-42.67618098757214
1444,20.0,147.08782388896924,-41.44099747190781
1445,20.0,145.30287141942375,-42.429144284439275
1446,20.0,146.146389471212,-42.80194512734887
1447,20.0,147.02404350379675,-42.603417449558464
1448,20.0,144.90940932497938,-40.66754801228089
1449,21.0,146.72041293776437,-42.668096150015074
1450,20.0,146.49942737787097,-41.4913031278185
1451,20.0,146.37096829224186,-41.47513345270434
1452,20.0,147.92505373376866,-41.62425378986819
1453,20.0,146.72849777532144,-42.66180794302623
1454,20.0,145.2462775565242,-42.474958363929375
1455,20.0,146.1275248502455,-42.75613104785879
1456,20.0,145.02708862719908,-41.492201443102616
1457,20.0,146.73209103645792,-42.70223213081161
1458,,146.75993881026562,-41.632338627425256
1459,,148.04363135127244,-41.635033573277624
1460,,144.87347671361465,-40.68731094853152
1461,20.0,147.32228417812445,-41.144553428148356
1462,20.0,147.15340090471,-42.2782273167072
1463,20.0,145.68196046932218,-42.74894452558583
1464,20.0,147.41481065238872,-41.17060457138783
1465,20.0,145.0252919966308,-41.52543910861503
1466,20.0,148.05441113468186,-41.6844409139042
1467,,145.03876672589263,-41.54071046844507
1468,20.0,145.0252919966308,-41.54250709901331
1469,20.0,147.80467948569662,-41.613474006458745
1470,20.0,148.26012533474523,-41.391590131281234
1471,20.0,147.91786721149566,-41.582032971514565
1472,20.0,148.04991955826125,-41.69432238202951
1473,20.0,146.72220956833257,-42.66180794302623
1474,20.0,147.8909177529721,-41.55957508941158
1475,20.0,145.24717587180834,-42.47136510279289
1476,20.0,144.78274686991853,-41.318826593267545
1477,20.0,144.90491774855883,-40.72144692932807
1478,20.0,145.34958381419796,-41.934172562889415
1479,20.0,145.76460547546117,-41.79673032441913
1480,20.0,146.80305794390335,-43.08491444184652
1481,20.0,145.77718188943885,-41.44009915662369
1482,20.0,144.7656788795203,-41.31074175571047
1483,19.0,147.73191594768292,-42.30607509051491
1484,,147.72832268654645,-42.05095354982495
1485,,147.02224687322854,-42.62497701637733
1486,20.0,145.282210167889,-42.45160216654226
1487,20.0,147.93044362547334,-41.56765992696866
1488,20.0,144.89683291100175,-40.71965029875983
1489,20.0,146.7356842975944,-42.705825391948096
1490,20.0,145.8634201567143,-41.52903236975152
1491,20.0,145.59212894091024,-41.088857880532956
1492,20.0,147.19921498420007,-42.614197232967896
1493,20.0,147.9978172717823,-41.71498363356426
1494,20.0,145.6226716605703,-42.653723105469155
1495,20.0,146.65124266088714,-42.52975559626066
1496,20.0,146.14728778649612,-42.82619964002011
1497,20.0,145.34688886834562,-42.441720698416944
1498,20.0,145.6406379662527,-41.04573874689521
1499,16.0,145.08188585953036,-41.02058591893987
1500,,147.83342557478846,-41.58562623265105
1501,20.0,146.96924627146547,-42.55490842421601
1502,20.0,146.14010126422318,-41.40057328412243
1503,20.0,146.43564699269848,-41.46435366929491
1504,20.0,145.0019357992437,-41.51286269463736
1505,,146.27395024155697,-42.59712924256962
1506,20.0,146.13111811138197,-42.73457148103991
1507,20.0,147.85408682632323,-41.546100360149794
1508,20.0,147.92505373376866,-41.62155884401582
1509,20.0,147.9232571032004,-41.61796558287935
1510,20.0,145.4421102884623,-40.920872922402594
1511,20.0,147.90259585166564,-41.577541395093974
1512,20.0,145.2534640787972,-42.47765330978173
1513,20.0,146.80215962861922,-43.44513887077845
1514,20.0,147.69418670574993,-41.17689277837667
1515,20.0,146.14818610178025,-42.82889458587246
1516,20.0,147.8765447084262,-41.58293128679868
1517,20.0,144.8995278568541,-40.67293790398561
1518,20.0,145.56248453653427,-42.610603971831424
1519,,145.28131185260492,-42.46956847222465
1520,20.0,145.30646468056023,-41.7536111907814
1521,20.0,147.81366263853783,-42.08778447647386
1522,,145.26693880805897,-42.47855162506585
1523,20.0,146.27305192627284,-42.18390421187465
1524,20.0,147.91607058092745,-41.58023634094633
1525,,145.57685758108022,-42.86482719723725
1526,20.0,148.28976973912114,-41.01519602723515
1527,20.0,148.08225890848956,-41.69971227373422
1528,,146.58386901457817,-42.31775318920846
1529,20.0,148.03464819843123,-41.69162743617714
1530,20.0,147.86756155558498,-41.556880143559226
1531,20.0,144.94983351276477,-41.54160878372919
1532,20.0,148.06519091809128,-41.711390372427786
1533,20.0,145.03966504117676,-41.49399807367085
1534,,145.9343870641598,-41.51555764048972
1535,20.0,147.79479801757128,-41.58113465623045
1536,20.0,145.03697009532436,-41.519150901626205
1537,21.0,146.52547852111041,-42.4668735263723
1538,8.0,145.01720715907373,-41.49759133480734
1539,,146.7275994600373,-42.699537184959254
1540,20.0,148.01039368576,-41.64850830253941
1541,20.0,147.0527895928886,-42.61150228711554
1542,20.0,147.7956963328554,-41.56137171997982
1543,20.0,146.54613977264518,-42.38782178136978
1544,,147.8253407372314,-41.57843971037809
1545,20.0,146.04398152882237,-42.518975812851224
1546,20.0,144.95702003503771,-41.68713585975655
1547,20.0,147.66184735552162,-40.999924667405125
1548,19.0,145.57685758108022,-42.88279350291964
1549,20.0,146.77970174651625,-43.16935607855376
1550,20.0,145.02259705077847,-41.492201443102616
1551,,147.74359404637647,-42.108445728008604
1552,20.0,146.05565962751592,-42.646536583196195
1553,,148.0598010263866,-41.647609987255294
1554,20.0,145.74394422392646,-41.79493369385089
1555,20.0,146.06015120393653,-42.6968422391069
1556,20.0,144.75759404196322,-41.31972490855166
1557,20.0,144.74771257383787,-40.50944452227586
1558,20.0,147.9061891128021,-43.153186403439605
1559,20.0,147.8999009058133,-41.57574476452574
1560,20.0,145.25256576351308,-41.750916244929044
1561,20.0,144.92198573895706,-40.691802524952124
1562,20.0,148.28078658628,-41.38170866315592
1563,,147.82444242194725,-41.562270035263936
1564,20.0,144.93995204463948,-41.697017327881866
1565,20.0,147.84151041234554,-41.538015522592715
1566,20.0,147.1785537326653,-41.15443489627367
1567,20.0,147.93403688660982,-41.62515210515231
1568,20.0,147.8639682944485,-42.076106377780306
1569,20.0,145.2256163049895,-41.75810276720199
1570,20.0,144.90671437912704,-40.659463174723825
1571,20.0,146.7698202783909,-41.307148494573994
1572,20.0,145.5912306256261,-41.088857880532956
1573,,146.85156696924582,-41.41135306753186
1574,20.0,146.63686961634124,-42.556705054784246
1575,20.0,145.21393820629595,-40.901109986151965
1576,20.0,148.055309449966,-41.6619830318012
1577,20.0,146.80665120503983,-43.5026310489621
1578,20.0,147.00607719811438,-43.05976161389118
1579,20.0,146.08530403189184,-42.68157087927686
1580,20.0,145.00463074509605,-41.479625029124946
1581,,145.32532930152672,-41.75900108248611
1582,20.0,145.29837984300315,-41.756306136633754
1583,,145.60470535488793,-41.01429771195103
1584,13.0,146.99170415356843,-41.22809674957148
1585,,147.36540331176218,-43.2403229859992
1586,20.0,144.9058160638429,-40.71336209177099
1587,20.0,147.8999009058133,-41.60449085361756
1588,,145.29927815828728,-42.018614199596655
1589,20.0,145.02439368134668,-41.53352394617211
1590,19.0,147.70586480444348,-41.2568428386633
1591,20.0,147.85408682632323,-41.55957508941158
1592,20.0,144.91479921668412,-41.52903236975152
1593,,146.15806756990554,-42.77319903825705
1594,20.0,144.91749416253646,-40.70168399307744
1595,20.0,144.88874807344467,-40.70437893892979
1596,,147.64477936512333,-41.20024897576377
1597,20.0,148.1631072840603,-41.166112994967236
1598,20.0,146.15177936291673,-42.79745355092828
1599,20.0,146.7042432626502,-42.648333213764445
1600,20.0,146.5102071612804,-42.1955823105682
1601,20.0,146.91355072385005,-43.392138269015405
1602,20.0,147.73640752410353,-42.30697340579903
1603,20.0,146.73837924344673,-42.9780149230363
1604,20.0,148.01847852331707,-41.71408531828014
1605,,146.46169813593792,-42.81002996490595
1606,,148.04902124297712,-41.64401672611882
1607,20.0,146.54883471849752,-42.16414127562402
1608,,147.93673183246221,-43.18911901480439
1609,20.0,145.97121799080867,-42.60072250370611
1610,20.0,148.0660892333754,-41.65299987896002
1611,20.0,147.98074928138408,-42.158751383919295
1612,20.0,144.92018910838885,-41.5514902518545
1613,,145.34329560720914,-41.90542647379759
1614,20.0,147.72383111012584,-42.769605777120574
1615,20.0,148.07507238621662,-41.678152706915355
1616,,147.64747431097572,-41.2523512622427
1617,20.0,145.00732569094845,-41.48950649725026
1618,20.0,147.92864699490514,-41.6062874841858
1619,20.0,145.27502364561605,-42.44531395955343
1620,20.0,146.65214097617127,-42.52975559626066
1621,20.0,145.55080643784072,-41.113112393204176
1622,20.0,146.53625830451983,-42.72828327405108
1623,20.0,146.53086841281515,-42.518077497567106
1624,20.0,147.81905253024252,-43.11815210735895
1625,,147.03482328720622,-42.84775920683897
1626,20.0,148.00230884820292,-41.66377966236945
1627,12.0,148.05171618882952,-41.658389770664726
1628,20.0,147.8810362848468,-41.5838296020828
1629,20.0,147.91696889621159,-41.60359253833343
1630,20.0,146.34222220315002,-41.46435366929491
1631,20.0,147.90798574337038,-41.59011780907164
1632,20.0,147.92146047263213,-41.62335547458406
1633,20.0,147.93403688660982,-41.883866906978724
1634,,145.46277153999705,-41.72576341697369
1635,20.0,148.01758020803294,-41.65749145538061
1636,20.0,147.87384976257385,-41.569456557536896
1637,20.0,147.84151041234554,-41.6062874841858
1638,20.0,145.3504821294821,-42.44441564426931
1639,20.0,147.6151349607474,-41.23528327184444
1640,20.0,147.78581486473013,-41.58562623265105
1641,20.0,147.05368790817272,-41.27031756792509
1642,20.0,145.0208004202102,-41.54071046844507
1643,20.0,145.6460278579574,-42.85943730553252
1644,20.0,147.5657276201208,-41.415844643952454
1645,,145.34329560720914,-41.91800288777527
1646,,147.41930222880933,-43.01394753440108
1647,20.0,148.055309449966,-41.72217015583722
1648,20.0,146.82821077185872,-43.25469603054512
1649,20.0,147.9421217241669,-41.582032971514565
1650,20.0,144.95252845861717,-41.02777244121282
1651,20.0,146.05655794280005,-42.513585921146515
1652,20.0,147.90798574337038,-41.59910096191284
1653,20.0,145.01361389793726,-41.530829000319756
1654,20.0,145.09895384992865,-40.84182117740008
1655,20.0,147.89271438354035,-41.59999927719696
1656,,144.9058160638429,-41.56137171997982
1657,20.0,147.86845987086912,-41.58113465623045
1658,20.0,146.85246528452996,-43.495444526689155
1659,20.0,146.9189406155548,-41.80391684669209
1660,20.0,145.2723286997637,-42.45070385125814
1661,20.0,146.11854169740428,-42.71750349064165
1662,20.0,148.06698754865954,-41.274809144345696
1663,20.0,147.93313857132574,-41.59101612435576
1664,20.0,148.05890271110246,-41.28109735133452
1665,21.0,145.74035096279,-41.80301853140797
1666,20.0,145.6487228038098,-41.164316364398985
1667,20.0,148.0211734691694,-41.72037352526897
1668,21.0,147.74179741580826,-41.953935499140044
1669,21.0,145.54092496971543,-41.171502886671945
1670,21.0,145.5382300238631,-41.03495896348578
1671,21.0,145.20944662987534,-41.51106606406913
1672,21.0,146.5892589062829,-42.931302528262094
1673,21.0,145.29478658186667,-42.16773453676049
1674,21.0,147.95829139928105,-41.37901371730355
1675,21.0,145.3361090849362,-42.46148363466757
1676,21.0,147.94840993115577,-41.756306136633754
1677,,147.92864699490514,-41.88566353754696
1678,21.0,147.64927094154393,-41.43381094963485
1679,21.0,144.80161149088508,-41.30445354872164
1680,,144.92557900009353,-41.48950649725026
1681,,146.42037563286846,-42.10125920573566
1682,21.0,144.92827394594593,-41.51376100992148
1683,21.0,144.7953232838962,-41.30804680985811
1684,,144.66416925241475,-40.98285667700685
1685,21.0,144.92198573895706,-41.507472802932654
1686,21.0,145.2723286997637,-42.32404139619729
1687,4.0,144.93815541407122,-41.49579470423909
1688,21.0,147.88642617655148,-43.06245655974354
1689,21.0,145.90474265978384,-41.299063657016916
1690,,144.8851548123082,-41.518252586342086
1691,,145.29748152771901,-41.74552635322432
1692,,146.5703942853164,-42.878301926499034
1693,,145.0100206368008,-41.499387965375576
1694,21.0,145.3001764735714,-42.16953116732874
1695,21.0,145.2085483145912,-42.32943128790201
1696,21.0,144.710881647189,-41.06639999842996
1697,21.0,146.8318040329952,-42.79925018149652
1698,21.0,145.32532930152672,-42.139886762952784
1699,21.0,144.78723844633913,-41.29097881945984
1700,21.0,144.87976492060346,-41.27840240548217
1701,21.0,146.8848046347582,-43.17654260082672
1702,21.0,144.64350800088005,-40.999924667405125
1703,21.0,145.64692617324152,-41.44279410247604
1704,21.0,144.93995204463948,-41.50657448764852
1705,,147.29263977374848,-42.557603370068364
1706,21.0,145.29658321243494,-42.16414127562402
1707,21.0,144.9462402516283,-41.02777244121282
1708,21.0,147.66903387779456,-42.69774055439102
1709,21.0,145.9766078825134,-42.764215885415865
1710,,146.44552846082377,-41.46345535401079
1711,21.0,144.78274686991853,-41.282893981902774
1712,,144.93007057651414,-41.68893249032479
1713,21.0,144.9552234044695,-41.710492057143654
1714,21.0,144.9085110096953,-41.50837111821677
1715,,144.93546046821888,-40.882245365185454
1716,21.0,147.6789153459199,-41.106824186215334
1717,21.0,145.10434374163333,-41.550591936570385
1718,21.0,146.6081235272494,-42.20546377869351
1719,21.0,145.24537924124013,-42.3429060171638
1720,17.0,146.3808497603672,-41.479625029124946
1721,21.0,146.10237202229013,-41.27840240548217
1722,21.0,145.28310848317312,-41.466150299863145
1723,21.0,145.9038443444997,-41.34218279065466
1724,21.0,146.57129260060054,-42.23690481363769
1725,21.0,145.1483611905552,-41.80840842311268
1726,,147.55584615199552,-41.658389770664726
1727,21.0,146.51290210713273,-42.197378941136435
1728,21.0,147.72383111012584,-41.97639338124304
1729,21.0,147.17765541738117,-43.22864488730565
1730,21.0,147.64747431097572,-41.430217688498374
1731,20.0,146.777905115948,-43.171152709122
1732,21.0,145.16902244208995,-41.81020505368093
1733,21.0,144.8501205162275,-41.282893981902774
1734,21.0,145.8571319497255,-41.53352394617211
1735,,147.73461089353532,-41.955732129708295
1736,21.0,144.8995278568541,-41.49489638895497
1737,,147.9295453101892,-41.434709264918965
1738,21.0,145.16003928924874,-41.466150299863145
1739,21.0,144.92827394594593,-41.06460336786172
1740,21.0,145.10883531805393,-41.80930673839681
1741,,146.09877876115365,-41.39248844656535
1742,,144.91749416253646,-41.51555764048972
1743,21.0,147.85678177217557,-42.46867015694053
1744,21.0,144.80520475202155,-41.28109735133452
1745,21.0,144.77735697821385,-41.287385558323365
1746,21.0,147.90708742808624,-41.570354872821014
1747,21.0,144.78095023935032,-41.30086028758515
1748,21.0,147.72293279484177,-42.068919855507346
1749,21.0,145.80323303267835,-41.44459073304428
1750,21.0,144.84113736338634,-41.2981653417328
1751,,145.25705733993368,-42.30607509051491
1752,21.0,144.75220415025848,-41.27750409019805
1753,21.0,146.17783050615617,-41.46974356099963
1754,21.0,145.2354977731148,-42.346499278300286
1755,,145.27502364561605,-42.3563807464256
1756,,145.2085483145912,-41.524540793330914
1757,21.0,146.98541594657962,-42.19468399528408
1758,,144.89323964986528,-41.51286269463736
1759,21.0,147.75886540620655,-41.25863946923154
1760,,147.559439413132,-41.019687603655754
1761,21.0,146.43924025383495,-41.46704861514726
1762,,144.94085035992362,-41.711390372427786
1763,21.0,144.9597149808901,-41.54520204486566
1764,,147.9555964534287,-41.37991203258767
1765,21.0,148.11908983513848,-41.69162743617714
1766,21.0,144.8078996978739,-41.27930072076629
1767,21.0,146.5614111324752,-42.889980025192585
1768,21.0,145.10703868748573,-41.500286280659694
1769,21.0,146.94319512822602,-43.08042286542593
1770,21.0,145.35227876005035,-41.88746016811521
1771,21.0,145.29029500544607,-41.46704861514726
1772,,147.42828538165054,-41.10233260979474
1773,21.0,145.38641474084687,-40.973873524165654
1774,21.0,144.876171659467,-41.28109735133452
1775,21.0,145.2319045119783,-42.33661781017497
1776,21.0,144.95252845861717,-41.52094753219444
1777,21.0,144.89773122628583,-41.52094753219444
1778,21.0,146.66471739014895,-41.9701051742542
1779,,144.64440631616412,-41.02058591893987
1780,21.0,148.11639488928608,-41.6296436815729
1781,21.0,145.93798032529628,-41.371827195030605
1782,21.0,146.8919911570312,-43.07233802786885
1783,,145.26244723163836,-42.33032960318613
1784,21.0,144.8123912742945,-41.28648724303925
1785,21.0,147.34474206022742,-41.21641865087793
1786,21.0,146.98811089243196,-41.18857087707022
1787,21.0,146.4509183525285,-42.26115932630893
1788,21.0,144.85371377736402,-41.29367376531221
1789,21.0,145.25615902464955,-42.347397593584404
1790,,146.1832203978609,-41.79223874799854
1791,21.0,148.08854711547838,-41.13467196002304
1792,21.0,144.7701704559409,-41.27930072076629
1793,21.0,145.97930282836575,-42.769605777120574
1794,21.0,147.86037503331204,-42.57556967575076
1795,,148.2592270194611,-41.47064187628375
1796,21.0,146.37905312979893,-41.48321829026142
1797,21.0,145.29927815828728,-42.15066654636223
1798,21.0,146.3592901935483,-41.46974356099963
1799,,144.9372570987871,-41.68264428333596
1800,21.0,145.20315842288647,-42.3195498197767
1801,21.0,144.9489351974807,-41.51735427105797
1802,21.0,146.5614111324752,-42.90075980860203
1803,21.0,146.78419332293686,-41.6386268344141
1804,21.0,146.58207238400996,-42.88908170990847
1805,21.0,144.86629019134165,-41.28828387360748
1806,21.0,146.5892589062829,-42.93489578939857
1807,,147.95469813814458,-41.75720445191787
1808,21.0,145.29209163601433,-42.31236329750374
1809,21.0,144.93456215293475,-40.93255102109616
1810,21.0,145.63884133568445,-41.441895787191925
1811,21.0,147.25311390124722,-41.16251973383075
1812,21.0,144.75400078082674,-41.29277545002809
1813,21.0,146.68358201111545,-42.43094091500751
1814,21.0,145.27771859146839,-42.30697340579903
1815,21.0,146.45002003724437,-42.26565090272952
1816,21.0,145.7062149819934,-41.01878928837162
1817,,146.1787288214403,-41.48411660554554
1818,21.0,145.29837984300315,-42.29799025295783
1819,21.0,144.79981486031681,-41.30086028758515
1820,21.0,145.88587803881734,-41.313436701562836
1821,21.0,146.21286480223682,-41.53621889202448
1822,21.0,145.2085483145912,-42.31236329750374
1823,22.0,146.90456757100884,-42.85674235968017
1824,21.0,146.86594001379171,-41.9790883270954
1825,21.0,144.83484915639747,-41.275707459629814
1826,21.0,145.29029500544607,-41.45087894003312
1827,21.0,146.76083712554976,-42.78577545223473
1828,21.0,146.1248299043931,-41.43111600378249
1829,,148.04991955826125,-40.76995595467052
1830,21.0,145.22831125084184,-42.324939711481406
1831,21.0,146.7680236478227,-42.776792299393534
1832,21.0,144.92198573895706,-41.49848965009146
1833,21.0,146.4724779193474,-42.58904440501256
1834,21.0,145.12410667788396,-40.95321227263091
1835,21.0,144.9228840542412,-41.69162743617714
1836,21.0,146.78598995350507,-42.7749956688253
1837,,145.29837984300315,-41.46255703872667
1838,21.0,144.8824598664558,-41.287385558323365
1839,21.0,146.44822340667616,-42.26115932630893
1840,21.0,145.27592196090018,-42.333024549038484
1841,14.0,145.16363255038522,-40.87416052762839
1842,,145.2184297827165,-42.32943128790201
1843,,146.161660831042,-43.41998604282311
1844,,145.29298995129847,-42.33841444074321
1845,,145.54721317670425,-41.23977484826503
1846,21.0,144.88425649702407,-41.27121588320921
1847,21.0,145.28041353732078,-42.28361720841191
1848,21.0,145.86701341785084,-41.53352394617211
1849,21.0,145.21573483686416,-42.33661781017497
1850,,147.33306396153387,-41.96471528254948
1851,21.0,146.3826463909354,-42.15515812278282
1852,21.0,144.92557900009353,-41.51555764048972
1853,21.0,146.6108184731018,-41.299063657016916
1854,,145.1312932001569,-41.523642478046796
1855,21.0,148.08675048491017,-41.13557027530716
1856,21.0,144.8447306245228,-41.27660577491393
1857,21.0,146.3826463909354,-41.48321829026142
1858,21.0,145.13668309186164,-41.519150901626205
1859,,145.26693880805897,-42.31775318920846
1860,9.0,145.25795565521776,-42.33841444074321
1861,21.0,147.73640752410353,-41.967410228401846
1862,21.0,145.26873543862723,-42.313261612787855
1863,21.0,145.21483652158003,-42.32134645034493
1864,21.0,144.9417486752077,-41.51735427105797
1865,21.0,147.4552348401741,-41.11940060019302
1866,21.0,145.4016861006769,-40.973873524165654
1867,21.0,146.54074988094044,-42.3563807464256
1868,,144.84113736338634,-41.00980613553044
1869,21.0,144.88605312759228,-41.274809144345696
1870,21.0,146.13560968780257,-41.35475920463233
1871,21.0,145.11781847089514,-41.80840842311268
1872,21.0,144.91929079310472,-41.52004921691032
1873,,145.55619632954546,-41.02058591893987
1874,21.0,146.05565962751592,-41.44279410247604
1875,,148.11998815042256,-41.6988139584501
1876,21.0,147.1785537326653,-43.217865103896216
1877,21.0,144.92468068480946,-41.493099758386734
1878,21.0,144.8546120926481,-41.27301251377746
1879,,145.26693880805897,-42.30517677523078
1880,21.0,147.77773002717305,-41.88746016811521
1881,,144.9318672070824,-41.712288687711904
1882,21.0,144.79711991446447,-41.29367376531221
1883,,144.87886660531933,-41.49669301952321
1884,21.0,147.75886540620655,-41.11221407792006
1885,21.0,145.9298954877392,-41.52723573918328
1886,3.0,145.61368850772914,-41.18138435479726
1887,21.0,146.52637683639455,-42.51178929057828
1888,21.0,145.23459945783065,-41.7446280379402
1889,21.0,146.56680102417994,-42.88638676405611
1890,21.0,145.53733170857896,-41.16341804911487
1891,21.0,145.24717587180834,-42.37434705210799
1892,21.0,146.51200379184866,-42.191989049431726
1893,21.0,145.11153026390627,-41.80391684669209
1894,21.0,146.5290717822469,-41.62605042043643
1895,21.0,147.54596468387018,-41.647609987255294
1896,21.0,144.84742557037515,-41.275707459629814
1897,21.0,146.05835457336826,-42.512687605862396
1898,21.0,144.936358783503,-41.51735427105797
1899,21.0,146.86055012208703,-41.70061058901834
1900,21.0,144.94085035992362,-41.5146593252056
1901,,145.25705733993368,-42.34560096301617
1902,21.0,147.72203447955764,-41.28469061247101
1903,21.0,147.57740571881436,-42.549518532511286
1904,,144.8267643188404,-40.845414438536565
1905,21.0,147.86666324030085,-41.1652146796831
1906,21.0,145.2256163049895,-42.32673634204966
1907,21.0,146.27754350269345,-42.15695475335106
1908,,147.371691518751,-41.19216413820669
1909,,145.26244723163836,-42.3563807464256
1910,,144.71267827775722,-41.06101010672525
1911,21.0,145.94157358643275,-41.08526461939647
1912,21.0,145.2489725023766,-42.34829590886852
1913,21.0,146.57398754645288,-42.904353069738505
1914,21.0,146.93511029066894,-43.34991745066179
1915,21.0,144.85551040793223,-41.27031756792509
1916,21.0,147.7426957310924,-41.953935499140044
1917,21.0,144.92198573895706,-41.523642478046796
1918,8.0,147.61333833017915,-41.39787833827006
1919,21.0,145.17531064907877,-41.812899999533286
1920,21.0,145.03517346475616,-40.985551622859205
1921,,144.81059464372623,-41.275707459629814
1922,,147.71574627256877,-42.58095956745548
1923,21.0,148.0319532525789,-41.555083512990976
1924,21.0,145.36305854345977,-41.9377658240259
1925,21.0,145.3127528875491,-41.47693008327258
1926,21.0,146.53625830451983,-41.620660528731705
1927,21.0,147.75976372149063,-41.11940060019302
1928,21.0,147.8639682944485,-42.44531395955343
1929,21.0,146.34312051843415,-43.04628688462938
1930,,144.64260968559591,-40.99543309098452
1931,21.0,144.8123912742945,-41.287385558323365
1932,21.0,145.2723286997637,-42.35368580057323
1933,21.0,145.56697611295488,-40.965788686608576
1934,21.0,144.82496768827218,-41.06011179144113
1935,21.0,146.5703942853164,-42.916929483716174
1936,,147.75796709092242,-43.11905042264307
1937,21.0,144.97139307958366,-40.965788686608576
1938,21.0,146.800362998051,-42.86482719723725
1939,21.0,144.7764586629297,-41.28828387360748
1940,,147.05458622345685,-43.10108411696068
1941,21.0,146.9467883893625,-43.36159554935534
1942,21.0,146.07632087905068,-42.49292466961177
1943,21.0,145.2507691329448,-42.3195498197767
1944,21.0,144.87257839833052,-41.294572080596325
1945,21.0,144.8357474716816,-41.291877134743956
1946,21.0,145.2354977731148,-42.339312756027326
1947,21.0,145.06032629271147,-41.11041744735182
1948,21.0,147.72203447955764,-41.28558892775513
1949,21.0,145.91911570432973,-41.52903236975152
1950,21.0,145.23010788141005,-42.34919422415264
1951,21.0,144.8546120926481,-41.299961972301034
1952,21.0,144.8034081214533,-41.29097881945984
1953,21.0,145.15644602811227,-41.81020505368093
1954,21.0,145.56248453653427,-41.0726882054188
1955,21.0,144.65788104542594,-40.99183982984805
1956,21.0,144.74771257383787,-41.30535186400576
1957,21.0,144.80161149088508,-41.291877134743956
1958,21.0,145.28310848317312,-42.31685487392434
1959,21.0,146.93511029066894,-42.834284477577185
1960,21.0,144.71357659304135,-41.06190842200937
1961,21.0,145.244480925956,-42.33571949489085
1962,,148.10561510587667,-41.68084765276771
1963,21.0,147.01955192737614,-43.24122130128332
1964,21.0,146.5569195560546,-42.28541383898015
1965,21.0,145.29748152771901,-42.31775318920846
1966,21.0,144.7908317074756,-41.31523333213107
1967,21.0,147.04111149419504,-41.826374728795074
1968,,147.72922100183058,-41.95034223800357
1969,22.0,146.61261510367,-42.88818339462435
1970,,147.94751161587163,-41.75001792964491
1971,,147.13004470732284,-42.250379542899495
1972,21.0,145.38821137141514,-42.21983682323943
1973,21.0,144.8123912742945,-41.291877134743956
1974,21.0,147.31599597113558,-42.950167149228605
1975,21.0,145.5570946448296,-41.02238254950811
1976,21.0,146.93690692123715,-43.46669843759733
1977,21.0,145.98379440478635,-42.77319903825705
1978,,145.29029500544607,-42.3195498197767
1979,21.0,145.30107478885554,-42.44980553597402
1980,,146.8039562591875,-43.44873213191494
1981,21.0,145.25615902464955,-42.35548243114148
1982,,145.23459945783065,-41.74552635322432
1983,22.0,145.12680162373636,-40.9487206962103
1984,21.0,147.66723724722635,-41.16162141854663
1985,21.0,147.89630764467682,-41.369132249178236
1986,21.0,147.74628899222887,-41.63144031214114
1987,22.0,144.8806632358876,-41.5146593252056
1988,21.0,144.748610889122,-41.313436701562836
1989,21.0,145.3639568587439,-42.20187051755704
1990,,148.24844723605167,-41.595507700776366
1991,21.0,145.1294965695887,-41.466150299863145
1992,21.0,144.9507318280489,-41.52993068503564
1993,22.0,147.52620174761955,-41.38709855486063
1994,21.0,146.10057539172192,-42.211751985682355
1995,,146.4185790023002,-42.180310950738175
1996,21.0,145.1250049931681,-41.52993068503564
1997,21.0,148.04991955826125,-41.12658712246598
1998,,145.55080643784072,-41.166112994967236
1999,21.0,145.25256576351308,-42.35458411585735
2000,21.0,147.54326973801784,-41.65479650952825
2001,21.0,146.8192276190175,-42.815419856610674
2002,,146.20837322581622,-41.364640672757645
2003,21.0,145.30915962641257,-42.31146498221962
2004,21.0,145.21393820629595,-42.31415992807197
2005,21.0,146.94768670464663,-43.46400349174496
2006,21.0,146.79946468276688,-41.61437232174288
2007,21.0,144.89773122628583,-41.06819662899821
2008,21.0,146.55422461020225,-42.8998614933179
2009,21.0,144.77825529349798,-41.28379229718689
2010,,145.1699207573741,-41.80301853140797
2011,21.0,146.81743098844925,-41.43111600378249
2012,21.0,148.19185337315213,-41.01339939666691
2013,21.0,146.58656396043057,-42.90345475445439
2014,21.0,147.965477921554,-41.76169602833848
2015,21.0,147.60345686205386,-42.42734765387104
2016,,147.5549478367114,-41.66018640123296
2017,21.0,148.27988827099585,-42.114733934997446
2018,21.0,144.7719670865091,-41.2981653417328
2019,21.0,144.89773122628583,-41.51106606406913
2020,21.0,144.80520475202155,-41.27211419849333
2021,21.0,144.74052605156493,-41.2981653417328
2022,21.0,144.86539187605757,-41.294572080596325
2023,,145.67297731648102,-41.43201431906661
2024,,147.5235068017672,-41.37991203258767
2025,,147.21358802874596,-43.11096558508599
2026,,147.68161029177224,-41.90452815851347
2027,21.0,145.4016861006769,-40.90919482370904
2028,,147.72832268654645,-41.93956245459414
2029,21.0,144.95791835032185,-40.85529590666188
2030,21.0,145.63794302040031,-41.538015522592715
2031,21.0,147.34743700607982,-41.3026569181534
2032,21.0,144.87976492060346,-41.28109735133452
2033,21.0,147.68969512932932,-41.47423513742022
2034,21.0,147.02045024266027,-42.184802527158766
2035,21.0,145.2354977731148,-42.34110938659556
2036,21.0,144.89862954156996,-41.493099758386734
2037,21.0,147.91696889621159,-41.09245114166943
2038,,145.00732569094845,-41.500286280659694
2039,21.0,145.25795565521776,-42.3653638992668
2040,,146.52008862940573,-42.467771841656415
2041,21.0,144.7890350769074,-41.275707459629814
2042,21.0,144.86718850662578,-41.28379229718689
2043,21.0,144.8995278568541,-41.067298313714076
2044,,147.28545325147553,-43.319374731001716
2045,,145.64423122738918,-41.427522742646005
2046,21.0,145.64692617324152,-41.441895787191925
2047,21.0,144.93815541407122,-41.4913031278185
2048,9.0,145.25705733993368,-42.33122791847025
2049,21.0,145.68824867631105,-42.74445294916522
2050,21.0,147.76874687433184,-42.70852033780045
2051,,147.92146047263213,-41.094247772237665
2052,21.0,147.65915240966928,-41.11670565434065
2053,21.0,146.99439909942083,-43.29422190304638
2054,21.0,146.9701445867496,-43.39573153015188
2055,21.0,145.55260306840898,-41.02058591893987
2056,21.0,144.9228840542412,-41.145451743432474
2057,21.0,146.5102071612804,-42.467771841656415
2058,21.0,145.2723286997637,-42.313261612787855
2059,,147.86306997916438,-41.16251973383075
2060,21.0,144.80430643673742,-41.307148494573994
2061,21.0,144.8447306245228,-41.2981653417328
2062,21.0,147.19472340777946,-41.17060457138783
2063,21.0,146.05386299694766,-42.51178929057828
2064,21.0,145.2956848971508,-41.921596148911746
2065,21.0,144.8447306245228,-40.842719492684196
2066,,145.69184193744752,-42.75343610200642
2067,21.0,145.12859825430456,-41.81469663010152
2068,21.0,145.25526070936542,-42.315956558640224
2069,21.0,144.7980182297486,-41.30175860286927
2070,21.0,144.95163014333303,-41.524540793330914
2071,21.0,144.90132448742236,-41.523642478046796
2072,21.0,145.27592196090018,-42.344702647732035
2073,,145.327125932095,-42.01322430789193
2074,21.0,144.83215421054513,-41.27211419849333
2075,21.0,144.87976492060346,-40.70707388478215
2076,4.0,147.15340090471,-43.03640541650407
2077,21.0,147.94391835473516,-41.76528928947495
2078,,146.71053146963902,-42.55041684779542
2079,21.0,144.89054470401288,-41.27301251377746
2080,21.0,147.55854109784786,-42.501907822452964
2081,21.0,148.153225815935,-41.66737292350592
2082,22.0,147.52979500875603,-41.3808103478718
2083,,145.31814277925378,-41.99705463277779
2084,21.0,147.6510675721122,-42.4210594468822
2085,21.0,147.96188466041752,-41.759899397770226
2086,19.0,146.47068128877913,-42.68157087927686
2087,,145.97930282836575,-42.74804621030171
2088,21.0,147.2423341178378,-43.07952455014181
2089,21.0,145.327125932095,-41.99615631749367
2090,22.0,144.84832388565928,-40.84182117740008
2091,21.0,144.7908317074756,-41.30445354872164
2092,21.0,146.7446674504356,-42.95106546451272
2093,21.0,144.88784975816054,-41.51735427105797
2094,21.0,144.78274686991853,-41.280199036050405
2095,21.0,144.76657719480443,-41.291877134743956
2096,21.0,147.9421217241669,-41.759899397770226
2097,21.0,147.34653869079568,-41.217316966162045
2098,21.0,147.85678177217557,-41.17060457138783
2099,21.0,144.76478056423616,-41.30355523343752
2100,21.0,146.71771799191202,-42.385126835517426
2101,21.0,146.93870355180542,-43.37417196333301
2102,21.0,148.0804622779213,-41.17599446309255
2103,20.0,147.30431787244203,-41.229893380139714
2104,,146.57488586173702,-42.90345475445439
2105,21.0,146.7042432626502,-42.64923152904856
2106,21.0,145.1591409739646,-41.80481516197621
2107,21.0,147.67083050836283,-43.00406606627577
2108,21.0,146.90456757100884,-42.889980025192585
2109,,145.6172817688656,-41.749119614360794
2110,21.0,144.9462402516283,-41.51735427105797
2111,,145.34329560720914,-40.901109986151965
2112,20.0,147.7256277406941,-42.76780914655234
2113,21.0,146.9746361631702,-42.18390421187465
2114,21.0,146.98092437015902,-41.20024897576377
2115,21.0,145.64333291210505,-41.20923212860497
2116,21.0,146.7868882687892,-42.768707461836456
2117,21.0,145.28939669016194,-42.33571949489085
2118,,147.37079320346692,-41.859612394307504
2119,21.0,144.6569827301418,-40.98375499229097
2120,,147.86756155558498,-42.07880132363266
2121,,146.78778658407333,-42.031190613574324
2122,,147.88822280711975,-41.75720445191787
2123,4.0,147.3573184742051,-41.30175860286927
2124,,147.6322029511457,-41.43920084133957
2125,21.0,147.75617046035416,-42.70762202251633
2126,21.0,145.18788706305645,-41.81739157595388
2127,,145.27502364561605,-42.289007100116635
2128,21.0,144.92468068480946,-41.51555764048972
2129,21.0,144.8591036690687,-41.28379229718689
2130,21.0,144.83844241753394,-41.28648724303925
2131,20.0,148.20083652599334,-41.32780974610874
2132,22.0,144.67135577468775,-41.02597581064458
2133,,146.7770068006639,-43.18193249253143
2134,21.0,145.96852304495633,-41.21282538974144
2135,21.0,147.91157900450685,-41.929680986468824
2136,21.0,147.77773002717305,-42.107547412724486
2137,20.0,146.2613738275793,-41.28199566661864
2138,21.0,146.34671377957062,-43.04269362349291
2139,21.0,147.1318413378911,-42.25127785818361
2140,,144.94264699049182,-41.71857689470073
2141,,148.08585216962604,-41.69342406674539
2142,21.0,147.93403688660982,-42.13809013238455
2143,21.0,146.86773664435998,-43.28074717378459
2144,21.0,147.85408682632323,-42.29978688352607
2145,,147.642084419271,-41.429319373214256
2146,21.0,147.6465759956916,-41.423031166225414
2147,21.0,146.53446167395163,-42.742656318596985
2148,21.0,145.28400679845726,-42.28361720841191
2149,21.0,145.12231004731575,-41.47154019156787
2150,21.0,144.71357659304135,-41.07358652070292
2151,20.0,148.19903989542507,-41.32960637667698
2152,22.0,145.88138646239673,-41.26941925264097
2153,21.0,144.73872942099672,-41.30086028758515
2154,,144.93456215293475,-40.93704259751675
2155,21.0,147.76874687433184,-42.711215283652805
2156,21.0,145.2678371233431,-42.35368580057323
2157,21.0,146.36198513940064,-41.47243850685199
2158,21.0,146.8273124565746,-41.3439794212229
2159,21.0,145.27592196090018,-42.29260036125311
2160,21.0,144.77106877122498,-41.2891821888916
2161,21.0,144.7746620323615,-41.27121588320921
2162,21.0,144.75939067253142,-41.27840240548217
2163,21.0,144.75939067253142,-41.299961972301034
2164,21.0,145.28131185260492,-41.46345535401079
2165,21.0,146.89648273345176,-43.10108411696068
2166,21.0,146.79946468276688,-41.613474006458745
2167,,145.11332689447454,-41.52004921691032
2168,21.0,146.57758080758936,-42.88369181820376
2169,21.0,146.71771799191202,-42.981608184172785
2170,21.0,145.2507691329448,-42.29978688352607
2171,21.0,144.91749416253646,-41.51106606406913
2172,21.0,146.44373183025556,-41.45986209287432
2173,21.0,146.8955844181677,-43.102880747528914
2174,21.0,144.86269693020517,-41.29367376531221
2175,21.0,145.282210167889,-42.315956558640224
2176,21.0,145.26244723163836,-42.359075692277955
2177,21.0,145.70262172085694,-41.01609434251927
2178,22.0,146.60722521196533,-42.782182191098244
2179,21.0,147.85139188047083,-43.09120264883536
2180,21.0,145.15824265868054,-41.81110336896505
2181,,146.5757841770211,-42.6186888093885
2182,21.0,144.8546120926481,-41.03855222462225
2183,,144.79442496861213,-41.29097881945984
2184,21.0,147.9043924822339,-41.56765992696866
2185,21.0,144.8573070385005,-41.30175860286927
2186,21.0,146.57219091588462,-42.91872611428441
2187,21.0,147.12645144618637,-41.13736690587541
2188,,146.4140874258796,-42.11114067386097
2189,,146.9746361631702,-42.186599157727
2190,21.0,144.65788104542594,-40.97477183944977
2191,21.0,147.91068068922272,-41.9332742476053
2192,,146.6018353202606,-42.9223193754209
2193,21.0,145.3055663652761,-42.17042948261286
2194,21.0,144.79262833804387,-40.978365100586245
2195,21.0,145.2956848971508,-42.15695475335106
2196,21.0,145.2911933207302,-42.30338014466254
2197,21.0,145.3594652823233,-42.20276883284116
2198,,147.73640752410353,-41.955732129708295
2199,,146.33323905030886,-43.04089699292467
2200,21.0,144.86269693020517,-41.282893981902774
2201,,145.37294001158506,-40.881347049901336
2202,21.0,146.55602124077046,-42.90345475445439
2203,,145.24358261067187,-42.34200770187968
2204,,146.76263375611796,-42.782182191098244
2205,21.0,147.9142739503592,-43.171152709122
2206,21.0,145.30197310413962,-42.30607509051491
2207,21.0,144.77735697821385,-41.2891821888916
2208,21.0,144.93007057651414,-41.49489638895497
2209,21.0,144.86988345247812,-41.29367376531221
2210,20.0,147.64567768040746,-41.427522742646005
2211,,145.64153628153684,-41.45267557060136
2212,,147.12195986976576,-42.25217617346773
2213,,146.87222822078058,-42.7983518662124
2214,,147.2378425414172,-43.077727919573576
2215,21.0,144.78364518520266,-41.299961972301034
2216,21.0,147.65016925682806,-42.41926281631396
2217,21.0,145.3918046325516,-42.22881997608063
2218,21.0,147.4255904357982,-41.06819662899821
2219,21.0,145.12590330845222,-40.954110587915025
2220,21.0,146.93331366010068,-43.42178267339135
2221,,145.12680162373636,-41.52993068503564
2222,21.0,145.15644602811227,-41.50118459594381
2223,21.0,145.79963977154188,-41.446387363612516
2224,21.0,145.33071919323146,-42.1632429603399
2225,21.0,145.23909103425126,-42.370753790971506
2226,21.0,145.40348273124516,-40.98914488399568
2227,21.0,144.92557900009353,-41.06639999842996
2228,21.0,146.58117406872583,-42.63306185393441
2229,,145.1034454263492,-41.546100360149794
2230,,146.11225349041547,-42.218938507955315
2231,21.0,147.289046512612,-40.997229721552756
2232,21.0,146.57219091588462,-42.91513285314794
2233,,147.86486660973264,-42.30248182937842
2234,21.0,144.86898513719404,-41.27660577491393
2235,21.0,147.91068068922272,-41.260436099799776
2236,21.0,146.81832930373338,-41.43111600378249
2237,21.0,144.64081305502765,-40.999924667405125
2238,21.0,144.8528154620799,-41.28199566661864
2239,21.0,146.98541594657962,-41.185875931217865
2240,21.0,145.1294965695887,-41.49759133480734
2241,,145.6361463898321,-41.44279410247604
2242,21.0,145.25975228578602,-42.30338014466254
2243,21.0,147.60794843847447,-42.115632250281564
2244,21.0,145.10524205691746,-41.54520204486566
2245,21.0,147.7444923616606,-41.95752876027653
2246,21.0,144.79711991446447,-41.299063657016916
2247,,145.3055663652761,-41.7536111907814
2248,21.0,145.65680764136687,-41.30804680985811
2249,,147.8954093293927,-41.80840842311268
2250,22.0,146.58566564514643,-42.90255643917027
2251,21.0,146.3592901935483,-41.47513345270434
2252,21.0,145.25795565521776,-42.30427845994666
2253,21.0,144.80969632844216,-41.27301251377746
2254,21.0,145.64782448852566,-41.427522742646005
2255,21.0,147.00068730640965,-41.04214548575874
2256,,144.89234133458115,-41.27301251377746
2257,21.0,144.92647731537767,-41.50926943350089
2258,20.0,144.80700138258976,-41.016992657803385
2259,21.0,145.26244723163836,-42.32943128790201
2260,21.0,144.7701704559409,-41.27301251377746
2261,21.0,147.6789153459199,-41.43830252605544
2262,21.0,147.86756155558498,-42.60880734126319
2263,,146.06733772620947,-42.49292466961177
2264,,145.62626492170676,-41.454472201169594
2265,,146.3125777987741,-41.28199566661864
2266,21.0,145.27861690675252,-42.29978688352607
2267,21.0,146.99260246885257,-43.05077846104999
2268,21.0,146.62698814821596,-42.243193020626535
2269,,146.06104951922066,-42.705825391948096
2270,21.0,144.9507318280489,-40.85888916779835
2271,21.0,146.58656396043057,-42.93399747411445
2272,21.0,147.8873244918356,-41.54699867543391
2273,21.0,146.58117406872583,-42.931302528262094
2274,21.0,145.25795565521776,-42.36446558398268
2275,21.0,144.89683291100175,-41.530829000319756
2276,21.0,144.79711991446447,-41.2891821888916
2277,21.0,147.8271373677996,-41.67006786935828
2278,21.0,146.46259645122205,-42.25936269574069
2279,21.0,145.1905820089088,-41.81739157595388
2280,21.0,146.79497310634628,-42.769605777120574
2281,21.0,148.08136059320543,-41.17689277837667
2282,21.0,144.96151161145832,-41.50208291122793
2283,21.0,145.63973965096858,-41.4454890483284
2284,21.0,146.7770068006639,-43.174745970258485
2285,21.0,145.24178598010366,-42.34200770187968
2286,21.0,145.10973363333807,-41.80301853140797
2287,21.0,147.26838526107724,-42.12551371840688
2288,,144.84742557037515,-41.29726702644868
2289,21.0,145.25166744822894,-42.30248182937842
2290,,145.26873543862723,-42.340211071311444
2291,21.0,145.3612619128915,-41.9934613716413
2292,21.0,144.7953232838962,-41.28558892775513
2293,21.0,146.0592528886524,-42.51178929057828
2294,21.0,145.00463074509605,-41.04663706217933
2295,21.0,146.36647671582125,-42.24768459704714
2296,21.0,146.05745625808413,-41.44009915662369
2297,21.0,147.38426793272868,-41.18857087707022
2298,,145.10883531805393,-41.487709866682025
2299,21.0,144.91390090139998,-41.07089157485056
2300,21.0,145.25166744822894,-42.33032960318613
2301,,145.30915962641257,-42.31236329750374
2302,21.0,147.01416203567146,-42.18300589659053
2303,21.0,146.93870355180542,-43.474783275154394
2304,,146.6018353202606,-42.91782779900029
2305,21.0,147.85229019575496,-42.11114067386097
2306,21.0,145.2615489163543,-41.748221299076675
2307,,146.34940872542302,-43.044490254061145
2308,21.0,144.9489351974807,-41.5146593252056
2309,21.0,148.0849538543419,-41.17779109366079
2310,21.0,144.66327093713068,-40.98195836172273
2311,21.0,144.92917226123006,-41.6844409139042
2312,,147.5765074035303,-42.5037044530212
2313,21.0,144.64889789258473,-40.98914488399568
2314,,146.57219091588462,-42.89806486274966
2315,21.0,144.75759404196322,-41.30355523343752
2316,,147.69957659745467,-41.909918050218195
2317,21.0,144.7396277362808,-41.29636871116456
2318,21.0,148.15412413121913,-41.66827123879004
2319,21.0,147.87115481672146,-41.93057930175294
2320,21.0,146.17513556030383,-41.48681155139789
2321,21.0,147.7148479572847,-43.12533862963191
2322,21.0,145.27502364561605,-42.308770036367264
2323,21.0,144.90312111799057,-40.94961901149442
2324,21.0,146.9000759945883,-42.88728507934023
2325,21.0,145.793351564553,-41.49579470423909
2326,21.0,147.8639682944485,-41.92339277947998
2327,21.0,144.8186794812833,-41.29367376531221
2328,21.0,144.77735697821385,-41.29636871116456
2329,21.0,144.78005192406619,-41.27750409019805
2330,,146.7446674504356,-41.16162141854663
2331,21.0,145.3055663652761,-42.165937906192255
2332,21.0,147.8873244918356,-41.27750409019805
2333,21.0,146.79676973691454,-42.00783441618722
2334,21.0,148.11639488928608,-41.632338627425256
2335,21.0,145.2507691329448,-42.359075692277955
2336,21.0,144.9444436210601,-41.50926943350089
2337,21.0,144.91210427083178,-41.50926943350089
2338,21.0,145.29478658186667,-41.743729722656084
2339,21.0,148.1550224465032,-41.67006786935828
2340,23.0,146.5569195560546,-42.28451552369603
2341,21.0,144.84113736338634,-41.27301251377746
2342,21.0,144.84113736338634,-41.267622622072736
2343,21.0,144.8501205162275,-41.29547039588044
2344,21.0,146.4958341167345,-42.39321167307449
2345,,148.26641354173404,-41.364640672757645
2346,21.0,146.5335633586675,-42.47316173336114
2347,,147.6977799668864,-43.07233802786885
2348,21.0,145.1294965695887,-41.49579470423909
2349,21.0,146.14459284064372,-41.35565751991645
2350,,144.703695124916,-41.0726882054188
2351,21.0,144.91120595554764,-41.4913031278185
2352,21.0,146.94319512822602,-43.3687820716283
2353,,144.9336638376506,-41.686237544472434
2354,21.0,147.24413074840606,-43.077727919573576
2355,21.0,144.748610889122,-41.31074175571047
2356,21.0,147.7615603520589,-41.47064187628375
2357,,145.65590932608274,-41.422132850941296
2358,21.0,145.64512954267332,-41.37272551031472
2359,21.0,144.79262833804387,-41.287385558323365
2360,,145.28400679845726,-41.90632478908172
2361,21.0,147.50643881136892,-41.05382358445229
2362,21.0,144.75489909611088,-41.30355523343752
2363,21.0,145.80862292438303,-41.4454890483284
2364,21.0,147.3851662480128,-41.18857087707022
2365,21.0,145.2184297827165,-42.34380433244792
2366,21.0,145.56428116710254,-41.190367507638456
2367,21.0,145.21932809800063,-42.32224476562905
2368,21.0,147.53967647688137,-42.49561961546412
2369,21.0,145.2741253303319,-42.31236329750374
2370,21.0,146.94499175879423,-43.365188810491816
2371,,147.67352545421517,-43.00496438155989
2372,,145.13668309186164,-41.468845245715514
2373,21.0,146.82192256486985,-42.812724910758305
2374,21.0,146.57758080758936,-42.61150228711554
2375,21.0,144.8267643188404,-41.280199036050405
2376,21.0,145.2723286997637,-42.34380433244792
2377,21.0,144.92378236952533,-41.499387965375576
2378,21.0,146.58386901457817,-42.92770926712561
2379,21.0,145.54721317670425,-41.17329951724018
2380,21.0,147.78581486473013,-42.088682791757975
2381,21.0,145.27502364561605,-42.34560096301617
2382,21.0,144.90761269441117,-41.519150901626205
2383,,146.56949597003228,-42.90255643917027
2384,21.0,144.94713856691243,-41.49489638895497
2385,5.0,147.37797972573986,-41.34128447537054
2386,21.0,147.90978237393858,-43.1756442855426
2387,21.0,145.28760005959373,-41.9242910947641
2388,21.0,145.7888599881324,-41.410454752247745
2389,21.0,145.23819271896713,-42.33122791847025
2390,21.0,146.70603989321847,-42.65012984433268
2391,21.0,147.6762204000675,-42.41836450102984
2392,21.0,146.98811089243196,-41.953935499140044
2393,21.0,146.51559705298513,-42.192887364715844
2394,21.0,145.29298995129847,-42.3105666669355
2395,21.0,145.12051341674749,-41.812899999533286
2396,21.0,144.81418790486276,-41.00261961325748
2397,21.0,147.95829139928105,-41.762594343622595
2398,21.0,145.80233471739422,-41.4454890483284
2399,21.0,146.42217226343666,-42.141683393521035
2400,,144.82317105770392,-41.27750409019805
2401,,145.11781847089514,-41.504777857080285
2402,21.0,146.6359713010571,-42.2413963900583
2403,21.0,144.88425649702407,-41.50926943350089
2404,21.0,144.936358783503,-41.52094753219444
2405,,144.95432508918537,-41.70600048072306
2406,,146.50841053071218,-42.19109073414761
2407,,147.23963917198546,-43.08221949599417
2408,21.0,147.6699321930787,-41.15802815741016
2409,21.0,147.73281426296705,-42.69414729325453
2410,21.0,144.78813676162326,-41.29097881945984
2411,21.0,145.1294965695887,-41.5281340544674
2412,21.0,146.8318040329952,-41.11490902377241
2413,21.0,144.93905372935535,-41.53621889202448
2414,,145.1384797224299,-41.52004921691032
2415,22.0,146.5802757534417,-42.884590133487876
2416,,145.67028237062863,-42.73996137274463
2417,21.0,146.78419332293686,-42.77140240768881
2418,21.0,144.8635952454893,-41.27301251377746
2419,21.0,146.96655132561312,-43.30410337117169
2420,21.0,147.54326973801784,-42.501907822452964
2421,21.0,144.8995278568541,-41.49848965009146
2422,21.0,144.94085035992362,-40.935245966948514
2423,21.0,147.28814819732793,-40.99183982984805
2424,21.0,145.29209163601433,-41.4589637775902
2425,,144.9552234044695,-41.705102165438944
2426,21.0,145.25436239408128,-42.36177063813031
2427,21.0,146.60992015781767,-42.20546377869351
2428,21.0,147.74359404637647,-42.32224476562905
2429,21.0,144.77556034764558,-41.28109735133452
2430,21.0,146.98631426186375,-43.28973032662577
2431,21.0,148.11190331286548,-41.64940661782353
2432,21.0,144.73603447514432,-41.30445354872164
2433,21.0,145.981099458934,-42.75523273257467
2434,21.0,147.87295144728972,-42.607909025979055
2435,21.0,147.69688165160227,-41.47423513742022
2436,21.0,147.85588345689143,-41.92339277947998
2437,21.0,145.24268429538773,-42.31865150449258
2438,21.0,145.55350138369312,-41.02058591893987
2439,21.0,144.86000198435283,-41.274809144345696
2440,,145.38102484914214,-42.216243562102946
2441,21.0,145.11871678617928,-41.81110336896505
2442,20.0,145.69184193744752,-42.76062262427938
2443,21.0,144.89683291100175,-41.487709866682025
2444,21.0,148.10920836701314,-41.63772851912998
2445,21.0,145.1151235250428,-41.47513345270434
2446,21.0,144.95163014333303,-41.70330553487071
2447,21.0,144.72615300701904,-41.07178989013468
2448,21.0,147.8873244918356,-41.27121588320921
2449,21.0,148.0759707015007,-41.66108471651708
2450,21.0,145.2166331521483,-42.33032960318613
2451,21.0,145.21034494515942,-41.52903236975152
2452,21.0,144.90940932497938,-41.07089157485056
2453,21.0,144.9318672070824,-41.493099758386734
2454,21.0,144.9677998184472,-41.02058591893987
2455,,145.15105613640753,-41.77876401873674
2456,1.0,145.27502364561605,-42.31415992807197
2457,21.0,144.9489351974807,-41.031365702349305
2458,,147.84330704291375,-42.45968700409934
2459,21.0,144.86718850662578,-41.294572080596325
2460,,146.91714398498652,-41.24785968582211
2461,21.0,144.65877936071007,-40.97477183944977
2462,21.0,145.25436239408128,-42.36446558398268
2463,,144.82496768827218,-41.28199566661864
2464,21.0,145.12410667788396,-41.519150901626205
2465,21.0,147.13812954487992,-42.2647525874454
2466,21.0,147.72203447955764,-41.1508416351372
2467,21.0,145.2768202761843,-42.3105666669355
2468,21.0,144.7746620323615,-41.3026569181534
2469,21.0,144.89323964986528,-41.51735427105797
2470,21.0,144.77825529349798,-41.28828387360748
2471,21.0,146.14279621007552,-41.32062322383578
2472,21.0,144.8806632358876,-41.51735427105797
2473,21.0,144.75489909611088,-41.29636871116456
2474,21.0,144.93815541407122,-41.487709866682025
2475,21.0,146.73927755873086,-42.955557040933314
2476,,146.7958714216304,-42.77140240768881
2477,21.0,145.6639941636398,-41.43291263435073
2478,9.0,146.65393760673953,-41.27391082906158
2479,21.0,144.90132448742236,-41.50926943350089
2480,21.0,144.95702003503771,-41.70240721958659
2481,21.0,144.75579741139495,-41.30535186400576
2482,21.0,144.8869514428764,-41.500286280659694
2483,21.0,145.27143038447957,-42.36446558398268
2484,21.0,146.77071859367504,-41.26672430678862
2485,,145.3001764735714,-42.31505824335609
2486,13.0,145.0800892289621,-40.99094151456393
2487,,144.650694523153,-40.98734825342744
2488,21.0,144.8294592646928,-41.287385558323365
2489,,144.98396949356135,-41.0035179285416
2490,21.0,146.53176672809929,-42.474060048645256
2491,,147.69598333631814,-41.473336822136105
2492,21.0,144.76478056423616,-41.27840240548217
2493,21.0,145.21034494515942,-41.52723573918328
2494,21.0,145.7915549339848,-41.16790962553547
2495,21.0,145.2633455469225,-42.34919422415264
2496,21.0,145.66848574006042,-42.738164742176394
2497,,146.93061871424834,-42.76511420069998
2498,21.0,145.10075048049686,-41.801221900839735
2499,21.0,144.8851548123082,-41.51106606406913
2500,21.0,145.1528527669758,-41.805713477260326
2501,21.0,146.90546588629297,-42.889980025192585
2502,22.0,145.40707599238164,-42.01052936203958
2503,,147.55854109784786,-41.16970625610371
2504,22.0,145.17890391021524,-41.9242910947641
2505,,145.88408140824907,-41.224503488435005
2506,22.0,146.49224085559803,-42.58634945916019
2507,22.0,148.25024386661988,-41.42662442736189
2508,22.0,147.9789526508158,-40.93883922808499
2509,22.0,145.55529801426133,-40.93165270581204
2510,22.0,147.17765541738117,-42.40578808705217
2511,22.0,147.23155433442838,-41.13646859059129
2512,22.0,146.27395024155697,-42.126412033691
2513,22.0,146.38803628264014,-43.25828929168159
2514,22.0,147.26030042352022,-41.30984344042635
2515,,146.39073122849248,-42.139886762952784
2516,22.0,147.16418068811942,-41.10412924036298
2517,22.0,145.24807418709247,-41.74732298379256
2518,24.0,146.83270234827933,-43.52149566992861
2519,22.0,147.67352545421517,-41.062806737293485
2520,22.0,147.23694422613306,-41.13197701417069
2521,,147.93044362547334,-40.92356786825496
2522,21.0,147.68161029177224,-41.17240120195606
2523,,146.8506686539617,-43.508020940666825
2524,22.0,145.5660777976708,-40.93344933638028
2525,22.0,145.2633455469225,-41.736543200383124
2526,,146.26496708871576,-41.42662442736189
2527,6.0,146.85336359981403,-41.377217086735314
2528,22.0,145.22471798970537,-41.729356678110165
2529,22.0,146.90905914742945,-42.87381035007844
2530,21.0,145.56068790596606,-40.93614428223263
2531,22.0,146.371866607526,-43.269069075091025
2532,22.0,147.6232197983045,-42.448008905405786
2533,22.0,146.65124266088714,-41.39338676184947
2534,22.0,147.43367527335528,-41.20833381332085
2535,22.0,145.51936540289654,-41.23977484826503
2536,22.0,146.2847300249664,-42.21983682323943
2537,22.0,145.74304590864233,-41.896443320956394
2538,,146.82012593430164,-42.94477725752388
2539,22.0,146.84438044697288,-41.2110287591732
2540,22.0,145.9487601087057,-41.2981653417328
2541,22.0,145.81311450080364,-42.87201371951021
2542,,145.47534795397473,-41.00711118967807
2543,,145.53912833914717,-41.228995064855596
2544,22.0,147.61603327603154,-41.43740421077132
2545,22.0,147.22077455101896,-41.953935499140044
2546,22.0,146.64944603031893,-42.571078099330165
2547,22.0,146.6934634792408,-42.64923152904856
2548,22.0,146.12393158910902,-41.45986209287432
2549,22.0,147.23065601914425,-41.11490902377241
2550,,147.30341955715795,-43.50622431009859
2551,22.0,146.89917767930416,-42.889980025192585
2552,,147.07794242084395,-41.52094753219444
2553,22.0,147.53069332404016,-42.54772190194305
2554,22.0,145.5570946448296,-40.93255102109616
2555,22.0,145.7142998195505,-41.90901973493408
2556,22.0,147.22885938857598,-41.13377364473892
2557,22.0,147.78761149529834,-41.17240120195606
2558,22.0,146.83449897884753,-43.50442767953034
2559,22.0,147.62591474415683,-42.68157087927686
2560,22.0,147.28006335977085,-41.12389217661361
2561,,147.19382509249533,-41.922494464195864
2562,22.0,144.85551040793223,-40.850804330241274
2563,22.0,147.67532208478343,-41.06101010672525
2564,22.0,146.39342617434488,-43.2627808681022
2565,22.0,147.96278297570166,-40.91727966126612
2566,22.0,148.12627635741143,-41.685339229188315
2567,22.0,145.3846181102786,-41.98268158823187
2568,22.0,146.8407871858364,-41.64222009555057
2569,22.0,147.2701818916455,-41.12928206831833
2570,22.0,147.3249791239768,-42.501009507168845
2571,22.0,145.55439969897725,-40.927161129391436
2572,,147.82803568308373,-41.27121588320921
2573,22.0,146.82821077185872,-43.50352936424622
2574,22.0,146.3826463909354,-42.14078507823692
2575,22.0,147.25491053181548,-41.12299386132949
2576,22.0,145.80952123966716,-42.86842045837372
2577,22.0,147.68161029177224,-42.29619362238958
2578,22.0,145.88587803881734,-42.17941263545406
2579,,144.8573070385005,-40.85529590666188
2580,22.0,146.4293587857096,-41.55957508941158
2581,10.0,147.27108020692964,-41.141858482296
2582,23.0,145.80053808682595,-42.877403611214916
2583,22.0,146.1652540921785,-42.15964969920341
2584,,145.40348273124516,-41.98986811050483
2585,21.0,145.6972318291522,-41.16072310326251
2586,22.0,146.16884735331496,-43.25918760696571
2587,22.0,145.24178598010366,-41.74103477680373
2588,22.0,145.4654664858494,-41.00980613553044
2589,22.0,146.4554099289491,-42.60701071069494
2590,24.0,146.6530392914554,-42.72109675177812
2591,22.0,146.38803628264014,-43.26008592224983
2592,22.0,146.2613738275793,-41.454472201169594
2593,22.0,146.16705072274675,-42.1497682310781
2594,22.0,146.39881606604956,-43.27445896679575
2595,22.0,145.54990812255664,-40.93614428223263
2596,22.0,145.55799296011372,-40.928059444675554
2597,6.0,146.7509556574244,-41.34038616008641
2598,22.0,146.5569195560546,-42.47585667921349
2599,22.0,147.53428658517663,-41.38260697844004
2600,22.0,146.41768068701606,-43.288832011341654
2601,22.0,147.39055613971755,-43.23942467071508
2602,22.0,145.91552244319325,-41.30086028758515
2603,22.0,146.0736259331983,-41.40686149111126
2604,22.0,146.13560968780257,-41.42392948150953
2605,4.0,148.1020218447402,-41.082569673544114
2606,22.0,147.78311991887773,-42.09227605289446
2607,22.0,147.42199717466173,-41.32421648497227
2608,22.0,146.73388766702618,-41.29636871116456
2609,22.0,145.7187913959711,-41.244266424685634
2610,,147.91696889621159,-42.037478820563166
2611,,145.5355350780107,-40.915483030697885
2612,22.0,145.61548513829734,-41.90632478908172
2613,22.0,145.6172817688656,-41.90542647379759
2614,23.0,145.8661151025667,-42.87201371951021
2615,,147.07524747499156,-41.171502886671945
2616,,145.6693840553445,-41.430217688498374
2617,22.0,147.17585878681297,-41.14994331985308
2618,,145.72238465710757,-41.90183321266112
2619,,146.17783050615617,-42.154259807498704
2620,,147.76874687433184,-42.04915691925672
2621,9.0,147.24143580255367,-41.13916353644365
2622,22.0,145.89396287637442,-41.30984344042635
2623,22.0,146.50661390014392,-41.376318771451196
2624,22.0,144.84652725509102,-40.84631275382068
2625,22.0,146.75275228799268,-42.30966835165138
2626,22.0,147.67711871535164,-41.06190842200937
2627,22.0,146.8425838164046,-43.09210096411948
2628,22.0,146.39881606604956,-43.263679183386316
2629,22.0,145.26424386220663,-41.73205162396253
2630,22.0,146.8919911570312,-41.09245114166943
2631,22.0,146.17064398388322,-42.154259807498704
2632,,147.00158562169378,-41.94225740044649
2633,,147.58998213279204,-42.54143369495422
2634,22.0,146.26406877343163,-41.43560758020308
2635,,145.71519813483462,-41.024179180076345
2636,22.0,147.43637021920762,-41.260436099799776
2637,,146.55063134906578,-42.15785306863518
2638,22.0,146.8695332749282,-43.28254380435283
2639,,145.25975228578602,-41.72037352526897
2640,22.0,146.81832930373338,-42.94477725752388
2641,22.0,145.54092496971543,-40.934347651664396
2642,22.0,147.7256277406941,-42.07341143192795
2643,22.0,147.57920234938263,-41.14635005871661
2644,22.0,145.72687623352817,-41.90542647379759
2645,22.0,147.16597731868762,-41.13826522115953
2646,22.0,146.8551602303823,-43.50532599481447
2647,,145.58404410335316,-41.370030564462354
2648,22.0,146.08620234717597,-41.37901371730355
2649,22.0,146.64225950804598,-42.5728747298984
2650,22.0,145.9065392903521,-42.63755343035501
2651,22.0,145.28400679845726,-41.71588194884838
2652,22.0,146.78149837708452,-41.646711671971175
2653,22.0,148.12358141155903,-41.69162743617714
2654,22.0,145.7277745488123,-41.90452815851347
2655,,145.39000800198335,-41.98537653408424
2656,22.0,146.2020850188274,-41.41404801338422
2657,22.0,146.38893459792428,-43.263679183386316
2658,22.0,148.07956396263722,-41.18497761593375
2659,22.0,145.5382300238631,-40.93794091280087
2660,22.0,146.80305794390335,-42.986998075877494
2661,21.0,145.66309584835568,-41.429319373214256
2662,22.0,147.99063074950936,-40.94333080450559
2663,22.0,148.07776733206896,-41.19485908405906
2664,22.0,146.8362956094158,-41.43291263435073
2665,22.0,147.55584615199552,-41.178689408944905
2666,22.0,147.87384976257385,-42.04017376641552
2667,,147.26299536937256,-41.10412924036298
2668,22.0,146.0808124554713,-41.48142165969318
2669,22.0,145.98559103535462,-43.00765932741224
2670,,147.09590872652632,-42.12910697954335
2671,22.0,147.3618100506257,-41.44009915662369
2672,,147.5100320725054,-41.069993259566445
2673,21.0,146.83000740242693,-41.640423464982334
2674,22.0,145.75831726847235,-41.17060457138783
2675,22.0,145.51577214176007,-41.25774115394742
2676,22.0,145.19417527004532,-42.216243562102946
2677,22.0,147.5657276201208,-41.141858482296
2678,22.0,145.1591409739646,-41.921596148911746
2679,22.0,147.62052485245215,-42.67528267228802
2680,22.0,146.8614484373711,-43.50622431009859
2681,22.0,146.95936480334018,-43.09659254054009
2682,,145.6810621540381,-41.36104741162117
2683,22.0,146.4275621551414,-43.288832011341654
2684,22.0,147.41391233710465,-41.19575739934318
2685,22.0,146.84527876225695,-41.64850830253941
2686,22.0,144.8546120926481,-40.85260096080951
2687,22.0,147.7426957310924,-42.324939711481406
2688,22.0,147.41481065238872,-41.198452345195534
2689,22.0,146.30179801536468,-42.23331155250122
2690,22.0,145.62356997585442,-41.43291263435073
2691,22.0,146.34581546428655,-42.04197039698376
2692,22.0,146.45361329838084,-42.6052140801267
2693,22.0,146.17154229916736,-43.237628040146845
2694,22.0,145.52475529460128,-41.05472189973641
2695,22.0,146.8273124565746,-43.508020940666825
2696,22.0,145.26604049277483,-41.74103477680373
2697,,146.1832203978609,-43.24571287770392
2698,22.0,146.07093098734595,-42.13359855596396
2699,22.0,147.25041895539488,-41.106824186215334
2700,,146.5874622757147,-42.884590133487876
2701,22.0,147.64298273455512,-40.94782238092618
2702,22.0,147.63669452756625,-41.23169001070795
2703,22.0,147.1677739492559,-41.16251973383075
2704,22.0,145.25436239408128,-41.71498363356426
2705,,146.4230705787208,-41.646711671971175
2706,,146.161660831042,-42.158751383919295
2707,22.0,146.38803628264014,-43.29422190304638
2708,22.0,145.99008261177516,-41.274809144345696
2709,22.0,145.5615862212502,-40.93794091280087
2710,22.0,146.17333892973556,-43.25110276940863
2711,22.0,147.76515361319537,-41.121197230761254
2712,22.0,146.92253387669126,-41.043043801042856
2713,22.0,147.57560908824615,-41.167011310251354
2714,,145.23729440368305,-41.72037352526897
2715,22.0,145.8975561375109,-42.633960169218525
2716,22.0,147.75347551450182,-41.46974356099963
2717,22.0,145.3657534893121,-41.974596750674806
2718,22.0,147.72383111012584,-41.99076642578895
2719,22.0,146.7680236478227,-42.80913164962183
2720,22.0,146.43474867741435,-43.319374731001716
2721,22.0,145.53014518630602,-40.922669552970845
2722,22.0,145.3828214797104,-41.98357990351599
2723,22.0,146.8928894723153,-41.08795956524884
2724,22.0,146.42846047042553,-41.4454890483284
2725,22.0,147.1812486785177,-42.404889771768055
2726,22.0,147.3663016270463,-41.44009915662369
2727,22.0,145.5355350780107,-40.916381345982
2728,22.0,147.27197852221377,-41.120298915477136
2729,,146.5236818905422,-42.460585319383455
2730,22.0,147.3995392925587,-43.23672972486273
2731,22.0,147.59627033978092,-42.417466185745724
2732,22.0,145.4717546928382,-41.004416243825716
2733,22.0,144.83305252582926,-40.98914488399568
2734,22.0,146.84438044697288,-41.19485908405906
2735,14.0,146.920737246123,-43.366087125775934
2736,22.0,146.64495445389832,-42.57826462160311
2737,,146.063744465073,-41.42842105793012
2738,22.0,146.8919911570312,-41.09065451110119
2739,7.0,146.70334494736608,-42.2413963900583
2740,22.0,146.99260246885257,-41.856917448455135
2741,22.0,145.6145868230132,-41.222706857866754
2742,22.0,145.96133652268338,-42.99957448985518
2743,22.0,146.44103688440322,-43.32566293799056
2744,22.0,145.73585938636938,-41.41853958980481
2745,22.0,145.28580342902546,-40.9711785783133
2746,22.0,146.40690090360664,-43.27805222793222
2747,,147.18214699380178,-41.11670565434065
2748,13.0,147.50464218080072,-41.4131496981001
2749,22.0,145.53463676272662,-40.920872922402594
2750,22.0,146.7590404949815,-41.588321178503406
2751,22.0,147.1767571020971,-41.10233260979474
2752,22.0,147.58369392580323,-41.20204560633201
2753,22.0,145.37473664215332,-41.98537653408424
2754,22.0,146.97104290203373,-43.27356065151163
2755,22.0,146.26856034985224,-42.122818772554524
2756,22.0,147.72832268654645,-42.07071648607558
2757,20.0,147.64028778870278,-40.93883922808499
2758,,146.18501702842912,-42.15605643806694
2759,,145.6082986160244,-41.90362984322935
2760,,146.8425838164046,-41.36284404218941
2761,22.0,146.3853413367878,-43.271764020943394
2762,22.0,144.84652725509102,-40.850804330241274
2763,22.0,145.27053206919544,-41.728458362826046
2764,22.0,146.84977033867756,-43.42986751094843
2765,22.0,144.83215421054513,-40.843617807968315
2766,,145.39449957840395,-41.98268158823187
2767,22.0,145.61997671471795,-41.075383151271154
2768,22.0,144.67225408997183,-41.0035179285416
2769,22.0,147.66454230137396,-41.228995064855596
2770,22.0,147.36809825761452,-41.44099747190781
2771,22.0,147.21987623573483,-41.12928206831833
2772,,146.86234675265524,-42.762419254847615
2773,22.0,146.75993881026562,-41.596406016060484
2774,22.0,145.21483652158003,-40.94961901149442
2775,,146.8506686539617,-41.77067918117967
2776,22.0,147.18663857022239,-42.705825391948096
2777,22.0,146.7698202783909,-41.59191443963988
2778,,146.64495445389832,-41.38260697844004
2779,22.0,147.84690030405022,-42.16683622147637
2780,22.0,147.57201582710968,-41.144553428148356
2781,22.0,147.27736841391845,-41.125688807181845
2782,22.0,146.38444302150367,-42.908844646159096
2783,22.0,145.7565206379041,-41.15353658098955
2784,22.0,146.77071859367504,-41.592812754924
2785,22.0,145.5310435015901,-40.92626281410732
2786,22.0,146.16615240746262,-42.14886991579398
2787,,145.29658321243494,-40.95051732677854
2788,22.0,146.4293587857096,-43.30859494759228
2789,22.0,145.95953989211512,-42.42734765387104
2790,22.0,147.30252124187382,-42.46507689580406
2791,22.0,147.16597731868762,-41.140061851727765
2792,22.0,145.61099356187674,-41.90542647379759
2793,22.0,145.6972318291522,-41.31523333213107
2794,22.0,145.6828587846063,-41.274809144345696
2795,22.0,146.1571692546214,-43.23942467071508
2796,,146.47966444162034,-41.45087894003312
2797,22.0,146.9063642015771,-42.871115404226074
2798,22.0,146.19579681183853,-41.75001792964491
2799,22.0,146.45900319008558,-42.26744753329777
2800,22.0,147.43277695807114,-41.22540180371912
2801,22.0,147.58638887165557,-41.19935066047965
2802,,145.25705733993368,-42.076106377780306
2803,22.0,146.4293587857096,-43.29152695719402
2804,22.0,147.2594021082361,-41.106824186215334
2805,22.0,146.82641414129046,-43.12713526020015
2806,22.0,146.82012593430164,-43.50442767953034
2807,22.0,144.84742557037515,-40.85439759137776
2808,22.0,146.67729380412663,-41.640423464982334
2809,,145.2399893495354,-41.7446280379402
2810,4.0,147.75347551450182,-41.128383753034214
2811,,146.26496708871576,-41.454472201169594
2812,22.0,146.9000759945883,-42.88908170990847
2813,22.0,146.4374436232667,-43.3229679921382
2814,22.0,145.29658321243494,-40.9487206962103
2815,,146.82461751072225,-43.217865103896216
2816,22.0,145.24987081766068,-41.7401364615196
2817,,145.96672641438806,-43.00945595798049
2818,22.0,145.74035096279,-41.91261299607055
2819,22.0,147.965477921554,-41.73294993924665
2820,22.0,145.7277745488123,-41.20024897576377
2821,22.0,146.3952228049131,-41.530829000319756
2822,22.0,147.1695705798241,-42.80194512734887
2823,22.0,146.15177936291673,-43.25918760696571
2824,22.0,147.26030042352022,-41.121197230761254
2825,22.0,146.17333892973556,-42.165937906192255
2826,,147.98613917308876,-40.94602575035795
2827,22.0,145.77718188943885,-41.24246979411738
2828,22.0,146.58386901457817,-42.64294332205972
2829,22.0,147.52979500875603,-41.37542045616708
2830,22.0,144.83754410224986,-40.845414438536565
2831,22.0,145.73855433222172,-41.90003658209288
2832,22.0,146.08799897774423,-41.38799687014475
2833,22.0,146.92253387669126,-42.91513285314794
2834,22.0,144.95612171975364,-40.981060046438614
2835,22.0,145.0279869424832,-40.934347651664396
2836,22.0,145.72058802653936,-41.191265822922574
2837,22.0,146.73748092816265,-41.627847051004665
2838,22.0,145.7681987365977,-41.337691214234056
2839,22.0,147.0339249719221,-41.84703598032982
2840,22.0,147.21628297459836,-41.953037183855926
2841,22.0,145.28939669016194,-40.9711785783133
2842,22.0,147.23694422613306,-41.13557027530716
2843,22.0,147.78401823416186,-42.01771588431254
2844,22.0,146.17064398388322,-42.15695475335106
2845,22.0,145.7322661252329,-41.90003658209288
2846,22.0,146.063744465073,-41.430217688498374
2847,22.0,145.77808020472298,-41.23887653298091
2848,22.0,146.19220355070206,-43.237628040146845
2849,23.0,145.75472400733588,-41.95124055328769
2850,,146.82821077185872,-41.639525149698216
2851,,145.4466018648829,-41.10233260979474
2852,22.0,145.5445182308519,-41.972800120106555
2853,22.0,145.72597791824404,-41.90542647379759
2854,22.0,147.49655734324364,-41.54520204486566
2855,22.0,144.82406937298805,-41.06011179144113
2856,22.0,146.17962713672443,-42.165937906192255
2857,22.0,146.7635320714021,-41.62425378986819
2858,22.0,146.85605854566643,-43.50981757123506
2859,22.0,146.92253387669126,-43.36159554935534
2860,22.0,147.4300820122188,-41.36104741162117
2861,,147.71574627256877,-41.8919517445358
2862,,147.51811691006247,-41.35925078105292
2863,22.0,147.6250164288727,-41.43381094963485
2864,22.0,146.41678237173198,-43.28164548906871
2865,,146.9018726251565,-43.456816969472015
2866,22.0,145.26065060107015,-41.73384825453077
2867,22.0,146.40959584945898,-43.48286811271147
2868,22.0,146.82102424958578,-41.40057328412243
2869,22.0,147.88822280711975,-42.03478387471081
2870,22.0,145.282210167889,-41.71318700299602
2871,22.0,146.15896588518967,-43.23852635543096
2872,22.0,146.8551602303823,-41.287385558323365
2873,22.0,145.2696337539113,-41.73205162396253
2874,22.0,145.54721317670425,-40.93165270581204
2875,22.0,146.2676620345681,-42.12910697954335
2876,22.0,145.61189187716087,-41.90452815851347
2877,22.0,145.57865421164843,-41.5371172073086
2878,22.0,146.38354470621954,-43.25469603054512
2879,22.0,146.42846047042553,-43.30410337117169
2880,22.0,146.43295204684614,-43.310391578160534
2881,22.0,146.83719392469987,-43.515207462939784
2882,,148.15681907707148,-41.67006786935828
2883,22.0,146.0592528886524,-41.422132850941296
2884,,146.38803628264014,-43.27445896679575
2885,,144.66776251355128,-41.024179180076345
2886,22.0,146.97822942430668,-41.1966557146273
2887,22.0,145.1672258115217,-41.92069783362763
2888,22.0,146.42486720928906,-43.29691684889873
2889,22.0,145.27951522203665,-41.711390372427786
2890,22.0,147.85408682632323,-43.12084705321131
2891,22.0,145.63255312869563,-41.210130443889085
2892,22.0,144.82766263412452,-40.98734825342744
2893,22.0,146.5569195560546,-41.30894512514223
2894,8.0,145.98469272007048,-41.40236991469067
2895,22.0,145.98379440478635,-42.40758471762041
2896,22.0,146.72939609060558,-41.68174596805183
2897,22.0,147.23065601914425,-41.12209554604537
2898,22.0,147.3510302672163,-41.31792827798343
2899,22.0,147.94571498530337,-40.91458471541377
2900,22.0,147.2378425414172,-41.132875329454805
2901,22.0,147.1489093282894,-41.91620625720704
2902,,146.47157960406327,-41.54789699071803
2903,22.0,146.38983291320835,-43.26547581395455
2904,22.0,146.2937131778076,-41.712288687711904
2905,22.0,145.88677635410147,-42.180310950738175
2906,22.0,146.40779921889077,-43.26996739037514
2907,22.0,147.6250164288727,-41.44009915662369
2908,23.0,146.87043159021232,-41.77606907288438
2909,22.0,145.99187924234343,-41.27301251377746
2910,22.0,145.38551642556274,-41.9934613716413
2911,,146.37725649923073,-43.28434043492106
2912,10.0,147.19202846192712,-41.185875931217865
2913,21.0,145.58314578806903,-41.53532057674035
2914,22.0,146.16794903803088,-42.15066654636223
2915,22.0,145.68196046932218,-41.48860818196614
2916,22.0,146.657530867876,-42.722893382346356
2917,11.0,145.3055663652761,-40.82924476342241
2918,,148.0831572237737,-41.19575739934318
2919,22.0,145.62446829113856,-41.43111600378249
2920,22.0,147.4444550567647,-41.210130443889085
2921,22.0,144.8078996978739,-40.857092537230116
2922,22.0,147.27377515278198,-41.120298915477136
2923,22.0,146.91714398498652,-41.29008050417572
2924,22.0,147.7426957310924,-41.376318771451196
2925,22.0,146.95217828106718,-43.05437172218646
2926,22.0,147.251317270679,-41.11131576263594
2927,22.0,146.37366323809425,-43.25828929168159
2928,22.0,145.61638345358148,-41.43381094963485
2929,22.0,145.6172817688656,-41.17599446309255
2930,22.0,146.9162456697024,-43.34722250480942
2931,22.0,148.12178478099082,-41.68354259862008
2932,22.0,146.81832930373338,-41.633236942709374
2933,22.0,146.78329500765273,-43.15677966457609
2934,22.0,146.77610848537978,-42.94028568110329
2935,22.0,147.56303267426847,-41.352962574064094
2936,22.0,146.4679863429268,-42.487534777907044
2937,22.0,146.43564699269848,-41.492201443102616
2938,22.0,145.59482388676258,-41.473336822136105
2939,,146.9162456697024,-41.8227814676586
2940,22.0,145.2354977731148,-41.72576341697369
2941,22.0,146.78419332293686,-43.154983034007856
2942,,145.68016383875397,-41.48142165969318
2943,,146.15447430876907,-41.31253838627872
2944,,147.6977799668864,-41.13557027530716
2945,22.0,147.41930222880933,-41.27750409019805
2946,22.0,147.64747431097572,-41.4365058954872
2947,22.0,146.17333892973556,-43.23403477901037
2948,22.0,146.99439909942083,-41.851527556750426
2949,22.0,146.54883471849752,-42.743554633881104
2950,22.0,145.0935639582239,-41.094247772237665
2951,,146.46259645122205,-41.65749145538061
2952,,145.45378838715584,-41.10233260979474
2953,22.0,147.3618100506257,-41.441895787191925
2954,22.0,145.40348273124516,-42.00873273147134
2955,22.0,146.8973810487359,-42.88638676405611
2956,22.0,147.35821678948923,-41.441895787191925
2957,,145.2588539705019,-41.73205162396253
2958,,146.68897190282019,-42.65192647490092
2959,22.0,146.8596518068029,-43.50622431009859
2960,22.0,145.73675770165346,-41.915307941922904
2961,22.0,145.61997671471795,-41.90003658209288
2962,23.0,145.61997671471795,-41.447285678896634
2963,22.0,146.8569568609505,-43.50532599481447
2964,22.0,147.63938947341865,-41.0403488551905
2965,,147.236045910849,-41.11131576263594
2966,22.0,144.92468068480946,-41.50298122651205
2967,22.0,144.93007057651414,-41.526337423899164
2968,22.0,147.38875950914928,-41.1508416351372
2969,22.0,145.73136780994878,-41.900934897377
2970,,144.78634013105506,-40.98914488399568
2971,22.0,146.15806756990554,-43.2403229859992
2972,22.0,146.51559705298513,-41.383505293724156
2973,,146.92163556140713,-41.81469663010152
2974,22.0,144.95252845861717,-40.98016173115448
2975,23.0,147.1785537326653,-41.09963766394239
2976,22.0,145.36485517402798,-41.97729169652716
2977,22.0,147.4893708209707,-42.961845247922156
2978,22.0,146.8291090871428,-43.21606847332798
2979,22.0,147.39864097727462,-41.2981653417328
2980,,145.23909103425126,-41.7446280379402
2981,22.0,144.8447306245228,-40.84810938438892
2982,22.0,147.68789849876111,-42.43183923029163
2983,,147.01775529680793,-41.391590131281234
2984,,146.58566564514643,-42.56928146876193
2985,22.0,147.7337125782512,-42.076106377780306
2986,22.0,146.161660831042,-41.30445354872164
2987,22.0,146.07991414018716,-41.48142165969318
2988,,145.3927029478357,-41.96561359783361
2989,22.0,146.95397491163544,-43.05347340690234
2990,22.0,146.82371919543812,-43.50532599481447
2991,,145.5660777976708,-40.93165270581204
2992,22.0,146.41139248002725,-41.44279410247604
2993,,147.16507900340355,-41.18497761593375
2994,22.0,146.77071859367504,-42.942980626955645
2995,,146.4140874258796,-43.28523875020518
2996,22.0,147.53069332404016,-41.38530192429239
2997,21.0,147.58459224108736,-42.83248784700895
2998,,146.8407871858364,-41.25414789281095
2999,,146.8273124565746,-43.22056004974857
3000,22.0,146.8084478356081,-42.942980626955645
3001,22.0,147.2656903152249,-41.125688807181845
3002,,145.89216624580615,-42.178514320169924
3003,22.0,146.03050679956056,-41.318826593267545
3004,22.0,145.81131787023543,-42.86931877365784
3005,22.0,144.66866082883536,-41.00082298268924
3006,22.0,147.16597731868762,-41.18677424650198
3007,22.0,146.43474867741435,-43.31398483929701
3008,22.0,147.1722655256765,-41.10772250149947
3009,,147.99063074950936,-40.94422911978971
3010,22.0,146.9189406155548,-43.3642904952077
3011,,145.81401281608777,-42.86931877365784
3012,22.0,147.7804249730254,-42.100360890451526
3013,22.0,146.387137967356,-43.263679183386316
3014,22.0,146.72849777532144,-42.79116534393944
3015,22.0,146.83000740242693,-43.50981757123506
3016,22.0,145.7610122143247,-41.128383753034214
3017,22.0,146.03230343012882,-41.30804680985811
3018,22.0,146.39342617434488,-43.26996739037514
3019,22.0,145.25166744822894,-41.73294993924665
3020,22.0,147.56303267426847,-41.14096016701188
3021,19.0,145.38551642556274,-41.994359686925435
3022,22.0,146.83449897884753,-42.892674971044954
3023,22.0,146.93511029066894,-41.38620023957651
3024,,147.16867226454002,-42.231514921932984
3025,,145.25526070936542,-41.164316364398985
3026,,144.92917226123006,-40.86877063592367
3027,22.0,147.72383111012584,-41.96202033669712
3028,22.0,146.44373183025556,-43.307696632308165
3029,22.0,145.76909705188177,-41.33589458366582
3030,,147.5917787633603,-41.13107869888657
3031,,147.02045024266027,-41.39787833827006
3032,22.0,147.78132328830952,-42.095869314030935
3033,22.0,144.88784975816054,-41.48681155139789
3034,22.0,147.66813556251043,-41.228995064855596
3035,22.0,148.1208864657067,-41.08616293468059
3036,22.0,146.36468008525304,-41.47064187628375
3037,22.0,146.1787288214403,-42.165937906192255
3038,,147.78581486473013,-41.17779109366079
3039,22.0,146.51110547656452,-41.37811540201943
3040,22.0,144.91749416253646,-41.07897641240764
3041,22.0,146.46708802764266,-42.48483983205469
3042,22.0,147.50913375722132,-41.344877736507016
3043,22.0,146.17244061445143,-42.15964969920341
3044,22.0,146.91714398498652,-41.76079771305436
3045,22.0,146.4419351996873,-43.32566293799056
3046,22.0,147.52171017119895,-42.839674369281894
3047,22.0,145.23100619669418,-41.728458362826046
3048,22.0,145.91462412790918,-42.64294332205972
3049,22.0,145.26424386220663,-41.735644885099006
3050,22.0,148.08405553905777,-41.18497761593375
3051,22.0,146.75814217969736,-42.94028568110329
3052,22.0,146.83899055526814,-42.800148496780636
3053,22.0,147.26299536937256,-41.1050275556471
3054,22.0,144.87257839833052,-41.09514608752178
3055,,145.2615489163543,-41.72756004754193
3056,,147.57021919654142,-41.15533321155779
3057,22.0,145.37743158800566,-41.979986642379515
3058,22.0,145.1717173879423,-41.92069783362763
3059,22.0,147.18214699380178,-41.1185022849089
3060,22.0,147.77862834245718,-41.883866906978724
3061,22.0,145.39449957840395,-41.972800120106555
3062,1.0,147.4534382096059,-41.39698002298594
3063,22.0,148.12447972684316,-41.68803417504067
3064,22.0,147.98434254252055,-40.95680553376738
3065,22.0,147.22706275800778,-41.12299386132949
3066,22.0,145.5400266544313,-40.91727966126612
3067,22.0,146.40510427303843,-43.283442119636945
3068,22.0,144.84113736338634,-41.067298313714076
3069,22.0,147.01955192737614,-41.4041665452589
3070,22.0,147.87474807785793,-42.06083501795027
3071,22.0,145.39899115482456,-41.99795294806191
3072,22.0,145.7187913959711,-41.1876725617861
3073,22.0,145.37563495743746,-41.991664741073066
3074,,146.35839187826417,-43.26547581395455
3075,22.0,147.13453628374344,-41.185875931217865
3076,23.0,145.91731907376152,-42.642045006775604
3077,22.0,147.18663857022239,-42.704927076663964
3078,22.0,147.44625168733296,-41.20653718275261
3079,22.0,146.76263375611796,-41.592812754924
3080,,146.91444903913418,-41.8227814676586
3081,22.0,147.87474807785793,-42.05095354982495
3082,22.0,145.96492978381985,-43.000472805139296
3083,22.0,146.432053731562,-43.31308652401289
3084,,146.838092239984,-41.64132178026645
3085,,147.4067258148317,-41.307148494573994
3086,22.0,147.22167286630304,-41.132875329454805
3087,22.0,146.89648273345176,-43.455020338903765
3088,,145.95235336984217,-41.31253838627872
3089,22.0,145.55260306840898,-40.92446618353908
3090,22.0,145.38012653385806,-41.991664741073066
3091,22.0,146.68897190282019,-42.64743489848033
3092,22.0,147.16328237283528,-41.159824787978394
3093,22.0,146.8362956094158,-43.49903778782563
3094,22.0,147.5639309895526,-41.523642478046796
3095,,147.44086179562822,-41.21911359673028
3096,22.0,145.97121799080867,-43.01933742610581
3097,,147.9681728674064,-41.61886389816347
3098,22.0,146.5892589062829,-42.57377304518252
3099,22.0,145.66129921778747,-41.5146593252056
3100,22.0,146.93151702953247,-42.84955583740721
3101,,145.46007659414465,-41.00800950496219
3102,22.0,146.37276492281012,-43.26817075980691
3103,,147.25850379295196,-41.30894512514223
3104,22.0,147.43367527335528,-41.22360517315087
3105,22.0,146.85156696924582,-41.65030493310765
3106,,145.89845445279502,-42.628570277513816
3107,,145.20046347703413,-42.24678628176301
3108,22.0,147.22975770386012,-41.12209554604537
3109,,147.45972641659472,-41.396081707701825
3110,22.0,147.22885938857598,-41.13467196002304
3111,22.0,145.90474265978384,-42.633960169218525
3112,22.0,144.66686419826715,-41.00980613553044
3113,22.0,145.24178598010366,-41.731153308678415
3114,23.0,146.05296468166358,-41.36733561861
3115,22.0,145.37563495743746,-41.96920685897008
3116,22.0,145.40707599238164,-42.00064789391426
3117,,147.31599597113558,-41.23079169542383
3118,22.0,144.79622159918034,-40.98285667700685
3119,22.0,147.87025650143732,-42.06083501795027
3120,22.0,146.8318040329952,-42.801046812064754
3121,,147.7211361642735,-41.98807147993659
3122,,147.59627033978092,-41.42482779679365
3123,22.0,146.74826071157207,-41.30175860286927
3124,,144.67135577468775,-41.00172129797336
3125,22.0,144.66686419826715,-41.00172129797336
3126,22.0,145.38371979499453,-41.98986811050483
3127,22.0,146.90097430987237,-42.86931877365784
3128,22.0,147.9870374883729,-40.93794091280087
3129,3.0,147.86666324030085,-41.914409626638786
3130,22.0,145.8211993383607,-42.87920024178315
3131,7.0,145.24358261067187,-41.90722310436584
3132,14.0,147.43816684977588,-41.2110287591732
3133,22.0,145.9164207584774,-42.641146691491485
3134,,146.84797370810935,-41.64940661782353
3135,22.0,147.1785537326653,-41.114010708488294
3136,22.0,146.56230944775933,-42.801046812064754
3137,22.0,146.76622701725444,-42.808233334337714
3138,,145.26244723163836,-41.717678579416614
3139,22.0,145.73585938636938,-41.95034223800357
3140,22.0,146.39073122849248,-42.908844646159096
3141,22.0,146.2847300249664,-41.441895787191925
3142,22.0,146.77341353952744,-42.02669903715373
3143,22.0,145.61997671471795,-41.4041665452589
3144,,147.97356275911108,-41.731153308678415
3145,22.0,147.22885938857598,-41.13646859059129
3146,22.0,147.2656903152249,-41.113112393204176
3147,22.0,145.55170475312485,-40.92446618353908
3148,22.0,147.25221558596314,-41.12209554604537
3149,,147.94571498530337,-40.91368640012965
3150,22.0,147.7355092088194,-42.07520806249619
3151,22.0,148.04093640542004,-41.3808103478718
3152,22.0,146.244305837181,-41.45267557060136
3153,3.0,147.6744237694993,-41.228995064855596
3154,22.0,146.48235938747268,-41.31253838627872
3155,,147.96278297570166,-41.736543200383124
3156,22.0,147.73461089353532,-42.07790300834854
3157,22.0,146.94499175879423,-43.35710397293474
3158,22.0,146.965653010329,-41.18138435479726
3159,22.0,146.6763954888425,-41.32511480025639
3160,22.0,146.06733772620947,-42.13809013238455
3161,22.0,145.27053206919544,-41.73384825453077
3162,21.0,145.75023243091528,-41.23977484826503
3163,22.0,145.55439969897725,-41.028670756496936
3164,22.0,147.27377515278198,-41.121197230761254
3165,22.0,146.7680236478227,-41.620660528731705
3166,21.0,144.85191714679576,-41.03855222462225
3167,22.0,146.68178538054724,-41.32511480025639
3168,22.0,146.84168550112048,-42.889980025192585
3169,22.0,147.67981366120404,-41.087061249964705
3170,22.0,145.6100952465926,-41.41404801338422
3171,22.0,147.26838526107724,-41.11760396962478
3172,,147.61693159131562,-41.13197701417069
3173,22.0,147.747187307513,-41.10233260979474
3174,22.0,147.07973905141216,-41.23887653298091
3175,22.0,146.36557840053717,-41.47513345270434
3176,22.0,145.71699476540283,-41.04753537746345
3177,22.0,145.91103086677265,-42.62407870109321
3178,,144.92018910838885,-40.85260096080951
3179,22.0,147.6016602314856,-42.416567870461606
3180,22.0,145.53912833914717,-41.979986642379515
3181,22.0,146.0682360414936,-42.14258170880515
3182,22.0,146.43295204684614,-41.4913031278185
3183,,147.00068730640965,-41.93956245459414
3184,22.0,145.74124927807406,-41.90183321266112
3185,22.0,145.68465541517457,-41.07358652070292
3186,22.0,145.40707599238164,-42.00873273147134
3187,17.0,146.3574935629801,-41.48321829026142
3188,22.0,145.8993527680791,-42.633960169218525
3189,,145.92001401961386,-41.27121588320921
3190,22.0,145.46007659414465,-41.01429771195103
3191,19.0,146.79946468276688,-43.15857629514433
3192,22.0,145.96133652268338,-41.321521539119914
3193,22.0,147.1677739492559,-41.16162141854663
3194,22.0,145.47714458454294,-40.958602164335616
3195,22.0,147.76066203677476,-42.04736028868848
3196,22.0,147.7615603520589,-41.267622622072736
3197,22.0,145.2849051137414,-41.70869542657542
3198,,147.87115481672146,-42.05814007209791
3199,,146.920737246123,-42.911539592011465
3200,22.0,146.90277094044063,-43.45232539305141
3201,5.0,147.69418670574993,-41.29636871116456
3202,,147.77413676603658,-41.89374837510404
3203,22.0,146.84977033867756,-41.197554029911416
3204,,147.5729141423938,-42.545026956090695
3205,,145.52026371818067,-41.255944523379185
3206,,146.24520415246513,-41.447285678896634
3207,22.0,146.65573423730774,-42.72199506706224
3208,22.0,146.89468610288355,-41.088857880532956
3209,22.0,146.68178538054724,-41.32691143082462
3210,22.0,147.00338225226199,-41.941359085162375
3211,22.0,147.6151349607474,-40.958602164335616
3212,22.0,146.0700326720618,-42.13809013238455
3213,22.0,144.95342677390124,-40.97746678530213
3214,22.0,147.39594603142223,-43.22774657202153
3215,22.0,147.47140451528827,-41.20384223690024
3216,22.0,146.3215609516153,-41.48950649725026
3217,22.0,146.36827334638951,-41.47782839855671
3218,22.0,145.6145868230132,-41.90362984322935
3219,22.0,146.17333892973556,-43.256492661113356
3220,22.0,146.19579681183853,-42.1632429603399
3221,22.0,146.16705072274675,-42.160548014487546
3222,22.0,147.44625168733296,-41.2200119120144
3223,,146.57488586173702,-42.153361492214586
3224,22.0,145.2507691329448,-41.73294993924665
3225,22.0,146.16615240746262,-42.161446329771664
3226,,145.28760005959373,-40.972975208881536
3227,22.0,146.90726251686124,-42.871115404226074
3228,22.0,145.81580944665598,-42.871115404226074
3229,,147.431878642787,-41.23797821769679
3230,22.0,147.784916549446,-41.17240120195606
3231,22.0,145.15015782112346,-41.02597581064458
3232,22.0,146.85426191509816,-43.4334607720849
3233,22.0,146.76892196310683,-41.592812754924
3234,22.0,147.73640752410353,-42.07880132363266
3235,22.0,147.40043760784283,-43.231339833158
3236,22.0,148.0876488001943,-41.675457761063
3237,,145.56428116710254,-40.93883922808499
3238,22.0,145.7376560169376,-41.90003658209288
3239,22.0,147.95649476871284,-41.49848965009146
3240,22.0,147.2611987388043,-41.12299386132949
3241,22.0,145.1663274962376,-41.91979951834351
3242,22.0,147.4489466331853,-41.30535186400576
3243,22.0,146.84168550112048,-42.81631817189479
3244,22.0,145.96852304495633,-41.311640070994585
3245,,147.16238405755115,-41.16072310326251
3246,22.0,144.91659584725238,-41.07987472769176
3247,22.0,148.235870822074,-41.88117196112637
3248,22.0,146.9935007841367,-42.56658652290956
3249,22.0,146.4464267761079,-42.10934404329272
3250,22.0,145.23729440368305,-41.717678579416614
3251,23.0,146.85426191509816,-41.76888255061142
3252,22.0,147.16507900340355,-41.13826522115953
3253,22.0,147.80737443154896,-41.23169001070795
3254,22.0,147.44625168733296,-41.217316966162045
3255,21.0,147.7894081258666,-42.095869314030935
3256,23.0,146.17064398388322,-43.21427184275974
3257,22.0,145.53733170857896,-41.22809674957148
3258,,147.24143580255367,-41.12209554604537
3259,22.0,146.5937504827035,-42.93489578939857
3260,22.0,146.28562834025053,-42.21983682323943
3261,22.0,146.5102071612804,-41.369132249178236
3262,,147.23514759556485,-41.11940060019302
3263,22.0,145.2534640787972,-41.73384825453077
3264,,144.65877936071007,-41.012501081382794
3265,,147.44535337204883,-41.10412924036298
3266,7.0,146.81653267316517,-42.94477725752388
3267,22.0,145.2588539705019,-41.73833983095136
3268,22.0,146.98092437015902,-42.56568820762544
3269,22.0,147.27557178335024,-41.13018038360245
3270,18.0,145.59662051733085,-41.159824787978394
3271,22.0,146.42486720928906,-43.30140842531934
3272,23.0,146.2631704581475,-42.12820866425923
3273,,147.82803568308373,-41.13377364473892
3274,,146.08979560831244,-41.29097881945984
3275,22.0,147.66274567080575,-40.99633140626864
3276,22.0,147.7804249730254,-42.088682791757975
3277,22.0,147.24143580255367,-41.132875329454805
3278,22.0,145.3927029478357,-41.97190180482244
3279,22.0,145.1932769547612,-42.21804019267118
3280,22.0,147.55764278256373,-41.45626883173783
3281,22.0,146.99439909942083,-43.35620565765062
3282,23.0,146.93331366010068,-43.366087125775934
3283,22.0,146.77341353952744,-42.94477725752388
3284,22.0,147.22975770386012,-41.30804680985811
3285,22.0,146.1697456685991,-42.153361492214586
3286,22.0,145.1672258115217,-41.91890120305939
3287,22.0,145.25795565521776,-41.73025499339428
3288,,145.26424386220663,-41.72037352526897
3289,22.0,147.8127643232537,-41.0726882054188
3290,22.0,146.8318040329952,-41.11760396962478
3291,2.0,145.74753748506294,-41.23797821769679
3292,,144.8447306245228,-40.85978748308247
3293,22.0,148.04542798184065,-41.1185022849089
3294,,146.07632087905068,-42.146174969941626
3295,22.0,146.59105553685117,-42.22881997608063
3296,22.0,146.84707539282522,-41.1876725617861
3297,22.0,147.90349416694977,-41.313436701562836
3298,,147.01955192737614,-41.39698002298594
3299,22.0,145.85803026500963,-42.88908170990847
3300,22.0,146.37995144508307,-43.26098423753395
3301,22.0,145.59572220204672,-41.40236991469067
3302,22.0,145.22381967442124,-40.946924065642065
3303,22.0,146.4140874258796,-42.04915691925672
3304,22.0,145.8786915165444,-41.237079902412674
3305,22.0,145.97570956722927,-43.0148458496852
3306,22.0,148.0831572237737,-41.197554029911416
3307,22.0,147.16597731868762,-41.0960444028059
3308,22.0,146.15447430876907,-43.26008592224983
3309,22.0,147.3950477161381,-43.24391624713569
3310,22.0,146.92253387669126,-42.83248784700895
3311,22.0,146.40240932718604,-43.276255597363985
3312,,145.74574085449467,-41.236181587128556
3313,22.0,146.54793640321344,-42.17132779789698
3314,,145.5400266544313,-41.22809674957148
3315,22.0,147.87295144728972,-41.91620625720704
3316,22.0,146.0727276179142,-41.42482779679365
3317,22.0,147.23155433442838,-41.11490902377241
3318,22.0,144.90940932497938,-40.79151552148939
3319,,147.22257118158717,-41.13467196002304
3320,22.0,146.85875349151877,-43.50442767953034
3321,,145.73046949466465,-41.19485908405906
3322,22.0,146.5551229254864,-41.311640070994585
3323,22.0,146.05655794280005,-41.48321829026142
3324,6.0,146.39791775076543,-43.29332358776226
3325,2.0,146.02960848427642,-41.313436701562836
3326,22.0,147.73101763239885,-42.069818170791464
3327,22.0,147.82893399836786,-41.98447821880012
3328,22.0,147.05548453874093,-42.161446329771664
3329,22.0,147.71305132671642,-42.96813345491098
3330,22.0,147.2594021082361,-41.11221407792006
3331,22.0,147.18394362437004,-41.11940060019302
3332,22.0,147.1812486785177,-41.121197230761254
3333,22.0,145.54361991556777,-40.92356786825496
3334,,146.19220355070206,-41.56765992696866
3335,,145.60650198545613,-41.357454150484685
3336,23.0,145.23729440368305,-42.27193910971836
3337,23.0,145.94965842398983,-42.84506426098662
3338,23.0,145.48253447624768,-42.60611239541082
3339,23.0,145.80143640211008,-42.8675221430896
3340,23.0,146.43834193855082,-41.274809144345696
3341,23.0,147.86935818615325,-41.960223706128886
3342,23.0,147.48847250568656,-41.45537051645371
3343,23.0,145.46905974698586,-42.60162081899023
3344,23.0,145.48522942210002,-42.62048543995674
3345,12.0,145.80952123966716,-43.194508906509114
3346,,145.49421257494123,-42.59982418842199
3347,,145.00283411452784,-40.811278457740016
3348,23.0,145.4843311068159,-42.61150228711554
3349,,146.37905312979893,-42.91064127672735
3350,23.0,145.52206034874894,-42.62407870109321
3351,23.0,145.53014518630602,-41.23887653298091
3352,23.0,145.80862292438303,-42.865725512521365
3353,23.0,145.83018249120192,-43.20978026633914
3354,23.0,145.52745024045362,-42.589942720296676
3355,23.0,146.84527876225695,-43.5116142018033
3356,23.0,148.24844723605167,-41.979986642379515
3357,23.0,146.4787661263362,-43.017540795537556
3358,23.0,145.97031967552454,-43.01843911082169
3359,24.0,145.9442685322851,-42.819911433031265
3360,23.0,145.79874145625774,-42.872912034794325
3361,23.0,147.6807119764881,-41.14814668928484
3362,23.0,145.5400266544313,-42.55490842421601
3363,23.0,145.9442685322851,-42.84506426098662
3364,,147.53069332404016,-42.84236931513426
3365,23.0,145.57146768937548,-42.56209494648897
3366,23.0,147.32408080869266,-42.56568820762544
3367,16.0,146.54613977264518,-41.434709264918965
3368,,147.73730583938766,-42.06532659437087
3369,23.0,145.60560367017206,-42.58455282859195
3370,23.0,146.11674506683602,-42.65641805132151
3371,,146.4742745499156,-43.01664248025344
3372,23.0,145.62356997585442,-41.21372370502556
3373,23.0,144.876171659467,-41.21821528144616
3374,23.0,146.21286480223682,-41.600897592481076
3375,23.0,145.9487601087057,-42.85494572911193
3376,23.0,145.5103822500554,-42.564789892341324
3377,23.0,145.4888226832365,-42.589942720296676
3378,7.0,145.73855433222172,-42.723791697630475
3379,23.0,145.98469272007048,-42.99777785928693
3380,23.0,145.73046949466465,-42.73457148103991
3381,23.0,145.5660777976708,-42.55041684779542
3382,23.0,146.1320164266661,-42.642045006775604
3383,23.0,145.60111209375145,-42.571078099330165
3384,22.0,145.97391293666107,-42.421957762166315
3385,23.0,147.83701883592494,-41.53621889202448
3386,23.0,147.49925228909598,-42.91962442956853
3387,23.0,145.60201040903559,-42.590841035580794
3388,23.0,145.31365120283317,-42.173124428465215
3389,23.0,145.94786179342157,-42.85764067496429
3390,14.0,148.20263315656155,-40.50854620699174
3391,23.0,145.96672641438806,-42.84506426098662
3392,23.0,145.5588912753978,-42.571078099330165
3393,23.0,146.92433050725947,-43.319374731001716
3394,23.0,146.77161690895917,-42.92142106013678
3395,23.0,145.51577214176007,-42.60880734126319
3396,23.0,145.57056937409135,-42.56568820762544
3397,23.0,146.8102444661763,-42.72469001291459
3398,23.0,145.4744496386906,-40.96309374075622
3399,23.0,146.80126131333515,-42.73187653518755
3400,23.0,146.45990150536971,-42.61329891768378
3401,,146.60722521196533,-42.506399398873555
3402,23.0,147.85408682632323,-42.064428279086755
3403,23.0,145.24358261067187,-42.2872104695484
3404,23.0,146.36018850883244,-43.3553073423665
3405,23.0,146.0143371244464,-43.31128989344465
3406,23.0,144.936358783503,-40.696294101372715
3407,23.0,144.87886660531933,-41.22809674957148
3408,23.0,144.8078996978739,-41.0035179285416
3409,23.0,145.85353868858903,-42.85584404439605
3410,23.0,146.36827334638951,-43.346324189525305
3411,23.0,145.73585938636938,-41.75900108248611
3412,23.0,144.92917226123006,-40.70527725421391
3413,23.0,145.51846708761246,-42.63126522336617
3414,23.0,145.94247190171683,-42.82799627058834
3415,23.0,146.61171678838588,-42.50550108358944
3416,,147.98164759666815,-41.043043801042856
3417,,145.95953989211512,-42.83338616229307
3418,7.0,147.29982629602148,-42.22881997608063
3419,23.0,146.7590404949815,-42.93220084354621
3420,23.0,145.793351564553,-41.43560758020308
3421,23.0,145.97121799080867,-42.85494572911193
3422,8.0,147.28006335977085,-42.56029831592073
3423,23.0,147.7633569826271,-41.02148423422399
3424,23.0,145.82838586063366,-43.19630553707735
3425,23.0,146.39073122849248,-42.90704801559086
3426,23.0,145.98199777421814,-42.409381348188646
3427,23.0,146.9746361631702,-43.22415331088506
3428,23.0,146.30089970008055,-41.26492767622038
3429,23.0,146.2847300249664,-43.296018533614614
3430,23.0,144.84562893980694,-40.833736339843
3431,23.0,146.8874995806106,-42.86123393610076
3432,23.0,145.54272160028364,-42.596230927285504
3433,23.0,145.72867286409644,-41.94046076987826
3434,23.0,145.51397551119186,-42.57736630631899
3435,23.0,145.96852304495633,-43.02113405667404
3436,,147.4228954899458,-41.34667436707525
3437,23.0,147.69688165160227,-41.127485437750096
3438,23.0,145.56428116710254,-42.58724777444431
3439,23.0,146.5515296643499,-42.74085968802875
3440,23.0,148.04542798184065,-41.338589529518174
3441,,148.19275168843626,-42.08598784590562
3442,23.0,144.91749416253646,-40.65676822887146
3443,23.0,145.7187913959711,-42.738164742176394
3444,,146.91714398498652,-42.9133362225797
3445,23.0,144.93007057651414,-40.64778507603026
3446,23.0,147.3761830951716,-41.24246979411738
3447,23.0,145.73136780994878,-41.0178909730875
3448,23.0,145.80233471739422,-43.19810216764559
3449,22.0,145.80952123966716,-42.853149098543696
3450,23.0,147.0896205195375,-41.24606305525387
3451,,148.25563375832462,-42.107547412724486
3452,23.0,145.96942136024046,-42.86662382780548
3453,23.0,145.1977685311818,-41.46435366929491
3454,22.0,146.17244061445143,-43.21606847332798
3455,23.0,147.85408682632323,-42.05364849567732
3456,23.0,147.65645746381688,-42.730978219903434
3457,23.0,145.85174205802076,-42.878301926499034
3458,,147.4507432637535,-41.36643730332588
3459,23.0,146.16705072274675,-42.9133362225797
3460,23.0,147.0662643221504,-41.13916353644365
3461,23.0,146.8336006635634,-43.51700409350802
3462,23.0,147.72922100183058,-41.99615631749367
3463,23.0,146.7680236478227,-42.945675572808
3464,23.0,145.57326431994375,-41.191265822922574
3465,23.0,144.93456215293475,-40.60376762710841
3466,23.0,145.522958664033,-42.63036690808205
3467,23.0,147.71754290313703,-41.31613164741519
3468,,147.67532208478343,-42.80464007320124
3469,23.0,145.60919693130853,-42.58455282859195
3470,23.0,144.91749416253646,-40.664853066428535
3471,23.0,146.86504169850758,-43.50622431009859
3472,23.0,145.57326431994375,-42.56568820762544
3473,2.0,145.57056937409135,-41.40596317582714
3474,23.0,146.57129260060054,-41.63144031214114
3475,23.0,146.1787288214403,-41.294572080596325
3476,23.0,146.66471739014895,-41.58742286321929
3477,23.0,145.54092496971543,-41.77786570345262
3478,23.0,145.53733170857896,-42.607909025979055
3479,23.0,146.10237202229013,-41.43111600378249
3480,23.0,146.05026973581118,-43.334646090831754
3481,23.0,146.38623965207188,-42.90794633087498
3482,23.0,147.87025650143732,-41.95932539084477
3483,23.0,146.91983893083892,-43.314883154581125
3484,,148.26012533474523,-42.09856425988329
3485,23.0,145.16093760453288,-41.04124717047462
3486,23.0,144.876171659467,-41.198452345195534
3487,23.0,145.52834855573775,-42.556705054784246
3488,23.0,145.98738766592282,-42.41117797875688
3489,23.0,145.68914699159512,-41.012501081382794
3490,23.0,145.02439368134668,-40.98016173115448
3491,23.0,147.69688165160227,-41.12928206831833
3492,23.0,146.51829199883747,-41.306250179289876
3493,23.0,145.83467406762253,-42.853149098543696
3494,23.0,147.30791113357856,-42.22522671494414
3495,,146.91714398498652,-42.86123393610076
3496,24.0,145.63434975926384,-41.241571478833265
3497,23.0,146.7680236478227,-42.93759073525092
3498,23.0,145.73496107108525,-41.75900108248611
3499,,147.40492918426344,-41.1050275556471
3500,24.0,146.4634947665062,-42.35997400756207
3501,23.0,146.9252288225436,-43.38674837731068
3502,,147.1677739492559,-42.23510818306946
3503,23.0,147.8217474760949,-41.280199036050405
3504,23.0,145.59302725619438,-42.571976414614284
3505,23.0,145.50319572778238,-42.626773646945566
3506,,146.90097430987237,-41.345776051791134
3507,23.0,145.5256536098854,-42.61150228711554
3508,23.0,145.83916564404313,-42.87470866536256
3509,23.0,145.53643339329483,-42.57736630631899
3510,,145.50589067363478,-42.6186888093885
3511,23.0,144.92647731537767,-40.626225509211395
3512,23.0,146.5102071612804,-42.47136510279289
3513,23.0,145.57146768937548,-41.18857087707022
3514,23.0,147.69957659745467,-41.13916353644365
3515,23.0,145.52206034874894,-42.615095548252015
3516,23.0,146.14279621007552,-42.634858484502644
3517,23.0,145.514873826476,-42.5683831534778
3518,23.0,145.695435198584,-41.32780974610874
3519,23.0,145.51756877232833,-42.556705054784246
3520,23.0,146.02691353842408,-43.29961179475109
3521,23.0,145.46816143170173,-42.61150228711554
3522,23.0,147.89001943768795,-43.039998677640554
3523,23.0,145.57326431994375,-42.571078099330165
3524,23.0,144.92468068480946,-40.70168399307744
3525,23.0,145.51756877232833,-42.6186888093885
3526,23.0,145.07290270668915,-40.94333080450559
3527,23.0,146.51290210713273,-43.03640541650407
3528,23.0,145.93887864058036,-42.82979290115658
3529,23.0,145.48343279153175,-42.59173935086491
3530,23.0,145.53014518630602,-42.556705054784246
3531,23.0,145.2354977731148,-42.26654921801364
3532,23.0,145.7322661252329,-41.76079771305436
3533,23.0,145.04056335646084,-41.03226401763342
3534,23.0,146.93241534481655,-42.385126835517426
3535,23.0,148.24754892076754,-41.98178327294775
3536,23.0,145.5166704570442,-42.63755343035501
3537,23.0,145.7232829723917,-41.035857278769896
3538,23.0,148.17748032860624,-40.84451612325245
3539,23.0,147.642084419271,-41.191265822922574
3540,,145.9532516851263,-42.84775920683897
3541,,145.43133050505287,-40.88044873461722
3542,23.0,145.5445182308519,-42.582756198023716
3543,23.0,145.48163616096355,-42.615095548252015
3544,23.0,146.11854169740428,-42.660011312457996
3545,23.0,145.57056937409135,-42.54592527137481
3546,23.0,147.88013796956267,-41.204740552184376
3547,,146.37276492281012,-42.90614970030674
3548,,147.8064761162649,-41.914409626638786
3549,23.0,145.522958664033,-42.64563826791208
3550,23.0,145.507687304203,-42.571078099330165
3551,23.0,147.05458622345685,-43.2169667886121
3552,23.0,147.559439413132,-41.51286269463736
3553,23.0,147.08872220425337,-41.24246979411738
3554,23.0,145.73406275580112,-42.73277485047167
3555,,147.64927094154393,-42.730978219903434
3556,23.0,146.04757478995884,-43.32476462270644
3557,23.0,145.51936540289654,-42.63755343035501
3558,23.0,146.5057155848598,-43.03550710121995
3559,23.0,146.54074988094044,-43.02652394837875
3560,23.0,146.50841053071218,-43.06604982088001
3561,23.0,145.54541654613604,-42.55850168535248
3562,23.0,147.50643881136892,-42.486636462622926
3563,23.0,147.76066203677476,-41.26672430678862
3564,23.0,144.87527334418286,-41.23079169542383
3565,23.0,145.49421257494123,-42.571976414614284
3566,23.0,145.19597190061353,-41.466150299863145
3567,23.0,145.57865421164843,-42.552213478363655
3568,23.0,145.60470535488793,-42.56029831592073
3569,16.0,148.01039368576,-41.467946930431395
3570,23.0,147.37258983403513,-41.244266424685634
3571,23.0,145.60201040903559,-42.57556967575076
3572,23.0,146.5191903141216,-43.028320578947
3573,23.0,145.51846708761246,-42.58545114387607
3574,23.0,146.63507298577304,-42.37344873682386
3575,23.0,146.29281486252347,-41.31613164741519
3576,23.0,145.94337021700096,-42.84057268456601
3577,23.0,145.15015782112346,-41.011602766098676
3578,23.0,145.5256536098854,-42.55401010893189
3579,23.0,146.11405012098368,-42.679774248708625
3580,23.0,146.66831065128542,-41.5838296020828
3581,23.0,146.9979923605573,-42.56748483819368
3582,23.0,146.76712533253857,-41.596406016060484
3583,23.0,147.68250860705638,-41.1508416351372
3584,23.0,145.07649596782562,-40.94512743507383
3585,23.0,145.73496107108525,-41.76079771305436
3586,23.0,145.79604651040535,-43.19989879821382
3587,23.0,147.02224687322854,-42.07341143192795
3588,,145.66579079420802,-41.51735427105797
3589,,147.7256277406941,-41.95752876027653
3590,23.0,145.8571319497255,-42.88189518763552
3591,23.0,146.88929621117882,-42.764215885415865
3592,23.0,145.2274129355577,-42.274634055570715
3593,23.0,146.3449171490024,-43.33644272139999
3594,23.0,146.77161690895917,-42.93848905053504
3595,23.0,145.5993154631832,-42.58545114387607
3596,23.0,145.82569091478132,-42.871115404226074
3597,23.0,145.94247190171683,-42.834284477577185
3598,,146.49852906258684,-43.017540795537556
3599,,145.75023243091528,-41.77247581174791
3600,,144.8025098061692,-41.00082298268924
3601,23.0,147.82084916081078,-41.27930072076629
3602,,146.15357599348494,-43.252001084692765
3603,24.0,146.6530392914554,-41.38260697844004
3604,23.0,146.96026311862425,-43.35440902708238
3605,23.0,147.84959524990262,-42.06622490965499
3606,23.0,147.95829139928105,-41.80032358555562
3607,23.0,145.2085483145912,-42.217141877387064
3608,23.0,146.50751221542805,-43.04089699292467
3609,23.0,145.48792436795236,-42.58455282859195
3610,23.0,146.6063268966812,-42.501907822452964
3611,23.0,145.4295338744846,-41.028670756496936
3612,23.0,145.53463676272662,-42.58006125217136
3613,23.0,147.09051883482158,-41.255944523379185
3614,23.0,147.77593339660478,-41.035857278769896
3615,23.0,145.8571319497255,-42.86123393610076
3616,,146.76712533253857,-42.93759073525092
3617,23.0,145.73585938636938,-41.52903236975152
3618,23.0,145.96672641438806,-42.82979290115658
3619,23.0,147.62860969000917,-41.221808542582636
3620,23.0,147.7121530114323,-41.321521539119914
3621,23.0,148.12807298797964,-41.14096016701188
3622,23.0,145.4744496386906,-42.603417449558464
3623,23.0,145.14746287527106,-41.02597581064458
3624,22.0,145.89216624580615,-41.318826593267545
3625,,146.78868489935746,-41.504777857080285
3626,19.0,145.93887864058036,-42.814521541326556
3627,23.0,145.50139909721418,-42.58634945916019
3628,,145.77179199773417,-42.72469001291459
3629,23.0,145.94965842398983,-42.85584404439605
3630,13.0,147.5783040340985,-42.397703249495095
3631,23.0,145.52475529460128,-42.596230927285504
3632,,146.73748092816265,-41.6431184108347
3633,23.0,145.57056937409135,-42.56119663120485
3634,,145.63075649812737,-41.20923212860497
3635,23.0,145.47983953039528,-42.58724777444431
3636,23.0,145.23459945783065,-42.28002394727544
3637,,145.0279869424832,-40.856194221946
3638,23.0,147.2001132994842,-41.16970625610371
3639,23.0,146.16884735331496,-42.615095548252015
3640,23.0,147.0168569815238,-42.06622490965499
3641,23.0,145.55170475312485,-42.55401010893189
3642,23.0,146.50751221542805,-43.027422263662885
3643,23.0,145.97570956722927,-43.00676101212812
3644,23.0,146.35569693241183,-43.35890060350299
3645,23.0,146.97283953260194,-43.27895054321634
3646,23.0,146.28652665553466,-43.29961179475109
3647,23.0,145.96942136024046,-43.01035427326461
3648,,147.8549851416073,-42.057241756813795
3649,23.0,146.9467883893625,-42.165937906192255
3650,23.0,145.567874428239,-42.58455282859195
3651,23.0,145.507687304203,-42.603417449558464
3652,23.0,147.81366263853783,-41.94046076987826
3653,23.0,145.84635216631608,-42.88818339462435
3654,23.0,148.25114218190402,-42.076106377780306
3655,23.0,145.71609645011876,-41.77247581174791
3656,23.0,145.5867390492055,-42.58634945916019
3657,23.0,147.32318249340858,-42.21804019267118
3658,23.0,147.15789248113055,-41.140061851727765
3659,,145.11781847089514,-41.0268741259287
3660,23.0,145.6406379662527,-41.244266424685634
3661,23.0,147.70316985859114,-41.12658712246598
3662,23.0,145.23909103425126,-42.286312154264266
3663,23.0,147.57021919654142,-41.409556436963626
3664,23.0,147.75617046035416,-41.94225740044649
3665,23.0,145.8481487968843,-42.86392888195313
3666,23.0,147.4911674515389,-41.45177725531724
3667,23.0,145.52834855573775,-42.571078099330165
3668,23.0,145.7232829723917,-41.02956907178107
3669,,147.72652605597824,-41.961122021413004
3670,23.0,145.57416263522788,-42.57017978404605
3671,23.0,145.4654664858494,-42.61329891768378
3672,23.0,145.84635216631608,-42.87201371951021
3673,23.0,145.84994542745255,-42.884590133487876
3674,23.0,145.71968971125523,-42.74085968802875
3675,23.0,144.79442496861213,-41.00800950496219
3676,23.0,145.59662051733085,-41.03406064820166
3677,,146.02062533143527,-43.31218820872877
3678,23.0,145.6100952465926,-42.57736630631899
3679,23.0,145.8400639593272,-42.86213225138489
3680,4.0,147.41930222880933,-41.338589529518174
3681,23.0,148.18736179673152,-42.083292900053266
3682,23.0,145.49511089022536,-42.590841035580794
3683,23.0,147.56033772841613,-42.792961974507676
3684,23.0,145.4888226832365,-42.61329891768378
3685,23.0,145.48253447624768,-42.61329891768378
3686,23.0,145.98469272007048,-43.00676101212812
3687,,145.24088766481952,-40.97567015473389
3688,23.0,147.75886540620655,-41.95034223800357
3689,23.0,148.2170062011075,-41.972800120106555
3690,23.0,146.91983893083892,-42.86033562081664
3691,,147.68161029177224,-42.25307448875185
3692,23.0,145.50499235835065,-42.59173935086491
3693,23.0,145.83467406762253,-42.86842045837372
3694,24.0,148.06788586394362,-41.80032358555562
3695,23.0,146.51739368355334,-42.47675499449761
3696,23.0,145.60919693130853,-42.590841035580794
3697,23.0,145.74574085449467,-41.45537051645371
3698,23.0,145.75562232262,-42.71570686007341
3699,23.0,145.49870415136184,-42.63216353865029
3700,23.0,146.2568822511587,-42.79386028979181
3701,23.0,145.77269031301824,-42.725588328198725
3702,23.0,146.51380042241686,-43.03640541650407
3703,23.0,145.75023243091528,-42.73636811160816
3704,23.0,148.06968249451188,-41.7994252702715
3705,23.0,145.56068790596606,-42.5594000006366
3706,23.0,145.83736901347487,-42.85494572911193
3707,23.0,145.2319045119783,-42.28990541540075
3708,23.0,145.9316921183074,-42.82799627058834
3709,23.0,145.54631486142017,-42.57916293688724
3710,23.0,144.87168008304639,-41.19935066047965
3711,23.0,145.50948393477125,-42.59802755785374
3712,14.0,146.91534735441832,-43.31398483929701
3713,23.0,145.07380102197328,-40.941534173937356
3714,23.0,144.92198573895706,-40.677429480406204
3715,,145.15015782112346,-41.02238254950811
3716,23.0,146.11764338212015,-42.63216353865029
3717,,148.17568369803797,-40.843617807968315
3718,23.0,145.82299596892898,-42.846860891554854
3719,23.0,148.25293881247228,-41.9790883270954
3720,23.0,147.60525349262207,-42.46507689580406
3721,23.0,145.86701341785084,-42.8765052959308
3722,23.0,145.4843311068159,-42.62407870109321
3723,,145.96403146853572,-42.8351827928613
3724,23.0,144.92647731537767,-40.62892045506375
3725,23.0,145.55619632954546,-42.56748483819368
3726,23.0,147.32318249340858,-41.14365511286424
3727,23.0,146.30000138479642,-41.42662442736189
3728,23.0,146.85785517623464,-43.43256245680078
3729,23.0,147.71754290313703,-41.321521539119914
3730,23.0,145.60021377846732,-41.90003658209288
3731,23.0,145.5382300238631,-41.789543802146184
3732,23.0,145.4996024666459,-42.614197232967896
3733,,146.91534735441832,-43.31308652401289
3734,23.0,145.52655192516954,-42.564789892341324
3735,23.0,145.21034494515942,-42.21354861625059
3736,23.0,145.55978959068193,-42.544128640806576
3737,23.0,145.48702605266828,-42.59353598143315
3738,23.0,146.11584675155194,-42.65821468188976
3739,23.0,146.16345746161028,-42.61599386353613
3740,23.0,146.92433050725947,-42.84326763041838
3741,23.0,145.81131787023543,-43.19720385236147
3742,23.0,145.60290872431966,-42.58724777444431
3743,23.0,146.73119272117378,-43.083117811278285
3744,,145.9442685322851,-41.35386088934821
3745,23.0,147.63489789699804,-41.222706857866754
3746,23.0,146.0826090860395,-41.48321829026142
3747,23.0,145.24537924124013,-42.29080373068487
3748,23.0,145.55260306840898,-42.552213478363655
3749,16.0,147.49296408210716,-42.480348255634084
3750,,147.28545325147553,-42.56209494648897
3751,23.0,147.05368790817272,-42.720198436494
3752,23.0,147.19292677721126,-41.11221407792006
3753,23.0,147.68250860705638,-41.14904500456896
3754,23.0,147.73281426296705,-42.00424115505075
3755,23.0,146.15806756990554,-41.30445354872164
3756,23.0,145.96403146853572,-41.313436701562836
3757,23.0,145.5660777976708,-42.56748483819368
3758,23.0,145.83108080648606,-42.87381035007844
3759,23.0,148.11459825871788,-41.06190842200937
3760,23.0,147.1039935640834,-41.25145294695858
3761,23.0,144.9462402516283,-40.653174967734984
3762,24.0,144.94983351276477,-41.011602766098676
3763,23.0,146.40779921889077,-42.8998614933179
3764,23.0,146.14728778649612,-42.642045006775604
3765,23.0,145.24178598010366,-42.29170204596899
3766,23.0,147.63759284285038,-40.94422911978971
3767,,145.76460547546117,-41.184079300649614
3768,23.0,145.5759592657961,-41.190367507638456
3769,23.0,144.92827394594593,-40.64958170659851
3770,23.0,145.56428116710254,-42.58455282859195
3771,,146.1652540921785,-42.64384163734384
3772,,145.50499235835065,-42.582756198023716
3773,23.0,145.57056937409135,-42.5728747298984
3774,12.0,146.1787288214403,-41.75720445191787
3775,23.0,148.16400559934442,-41.13467196002304
3776,23.0,145.5894339950579,-42.58634945916019
3777,,147.07075589857095,-41.13826522115953
3778,23.0,145.9936758729117,-43.31308652401289
3779,23.0,145.81580944665598,-43.2079836357709
3780,,146.79497310634628,-42.73277485047167
3781,23.0,146.91534735441832,-43.31667978514936
3782,7.0,145.72687623352817,-42.73367316575579
3783,7.0,147.50913375722132,-42.48843309319116
3784,,147.60884675375854,-42.474060048645256
3785,23.0,146.45630824423324,-42.3339228643226
3786,23.0,147.98434254252055,-41.105925870931216
3787,23.0,144.92557900009353,-40.599276050687806
3788,,147.3195892322721,-41.52903236975152
3789,23.0,146.5290717822469,-43.03550710121995
3790,23.0,145.48702605266828,-42.615095548252015
3791,,146.49673243201858,-43.027422263662885
3792,23.0,146.99619572998904,-42.56928146876193
3793,23.0,146.91983893083892,-43.29422190304638
3794,23.0,145.82838586063366,-42.86662382780548
3795,23.0,145.650519434378,-41.20024897576377
3796,23.0,148.01219031632826,-41.46525198457903
3797,23.0,146.9872125771479,-41.36014909633704
3798,23.0,144.94085035992362,-40.657666544155575
3799,23.0,146.15627093933728,-42.64563826791208
3800,,146.6745988582743,-42.822606378883634
3801,,147.6600507249534,-42.725588328198725
3802,23.0,148.2448539749152,-41.98088495766363
3803,23.0,146.26676371928403,-42.80284344263299
3804,23.0,145.82389428421305,-42.87470866536256
3805,,145.74843580034707,-41.953935499140044
3806,23.0,146.1697456685991,-42.91782779900029
3807,23.0,145.94247190171683,-42.84865752212309
3808,,145.76909705188177,-42.725588328198725
3809,23.0,144.9507318280489,-40.68910757909977
3810,23.0,147.02673844964914,-41.58742286321929
3811,23.0,147.27377515278198,-42.56119663120485
3812,2.0,145.56068790596606,-41.33948784480229
3813,23.0,146.12033832797255,-41.282893981902774
3814,23.0,145.2256163049895,-42.27283742500248
3815,23.0,146.0448798441065,-43.32476462270644
3816,23.0,145.5759592657961,-42.556705054784246
3817,23.0,145.46456817056526,-42.62318038580909
3818,23.0,145.74933411563114,-41.76439097419083
3819,23.0,145.52745024045362,-42.58634945916019
3820,23.0,145.54361991556777,-42.58095956745548
3821,23.0,146.36917166167365,-42.909742961443214
3822,23.0,145.97031967552454,-42.865725512521365
3823,23.0,144.92378236952533,-40.652276652450865
3824,23.0,147.9322402560416,-41.449082309464885
3825,23.0,146.4787661263362,-42.64294332205972
3826,23.0,146.13291474195017,-41.26223273036801
3827,23.0,146.61171678838588,-42.50999266001003
3828,23.0,148.0786656473531,-41.801221900839735
3829,23.0,146.14010126422318,-42.63575679978676
3830,23.0,147.642084419271,-42.4210594468822
3831,23.0,144.9273756306618,-40.703480623645675
3832,23.0,146.9467883893625,-43.319374731001716
3833,23.0,146.17064398388322,-41.1741978325243
3834,23.0,145.5400266544313,-42.58724777444431
3835,23.0,145.83736901347487,-42.86392888195313
3836,6.0,147.30791113357856,-41.11670565434065
3837,23.0,147.8783413389944,-41.19935066047965
3838,23.0,146.23352605377158,-41.19485908405906
3839,14.0,147.68430523762459,-41.14814668928484
3840,23.0,145.24088766481952,-42.2737357402866
3841,7.0,147.30521618772616,-42.2279216607965
3842,23.0,145.6082986160244,-42.576467991034875
3843,23.0,147.4821842986977,-41.108620816783585
3844,23.0,146.11674506683602,-41.275707459629814
3845,23.0,145.8292841759178,-41.21462202030969
3846,23.0,145.9487601087057,-42.83608110814542
3847,,145.12859825430456,-40.83283802455888
3848,,147.06536600686627,-43.1621695562808
3849,23.0,146.18142376729264,-41.29547039588044
3850,23.0,144.92917226123006,-40.62892045506375
3851,23.0,146.36198513940064,-43.358002288218856
3852,23.0,145.6145868230132,-41.17329951724018
3853,23.0,145.5103822500554,-42.58455282859195
3854,23.0,145.84096227461134,-43.19630553707735
3855,23.0,145.50948393477125,-42.58455282859195
3856,23.0,147.54596468387018,-41.4131496981001
3857,23.0,145.89575950694262,-41.32062322383578
3858,23.0,147.05009464703625,-43.194508906509114
3859,23.0,147.12465481561816,-42.699537184959254
3860,,146.7635320714021,-42.94387894223976
3861,23.0,147.7193395337053,-41.321521539119914
3862,,145.62177334528621,-41.21462202030969
3863,22.0,145.80143640211008,-42.88009855706727
3864,23.0,146.8318040329952,-42.83787773871366
3865,23.0,146.101473707006,-41.43291263435073
3866,23.0,145.53912833914717,-41.18857087707022
3867,23.0,145.50858561948712,-42.61329891768378
3868,,145.54631486142017,-42.557603370068364
3869,23.0,145.6783672081857,-41.14635005871661
3870,,146.28652665553466,-41.37092887974649
3871,,145.63434975926384,-41.14904500456896
3872,,146.73119272117378,-41.30535186400576
3873,23.0,148.23407419150578,-41.97639338124304
3874,23.0,145.47534795397473,-40.961297110187985
3875,23.0,147.43547190392349,-41.228995064855596
3876,23.0,146.44373183025556,-41.42482779679365
3877,,145.97481125194514,-42.845962576270736
3878,23.0,145.84455553574782,-42.86033562081664
3879,23.0,147.4345735886394,-41.22809674957148
3880,24.0,146.92163556140713,-43.114558846222465
3881,23.0,145.6100952465926,-41.16790962553547
3882,,147.30970776414676,-42.22253176909179
3883,23.0,145.86252184143024,-42.8765052959308
3884,23.0,145.56877274352314,-42.54592527137481
3885,23.0,145.52745024045362,-42.544128640806576
3886,,146.6763954888425,-42.822606378883634
3887,23.0,145.99277755762756,-41.14365511286424
3888,14.0,146.9234321919754,-43.31578146986524
3889,23.0,145.89845445279502,-41.31613164741519
3890,,145.733164440517,-41.94405403101473
3891,23.0,145.82658923006545,-42.86931877365784
3892,23.0,145.514873826476,-42.6186888093885
3893,23.0,147.97535938967934,-41.04124717047462
3894,23.0,147.0402131789109,-42.18210758130641
3895,,145.6172817688656,-41.07178989013468
3896,19.0,145.53284013215836,-42.56299326177309
3897,23.0,145.73406275580112,-41.759899397770226
3898,23.0,145.02619031191495,-40.93344933638028
3899,,146.29640812365994,-43.327459568558794
3900,23.0,148.0741740709325,-41.80032358555562
3901,23.0,145.22471798970537,-42.28541383898015
3902,23.0,146.10686359871073,-41.43381094963485
3903,23.0,145.48522942210002,-42.61240060239966
3904,23.0,145.5022974124983,-42.59443429671727
3905,23.0,145.94337021700096,-42.834284477577185
3906,23.0,145.60111209375145,-42.583654513307835
3907,23.0,146.80305794390335,-43.160372925712565
3908,23.0,144.93456215293475,-40.695395786088596
3909,,145.27143038447957,-40.93704259751675
3910,23.0,146.93331366010068,-43.38674837731068
3911,23.0,145.57056937409135,-42.56658652290956
3912,23.0,145.3145495181173,-40.88044873461722
3913,23.0,147.75167888393355,-41.94405403101473
3914,23.0,145.52026371818067,-42.63665511507088
3915,23.0,145.52745024045362,-42.57736630631899
3916,23.0,145.85803026500963,-42.877403611214916
3917,23.0,145.47085637755413,-42.596230927285504
3918,23.0,145.5445182308519,-42.55580673950013
3919,,146.20298333411154,-42.16414127562402
3920,23.0,145.46995806227,-42.60880734126319
3921,23.0,145.22920956612597,-42.27643068613895
3922,23.0,147.84690030405022,-42.05185186510907
3923,23.0,145.84635216631608,-42.85674235968017
3924,23.0,146.45271498309677,-41.42482779679365
3925,23.0,145.93708201001215,-42.84057268456601
3926,23.0,146.91714398498652,-43.3642904952077
3927,23.0,145.81401281608777,-42.85584404439605
3928,,145.50858561948712,-42.626773646945566
3929,23.0,145.2354977731148,-42.2737357402866
3930,23.0,146.12033832797255,-42.63306185393441
3931,23.0,146.80126131333515,-42.73277485047167
3932,23.0,145.49241594437296,-42.609705656547305
3933,,147.9421217241669,-41.11131576263594
3934,23.0,144.99025770055016,-40.98734825342744
3935,22.0,146.84527876225695,-43.513410832371534
3936,23.0,145.74753748506294,-41.762594343622595
3937,23.0,145.53733170857896,-42.582756198023716
3938,23.0,147.00607719811438,-42.56748483819368
3939,23.0,146.39162954377662,-42.908844646159096
3940,23.0,145.57146768937548,-42.545026956090695
3941,23.0,145.03876672589263,-41.03226401763342
3942,23.0,147.47140451528827,-40.99183982984805
3943,23.0,147.92685036433687,-41.02507749536046
3944,23.0,147.72383111012584,-41.994359686925435
3945,23.0,147.33306396153387,-42.94208231167153
3946,,147.51542196421013,-42.39321167307449
3947,,145.96942136024046,-43.013049219116965
3948,23.0,145.52745024045362,-42.583654513307835
3949,23.0,146.0170320702988,-43.30679831702405
3950,5.0,147.27647009863432,-42.56568820762544
3951,23.0,145.31365120283317,-40.882245365185454
3952,23.0,145.95415000041044,-42.86033562081664
3953,23.0,145.23100619669418,-42.26744753329777
3954,23.0,145.53284013215836,-42.59353598143315
3955,23.0,147.49745565852777,-41.453573885885476
3956,22.0,145.9083359209203,-42.63755343035501
3957,23.0,145.7376560169376,-41.52903236975152
3958,23.0,145.83108080648606,-42.851352467975445
3959,23.0,146.73029440588965,-43.0840161265624
3960,23.0,146.5290717822469,-41.34128447537054
3961,23.0,145.84096227461134,-43.21247521219149
3962,,147.69418670574993,-41.14096016701188
3963,23.0,148.22688766923278,-41.40506486054302
3964,23.0,145.47804289982707,-42.595332612001386
3965,23.0,145.96133652268338,-42.83697942342954
3966,23.0,145.7322661252329,-41.77337412703203
3967,23.0,145.2354977731148,-42.28361720841191
3968,23.0,147.27916504448672,-42.556705054784246
3969,23.0,146.1149484362678,-42.63216353865029
3970,23.0,146.13021979609783,-42.64473995262796
3971,23.0,145.5121788806236,-42.621383755240856
3972,23.0,145.53014518630602,-41.23438495656032
3973,,144.93905372935535,-40.68820926381565
3974,23.0,145.84186058989548,-42.85674235968017
3975,23.0,145.23010788141005,-42.281820577843675
3976,,146.4886475944615,-43.025625633094634
3977,23.0,145.2354977731148,-42.2782273167072
3978,23.0,145.96133652268338,-42.870217088941956
3979,23.0,147.21089308289362,-41.1652146796831
3980,23.0,145.68196046932218,-41.370030564462354
3981,23.0,146.62159825651122,-42.7749956688253
3982,23.0,147.25221558596314,-41.14635005871661
3983,23.0,148.0786656473531,-41.7994252702715
3984,23.0,145.9397769558645,-41.37452214088296
3985,23.0,147.33126733096566,-42.22253176909179
3986,23.0,145.56967105880727,-42.5728747298984
3987,,146.0358966912653,-43.32027304628585
3988,23.0,145.59302725619438,-42.56928146876193
3989,23.0,145.73585938636938,-42.7291815893352
3990,23.0,145.48522942210002,-42.61599386353613
3991,23.0,146.44103688440322,-41.27301251377746
3992,23.0,145.5804508422167,-42.54772190194305
3993,16.0,144.92468068480946,-40.71246377648687
3994,22.0,144.87347671361465,-41.0960444028059
3995,23.0,145.95684494626278,-42.43183923029163
3996,24.0,146.93061871424834,-42.84506426098662
3997,23.0,145.29029500544607,-42.158751383919295
3998,23.0,147.77144182018418,-41.04124717047462
3999,23.0,146.3763581839466,-42.11653056556568
4000,23.0,145.59482388676258,-42.58904440501256
4001,23.0,146.34581546428655,-43.33015451441116
4002,23.0,146.0448798441065,-43.326561253274676
4003,23.0,146.8551602303823,-43.08671107241477
4004,23.0,145.53912833914717,-42.540535379670104
4005,,145.9577432615469,-42.87470866536256
4006,23.0,146.49044422502976,-43.02203237195816
4007,23.0,146.91983893083892,-43.29781516418285
4008,,145.2723286997637,-40.94422911978971
4009,23.0,147.62681305944096,-41.222706857866754
4010,23.0,146.40240932718604,-42.90614970030674
4011,23.0,147.9061891128021,-42.04017376641552
4012,23.0,145.60470535488793,-41.42842105793012
4013,23.0,147.55225289085905,-41.51106606406913
4014,23.0,147.50194723494832,-42.487534777907044
4015,23.0,144.83664578696573,-41.06550168314584
4016,,145.0145122132214,-40.97656847001801
4017,23.0,145.51128056533946,-42.60611239541082
4018,9.0,145.53643339329483,-41.18857087707022
4019,23.0,144.876171659467,-41.197554029911416
4020,23.0,144.8546120926481,-41.00711118967807
4021,23.0,145.59662051733085,-42.57826462160311
4022,23.0,145.49690752079357,-42.62318038580909
4023,,145.2678371233431,-40.787023945068796
4024,23.0,146.99619572998904,-42.57017978404605
4025,23.0,145.8481487968843,-42.88189518763552
4026,23.0,145.514873826476,-42.60880734126319
4027,23.0,145.23010788141005,-42.27643068613895
4028,23.0,147.19831666891594,-41.16880794081959
4029,,147.49026913625477,-41.54430372958154
4030,,147.8594767180279,-41.94585066158298
4031,,146.16255914632615,-42.91064127672735
4032,23.0,144.95791835032185,-40.68192105682681
4033,23.0,147.20729982175715,-41.166112994967236
4034,23.0,145.86791173313492,-42.872912034794325
4035,,145.5615862212502,-42.57467136046664
4036,23.0,145.8122161855195,-43.194508906509114
4037,,146.14369452535965,-42.66180794302623
4038,23.0,145.507687304203,-42.57736630631899
4039,23.0,145.59482388676258,-42.57017978404605
4040,23.0,145.49241594437296,-42.60072250370611
4041,23.0,145.54811149198838,-42.57017978404605
4042,23.0,146.3574935629801,-43.35710397293474
4043,23.0,145.52475529460128,-42.607909025979055
4044,23.0,145.8211993383607,-42.871115404226074
4045,23.0,146.50481726957565,-43.02293068724228
4046,23.0,145.55978959068193,-42.54143369495422
4047,23.0,145.55978959068193,-42.56928146876193
4048,23.0,146.9997889911255,-42.57377304518252
4049,23.0,146.29640812365994,-42.23510818306946
4050,23.0,146.46708802764266,-42.53424717268126
4051,23.0,145.95145505455804,-42.84057268456601
4052,23.0,146.6359713010571,-42.72828327405108
4053,23.0,146.4679863429268,-42.533348857397144
4054,23.0,146.90277094044063,-43.32386630742232
4055,,145.80053808682595,-42.878301926499034
4056,,146.9297203989642,-42.38243188966506
4057,,146.47337623463147,-42.544128640806576
4058,23.0,145.52924687102188,-42.61599386353613
4059,11.0,146.8614484373711,-43.4334607720849
4060,23.0,145.5400266544313,-42.557603370068364
4061,23.0,145.85443700387316,-42.878301926499034
4062,23.0,146.8785164277694,-41.40236991469067
4063,,146.9108557779977,-41.63054199685702
4064,23.0,145.50319572778238,-42.571976414614284
4065,23.0,147.55854109784786,-41.236181587128556
4066,23.0,145.4978058360777,-42.56568820762544
4067,23.0,145.8786915165444,-41.27930072076629
4068,23.0,145.54541654613604,-42.545026956090695
4069,23.0,145.51307719590773,-42.59353598143315
4070,23.0,147.63489789699804,-40.946924065642065
4071,23.0,145.612790192445,-42.571976414614284
4072,23.0,147.80108622456015,-41.88925679868345
4073,23.0,145.59212894091024,-42.571976414614284
4074,24.0,146.11135517513134,-42.628570277513816
4075,23.0,145.20944662987534,-42.21534524681883
4076,,145.71968971125523,-41.75900108248611
4077,23.0,145.49600920550944,-42.62497701637733
4078,23.0,147.84420535819788,-42.052750180393204
4079,7.0,145.74394422392646,-42.73277485047167
4080,23.0,145.60740030074027,-42.576467991034875
4081,23.0,146.89468610288355,-41.34757268235937
4082,23.0,148.12358141155903,-41.14275679758012
4083,23.0,145.5211620334648,-42.557603370068364
4084,23.0,145.86072521086197,-42.88279350291964
4085,21.0,147.72203447955764,-42.44441564426931
4086,23.0,145.96492978381985,-42.82799627058834
4087,23.0,145.50139909721418,-41.08616293468059
4088,23.0,146.52278357525807,-43.03101552479936
4089,23.0,147.26928357636137,-42.571976414614284
4090,23.0,145.51846708761246,-42.56658652290956
4091,23.0,147.49655734324364,-42.48394151677057
4092,23.0,145.5166704570442,-42.55311179364777
4093,23.0,145.8292841759178,-42.86482719723725
4094,23.0,145.4933142596571,-42.61599386353613
4095,23.0,147.15789248113055,-41.132875329454805
4096,23.0,146.838092239984,-43.51071588651918
4097,23.0,145.52026371818067,-42.58095956745548
4098,23.0,145.35138044476622,-40.98285667700685
4099,,146.03679500654943,-41.105925870931216
4100,23.0,145.84904711216842,-42.85943730553252
4101,23.0,145.98199777421814,-42.41836450102984
4102,23.0,145.838267328759,-43.211576896907374
4103,23.0,146.36468008525304,-43.34273092838883
4104,23.0,146.12123664325662,-42.66989278058331
4105,23.0,145.53463676272662,-42.54143369495422
4106,23.0,145.47355132340647,-40.959500479619734
4107,23.0,145.82838586063366,-42.87920024178315
4108,23.0,146.80305794390335,-42.72828327405108
4109,23.0,145.51577214176007,-42.58455282859195
4110,,147.8127643232537,-41.94046076987826
4111,23.0,145.46726311641766,-42.62318038580909
4112,,145.52834855573775,-42.545026956090695
4113,23.0,145.50589067363478,-42.56928146876193
4114,23.0,145.72238465710757,-41.02777244121282
4115,23.0,145.55439969897725,-42.57736630631899
4116,23.0,146.48505433332502,-43.02113405667404
4117,23.0,145.73046949466465,-42.723791697630475
4118,4.0,147.4255904357982,-41.33140300724523
4119,,148.11459825871788,-41.06639999842996
4120,23.0,144.94085035992362,-40.67563284983797
4121,23.0,145.96672641438806,-42.8675221430896
4122,23.0,145.48253447624768,-42.58455282859195
4123,24.0,146.51739368355334,-41.306250179289876
4124,23.0,147.48398092926595,-41.54071046844507
4125,23.0,145.51307719590773,-42.595332612001386
4126,23.0,146.9162456697024,-43.3184764157176
4127,23.0,145.48522942210002,-42.62587533166145
4128,23.0,145.981099458934,-42.99867617457106
4129,,147.05817948459332,-43.070541397300616
4130,23.0,145.9721163060928,-42.83608110814542
4131,23.0,146.53895325037223,-41.28469061247101
4132,23.0,146.96744964089726,-42.626773646945566
4133,23.0,146.8084478356081,-42.72648664348284
4134,23.0,147.70137322802287,-41.14275679758012
4135,23.0,145.55529801426133,-42.57826462160311
4136,23.0,145.50409404306652,-42.59173935086491
4137,,146.76892196310683,-42.93759073525092
4138,23.0,145.59302725619438,-42.58724777444431
4139,23.0,145.96852304495633,-42.84775920683897
4140,23.0,146.81743098844925,-42.72648664348284
4141,23.0,147.70047491273874,-41.14096016701188
4142,23.0,147.67981366120404,-41.27121588320921
4143,23.0,147.16148574226708,-41.13826522115953
4144,23.0,145.48612773738415,-42.614197232967896
4145,23.0,146.46079982065385,-42.53514548796538
4146,23.0,146.04128658297003,-43.32476462270644
4147,23.0,146.16255914632615,-43.211576896907374
4148,23.0,148.09393700718311,-41.125688807181845
4149,23.0,145.56697611295488,-42.563891577057205
4150,,145.51128056533946,-42.6186888093885
4151,23.0,145.51128056533946,-42.6052140801267
4152,23.0,146.54883471849752,-42.742656318596985
4153,23.0,145.5067889889189,-42.62318038580909
4154,23.0,147.64298273455512,-42.42016113159808
4155,23.0,147.37258983403513,-41.24246979411738
4156,23.0,145.50319572778238,-42.610603971831424
4157,23.0,145.83647069819074,-43.2079836357709
4158,,147.13273965317524,-43.21606847332798
4159,23.0,147.6932883904658,-41.144553428148356
4160,23.0,146.2631704581475,-42.127310348975115
4161,22.0,147.25311390124722,-41.144553428148356
4162,23.0,145.46905974698586,-42.62318038580909
4163,23.0,145.63973965096858,-41.05472189973641
4164,23.0,145.80862292438303,-41.43111600378249
4165,23.0,147.78401823416186,-41.20923212860497
4166,23.0,147.72652605597824,-41.96561359783361
4167,23.0,144.9318672070824,-40.65137833716675
4168,23.0,145.96942136024046,-43.00316775099165
4169,,145.8247925994972,-41.06460336786172
4170,24.0,145.20495505345474,-41.723966786405455
4171,24.0,145.43582208147342,-42.24858291233126
4172,24.0,145.23370114254658,-41.689830805608906
4173,24.0,148.06429260280714,-41.80391684669209
4174,24.0,144.92557900009353,-41.48411660554554
4175,24.0,146.54524145736104,-42.2279216607965
4176,24.0,146.78778658407333,-43.11815210735895
4177,,146.92163556140713,-42.84326763041838
4178,,145.9487601087057,-42.73457148103991
4179,24.0,146.39073122849248,-42.289007100116635
4180,,148.05890271110246,-41.44279410247604
4181,24.0,145.18159885606764,-41.03855222462225
4182,,147.05817948459332,-41.59910096191284
4183,24.0,146.54883471849752,-42.73187653518755
4184,24.0,145.19417527004532,-41.675457761063
4185,24.0,146.9764327937384,-42.57377304518252
4186,24.0,147.2423341178378,-41.10772250149947
4187,24.0,147.97805433553168,-41.735644885099006
4188,,147.6744237694993,-41.1876725617861
4189,,145.20136179231827,-41.731153308678415
4190,24.0,146.44283351497143,-41.39787833827006
4191,,146.75724386441328,-43.097490855824205
4192,24.0,146.71053146963902,-42.344702647732035
4193,24.0,148.03464819843123,-41.0403488551905
4194,,147.6250164288727,-41.22719843428736
4195,24.0,148.11190331286548,-41.1185022849089
4196,24.0,146.5784791228735,-42.43094091500751
4197,24.0,145.37473664215332,-41.875782069421646
4198,24.0,147.41570896767286,-41.492201443102616
4199,,148.06249597223893,-41.805713477260326
4200,24.0,145.22920956612597,-41.68174596805183
4201,15.0,146.70154831679787,-42.35997400756207
4202,,145.26424386220663,-41.686237544472434
4203,,147.84330704291375,-42.26115932630893
4204,24.0,146.35390030184362,-41.408658121679494
4205,24.0,145.89036961523794,-41.31613164741519
4206,,146.11225349041547,-42.67168941115155
4207,24.0,145.98828598120696,-41.43111600378249
4208,15.0,146.7258028294691,-41.11490902377241
4209,24.0,147.64927094154393,-40.84092286211596
4210,5.0,147.7382041546718,-41.11490902377241
4211,24.0,145.95864157683098,-42.86662382780548
4212,24.0,145.60560367017206,-41.45087894003312
4213,24.0,145.96133652268338,-42.86033562081664
4214,24.0,147.89900259052916,-42.173124428465215
4215,24.0,146.9189406155548,-42.80913164962183
4216,,145.8104195549513,-43.22235668031682
4217,24.0,145.9954725034799,-43.26817075980691
4218,24.0,147.19202846192712,-41.415844643952454
4219,,145.5894339950579,-41.011602766098676
4220,24.0,145.0208004202102,-40.999924667405125
4221,,145.27771859146839,-41.70689879600718
4222,6.0,145.82658923006545,-41.27301251377746
4223,24.0,144.96240992674245,-41.69522069731363
4224,24.0,145.93887864058036,-41.36643730332588
4225,,147.3150976558515,-40.9945347757004
4226,24.0,145.52745024045362,-41.17509614780842
4227,24.0,147.26209705408843,-42.99957448985518
4228,,147.0662643221504,-42.43902575256459
4229,,148.01398694689647,-41.106824186215334
4230,24.0,147.65466083324867,-40.84092286211596
4231,,145.94337021700096,-42.814521541326556
4232,24.0,145.9550483156945,-43.27984885850046
4233,,148.04003809013597,-41.5371172073086
4234,24.0,144.91929079310472,-41.64401672611882
4235,24.0,147.75257719921768,-41.673661130494764
4236,24.0,146.4140874258796,-42.854047413827814
4237,24.0,147.65016925682806,-40.86787232063955
4238,24.0,145.72867286409644,-41.42482779679365
4239,24.0,147.66274567080575,-40.85260096080951
4240,24.0,147.9421217241669,-41.735644885099006
4241,24.0,148.23497250678986,-41.16970625610371
4242,24.0,147.53877816159724,-41.22360517315087
4243,24.0,145.94516684756923,-42.84775920683897
4244,24.0,147.8855278612674,-42.16773453676049
4245,24.0,146.55063134906578,-42.35099085472088
4246,24.0,145.70352003614107,-41.06819662899821
4247,24.0,145.72687623352817,-41.75720445191787
4248,24.0,146.6853786416837,-42.34380433244792
4249,24.0,147.66633893194222,-42.706723707232214
4250,24.0,146.93600860595302,-42.77769061467765
4251,,147.55225289085905,-42.324939711481406
4252,24.0,148.18287022031092,-40.83912623154772
4253,24.0,146.97553447845428,-41.11041744735182
4254,24.0,146.50661390014392,-41.31253838627872
4255,24.0,147.57920234938263,-42.54772190194305
4256,24.0,144.92647731537767,-41.47693008327258
4257,24.0,145.46995806227,-42.24858291233126
4258,24.0,146.55332629491812,-42.238701444205944
4259,,147.40582749954757,-42.45070385125814
4260,24.0,148.09483532246725,-41.12928206831833
4261,24.0,146.48056275690448,-42.6833675098451
4262,24.0,146.61171678838588,-42.22612503022826
4263,23.0,148.1936500037204,-42.0850895306215
4264,5.0,147.95020656172397,-41.11580733905653
4265,24.0,144.87886660531933,-41.47782839855671
4266,24.0,146.85785517623464,-42.96543850905863
4267,,146.37096829224186,-41.40236991469067
4268,24.0,145.55170475312485,-41.2891821888916
4269,14.0,144.98935938526603,-41.6386268344141
4270,,147.7444923616606,-42.01951251488077
4271,24.0,147.75527214507002,-41.19935066047965
4272,,144.98037623242487,-40.87416052762839
4273,24.0,146.97553447845428,-42.57467136046664
4274,,146.02062533143527,-43.34991745066179
4275,19.0,146.86504169850758,-43.09928748639244
4276,24.0,145.18968369362472,-41.69522069731363
4277,,146.3826463909354,-42.08958110704209
4278,24.0,145.45378838715584,-42.24498965119477
4279,24.0,145.24178598010366,-41.71318700299602
4280,,145.36665180459624,-41.92698604061647
4281,24.0,145.5490098072725,-41.12389217661361
4282,24.0,148.09842858360372,-41.13197701417069
4283,24.0,147.89900259052916,-42.184802527158766
4284,24.0,145.25166744822894,-41.69971227373422
4285,,147.99063074950936,-41.043043801042856
4286,24.0,145.3657534893121,-41.93147761703706
4287,24.0,145.1950735853294,-40.8795504193331
4288,24.0,148.23048093036925,-41.166112994967236
4289,23.0,146.50841053071218,-43.028320578947
4290,24.0,147.7938997022872,-41.24965631639034
4291,24.0,146.61171678838588,-42.54143369495422
4292,2.0,147.88822280711975,-41.526337423899164
4293,24.0,146.52547852111041,-42.332126233754366
4294,24.0,146.90995746271358,-42.81631817189479
4295,24.0,145.4421102884623,-42.250379542899495
4296,24.0,146.6206999412271,-42.24678628176301
4297,24.0,147.20550319118888,-42.61689217882025
4298,24.0,147.82354410666312,-41.52184584747856
4299,,147.8271373677996,-41.15353658098955
4300,,145.91552244319325,-42.71750349064165
4301,24.0,146.69705674037726,-42.36985547568739
4302,,148.11819151985435,-41.658389770664726
4303,,147.2567071623837,-43.34003598253648
4304,24.0,146.98092437015902,-42.57467136046664
4305,24.0,145.36036359760743,-41.914409626638786
4306,,144.78364518520266,-41.105925870931216
4307,24.0,145.39090631726748,-41.897341636240526
4308,24.0,146.0125404938782,-43.26996739037514
4309,24.0,146.52188525997394,-42.967235139626865
4310,24.0,146.60542858139706,-42.250379542899495
4311,,146.45990150536971,-43.42896919566431
4312,24.0,144.93815541407122,-41.4823199749773
4313,,146.33323905030886,-43.33644272139999
4314,24.0,146.62159825651122,-42.23690481363769
4315,24.0,146.55332629491812,-42.223430084375906
4316,24.0,145.22022641328476,-41.709593741859535
4317,24.0,146.6979550556614,-42.340211071311444
4318,24.0,146.063744465073,-43.35620565765062
4319,24.0,147.642084419271,-40.85439759137776
4320,24.0,144.9444436210601,-41.46974356099963
4321,24.0,146.01613375501466,-43.26727244452279
4322,,145.73406275580112,-41.261334415083894
4323,24.0,147.32318249340858,-41.13826522115953
4324,24.0,146.35569693241183,-41.408658121679494
4325,24.0,145.04595324816557,-41.222706857866754
4326,24.0,147.52620174761955,-41.601795907765194
4327,24.0,145.38910968669921,-41.88925679868345
4328,24.0,145.27861690675252,-41.70600048072306
4329,24.0,146.56680102417994,-42.262057641593046
4330,24.0,148.0382414595677,-41.106824186215334
4331,24.0,146.13111811138197,-41.479625029124946
4332,24.0,145.1744123337947,-40.882245365185454
4333,24.0,144.71267827775722,-40.71965029875983
4334,,147.0590777998774,-42.94118399638741
4335,24.0,144.95432508918537,-41.665576292937686
4336,24.0,146.63327635520477,-42.24229470534242
4337,24.0,147.84151041234554,-42.42824596915516
4338,24.0,146.15896588518967,-42.61779049410437
4339,4.0,144.94803688219656,-41.47064187628375
4340,,146.57398754645288,-42.237803128921826
4341,24.0,145.36665180459624,-41.934172562889415
4342,24.0,145.38551642556274,-41.90003658209288
4343,,146.34761209485475,-41.27211419849333
4344,,145.94247190171683,-42.85494572911193
4345,24.0,146.00355734103698,-41.42662442736189
4346,24.0,145.17261570322643,-41.73294993924665
4347,,146.48505433332502,-42.63755343035501
4348,24.0,144.90940932497938,-41.46704861514726
4349,24.0,145.06930944555268,-41.21641865087793
4350,24.0,145.45648333300818,-42.243193020626535
4351,24.0,146.65483592202366,-41.96291865198124
4352,24.0,144.89683291100175,-41.48321829026142
4353,,144.90132448742236,-41.25953778451566
4354,24.0,146.6314797246365,-42.2413963900583
4355,,145.37743158800566,-41.90362984322935
4356,24.0,147.46691293886767,-41.48681155139789
4357,24.0,144.90312111799057,-41.480523344409065
4358,24.0,146.57308923116875,-42.24588796647889
4359,4.0,144.9507318280489,-41.46345535401079
4360,24.0,146.91983893083892,-42.80913164962183
4361,24.0,146.56949597003228,-42.26026101102481
4362,24.0,146.75544723384502,-43.094795909971836
4363,24.0,147.68161029177224,-40.84002454683184
4364,23.0,146.45361329838084,-41.27391082906158
4365,24.0,146.9746361631702,-41.108620816783585
4366,24.0,145.0800892289621,-41.775170757600264
4367,24.0,147.89900259052916,-43.10737232394952
4368,24.0,145.69004530687926,-41.46435366929491
4369,24.0,146.49044422502976,-41.4823199749773
4370,,148.06968249451188,-42.667197834730956
4371,24.0,147.24143580255367,-41.17329951724018
4372,24.0,144.9336638376506,-41.666474608221804
4373,24.0,146.6386662469095,-42.26654921801364
4374,24.0,145.21753146743242,-41.709593741859535
4375,24.0,145.90025108336323,-41.313436701562836
4376,24.0,147.66454230137396,-40.845414438536565
4377,24.0,145.67118068591276,-41.46974356099963
4378,,145.3406006613568,-42.15605643806694
4379,24.0,147.67711871535164,-40.86068579836659
4380,24.0,147.8909177529721,-43.03820204707232
4381,,147.88642617655148,-41.20833381332085
4382,,147.77683171188892,-41.20833381332085
4383,,144.96869813373132,-41.6619830318012
4384,24.0,145.35587202118683,-41.909918050218195
4385,24.0,145.70352003614107,-41.06101010672525
4386,24.0,145.98559103535462,-41.43291263435073
4387,24.0,146.5209869446898,-42.289007100116635
4388,24.0,146.5892589062829,-42.25936269574069
4389,24.0,145.44300860374642,-42.24858291233126
4390,24.0,147.6914917598976,-42.025800721869615
4391,16.0,145.06391955384794,-41.23258832599207
4392,24.0,146.55602124077046,-42.24588796647889
4393,24.0,146.8569568609505,-43.08042286542593
4394,24.0,145.2040567381706,-41.70869542657542
4395,24.0,146.63507298577304,-42.2647525874454
4396,24.0,145.244480925956,-41.71318700299602
4397,24.0,145.67118068591276,-41.46525198457903
4398,24.0,148.13705614082085,-41.18677424650198
4399,,146.55781787133873,-42.24678628176301
4400,24.0,148.23676913735812,-41.16072310326251
4401,24.0,146.51380042241686,-43.031913840083476
4402,24.0,145.3612619128915,-41.90722310436584
4403,24.0,145.79514819512127,-41.371827195030605
4404,24.0,145.9936758729117,-43.26996739037514
4405,24.0,146.61531004952235,-42.223430084375906
4406,24.0,147.76695024376363,-41.65030493310765
4407,24.0,145.45199175658757,-42.24049807477418
4408,24.0,145.00463074509605,-40.97028026302917
4409,24.0,146.7123281002073,-42.35099085472088
4410,24.0,145.24268429538773,-41.70689879600718
4411,24.0,146.65483592202366,-41.408658121679494
4412,24.0,147.70855975029582,-41.473336822136105
4413,24.0,144.9552234044695,-41.666474608221804
4414,24.0,147.67172882364696,-40.85529590666188
4415,24.0,145.23100619669418,-41.710492057143654
4416,24.0,146.5425465115087,-42.21983682323943
4417,24.0,145.97481125194514,-43.26817075980691
4418,24.0,145.44480523431463,-42.26654921801364
4419,24.0,146.05655794280005,-41.47782839855671
4420,24.0,146.78419332293686,-43.01933742610581
4421,3.0,147.79300138700307,-41.99076642578895
4422,24.0,146.47517286519974,-42.63935006092325
4423,24.0,146.1230332738249,-41.16251973383075
4424,24.0,147.64477936512333,-41.1876725617861
4425,24.0,146.48595264860916,-42.988794706445745
4426,24.0,145.94696347813743,-41.36553898804176
4427,24.0,147.65016925682806,-40.83553297041125
4428,,146.55332629491812,-42.23420986778534
4429,24.0,146.55063134906578,-42.24678628176301
4430,24.0,146.59195385213525,-42.25397280403597
4431,,147.38426793272868,-41.5056761723644
4432,24.0,145.9227089654662,-42.71930012120988
4433,24.0,145.92181065018212,-42.720198436494
4434,,147.84510367348201,-42.59173935086491
4435,24.0,145.35856696703917,-41.89913826680876
4436,24.0,147.52799837818782,-41.26492767622038
4437,24.0,145.20495505345474,-41.70330553487071
4438,24.0,147.35462352835276,-41.35565751991645
4439,24.0,146.48415601804095,-42.63845174563913
4440,14.0,144.97049476429953,-41.6386268344141
4441,,147.8576800874597,-41.92518941004822
4442,24.0,148.23766745264226,-41.16072310326251
4443,24.0,145.23729440368305,-41.69522069731363
4444,,147.05548453874093,-42.43273754557576
4445,,145.19148032419292,-41.73384825453077
4446,24.0,146.72849777532144,-42.35009253943676
4447,24.0,147.9142739503592,-42.666299519446824
4448,24.0,146.6359713010571,-42.34200770187968
4449,24.0,147.54147310744958,-41.2200119120144
4450,,146.00176071046877,-41.42482779679365
4451,23.0,145.9298954877392,-42.827097955304225
4452,,147.0402131789109,-41.03855222462225
4453,24.0,146.9000759945883,-43.47568159043851
4454,,146.46169813593792,-42.53155222682891
4455,24.0,147.747187307513,-41.98986811050483
4456,24.0,144.9785796018566,-40.876855473480745
4457,13.0,145.3783299032898,-41.91261299607055
4458,24.0,145.20675168402295,-41.679051022199474
4459,24.0,146.88390631947414,-43.40561299827719
4460,24.0,145.9909809270593,-41.430217688498374
4461,21.0,145.55350138369312,-41.171502886671945
4462,24.0,145.46007659414465,-42.243193020626535
4463,,144.9830711782772,-40.87505884291251
4464,24.0,146.77521017009565,-41.25145294695858
4465,24.0,147.75347551450182,-41.66737292350592
4466,24.0,145.97481125194514,-43.26637412923867
4467,24.0,146.50391895429158,-42.9780149230363
4468,24.0,144.83754410224986,-41.49399807367085
4469,24.0,147.7570687756383,-41.66827123879004
4470,,144.8034081214533,-41.01878928837162
4471,24.0,146.55781787133873,-42.26385427216128
4472,24.0,147.07345084442335,-41.24516473996975
4473,,146.16076251575788,-41.45806546230608
4474,24.0,144.9372570987871,-41.48142165969318
4475,24.0,147.36001342005744,-43.24211961656745
4476,24.0,146.67998874997897,-41.96291865198124
4477,24.0,147.87025650143732,-41.95483381442416
4478,24.0,147.62860969000917,-41.22719843428736
4479,24.0,146.56230944775933,-42.24948122761538
4480,24.0,146.8874995806106,-42.85764067496429
4481,24.0,145.1932769547612,-41.70869542657542
4482,24.0,146.56500439361167,-42.25397280403597
4483,24.0,144.94534193634416,-41.66737292350592
4484,,146.65483592202366,-41.41225138281598
4485,24.0,144.9677998184472,-41.6844409139042
4486,24.0,147.7067631197276,-41.07089157485056
4487,24.0,144.8591036690687,-41.47872671384083
4488,24.0,146.33503568087707,-43.34542587424119
4489,24.0,145.97930282836575,-43.257390976397474
4490,24.0,147.44265842619643,-41.13197701417069
4491,24.0,146.59914037440825,-42.24678628176301
4492,24.0,144.9462402516283,-41.659288085948845
4493,24.0,144.98127454770895,-40.876855473480745
4494,24.0,146.86863495964406,-43.20259374406618
4495,,145.387313056131,-41.91890120305939
4496,24.0,146.52997009753102,-43.013049219116965
4497,24.0,147.4911674515389,-41.449980624749
4498,24.0,146.59914037440825,-42.2413963900583
4499,,147.27377515278198,-41.14904500456896
4500,24.0,144.9372570987871,-40.86787232063955
4501,24.0,147.64388104983925,-40.842719492684196
4502,24.0,147.8361205206408,-42.26744753329777
4503,24.0,145.20495505345474,-41.44279410247604
4504,24.0,145.24358261067187,-41.70689879600718
4505,24.0,146.59105553685117,-42.24229470534242
4506,24.0,146.52458020582628,-42.28990541540075
4507,24.0,145.37294001158506,-42.238701444205944
4508,24.0,147.88373123069914,-42.16863285204461
4509,24.0,147.66633893194222,-40.86068579836659
4510,,144.92557900009353,-40.62802213977963
4511,24.0,146.39791775076543,-42.10934404329272
4512,,145.9442685322851,-42.814521541326556
4513,24.0,145.37204169630098,-41.896443320956394
4514,,146.58566564514643,-42.27283742500248
4515,24.0,144.98037623242487,-41.67455944577888
4516,24.0,147.64028778870278,-40.86607569007131
4517,24.0,146.71322641549142,-42.344702647732035
4518,24.0,146.55063134906578,-42.371652106255624
4519,24.0,144.93456215293475,-41.47513345270434
4520,24.0,147.05368790817272,-42.49741624603236
4521,24.0,145.22471798970537,-41.678152706915355
4522,,146.93151702953247,-42.77140240768881
4523,24.0,146.6386662469095,-42.24409133591065
4524,,144.9597149808901,-41.47872671384083
4525,24.0,145.18968369362472,-41.723966786405455
4526,24.0,146.1553726240532,-41.45626883173783
4527,24.0,147.5890838175079,-41.20743549803673
4528,,146.96026311862425,-41.30984344042635
4529,,147.8873244918356,-42.180310950738175
4530,24.0,145.38821137141514,-41.90632478908172
4531,24.0,145.25526070936542,-41.70330553487071
4532,24.0,147.32408080869266,-41.33679289894994
4533,24.0,147.93852846303042,-41.91890120305939
4534,24.0,147.45433652489004,-41.26402936093626
4535,24.0,145.97031967552454,-43.290628641909905
4536,24.0,145.4483984954511,-42.26565090272952
4537,24.0,145.20046347703413,-41.68084765276771
4538,24.0,147.72652605597824,-42.01232599260781
4539,24.0,144.9444436210601,-41.65659314009649
4540,24.0,146.63776793162538,-42.26744753329777
4541,,146.6593274984442,-41.36553898804176
4542,9.0,147.48308261398182,-42.397703249495095
4543,24.0,145.2274129355577,-41.710492057143654
4544,24.0,144.9651048725948,-41.69162743617714
4545,24.0,145.37653327272153,-41.900934897377
4546,24.0,145.23819271896713,-41.705102165438944
4547,24.0,146.54524145736104,-42.22163345380767
4548,14.0,144.96869813373132,-41.64132178026645
4549,24.0,147.88373123069914,-42.17492105903345
4550,24.0,146.4787661263362,-42.61240060239966
4551,24.0,147.0402131789109,-43.19271227594086
4552,3.0,146.96385637976073,-41.53262563088799
4553,24.0,146.47966444162034,-42.67797761814039
4554,24.0,147.11656997806108,-42.988794706445745
4555,,146.51559705298513,-42.99867617457106
4556,15.0,147.68250860705638,-41.46345535401079
4557,24.0,146.50302063900745,-42.97531997718394
4558,24.0,146.3592901935483,-41.408658121679494
4559,24.0,145.8355723829066,-41.39428507713359
4560,24.0,146.09518550001718,-41.33230132252935
4561,24.0,147.642084419271,-40.87236389706014
4562,,145.38641474084687,-41.88925679868345
4563,3.0,146.63956456219358,-42.24409133591065
4564,24.0,146.161660831042,-41.460760408158436
4565,24.0,145.16902244208995,-41.73294993924665
4566,24.0,145.4466018648829,-42.25217617346773
4567,24.0,145.09536058879218,-40.97567015473389
4568,24.0,146.98272100072728,-41.18946919235434
4569,,147.17046889510823,-41.016992657803385
4570,24.0,147.5917787633603,-41.14904500456896
4571,,145.9784045130816,-41.2200119120144
4572,24.0,146.5021223237233,-42.99598122871869
4573,24.0,147.3168942864197,-41.11041744735182
4574,,147.8639682944485,-41.806611792544444
4575,24.0,147.84330704291375,-42.25397280403597
4576,,147.26299536937256,-43.094795909971836
4577,24.0,147.17496047152883,-43.167559447985525
4578,24.0,147.24592737897427,-41.178689408944905
4579,24.0,148.02835999144236,-41.02597581064458
4580,,144.97678297128834,-41.68084765276771
4581,24.0,144.94983351276477,-40.90560156257257
4582,24.0,148.23317587622165,-41.15623152684192
4583,24.0,147.04380644004738,-42.49292466961177
4584,24.0,145.37024506573272,-41.935969193457666
4585,24.0,145.23280282726245,-41.70061058901834
4586,24.0,147.82444242194725,-42.26744753329777
4587,24.0,146.6018353202606,-42.24229470534242
4588,24.0,146.514698737701,-42.28451552369603
4589,24.0,146.37366323809425,-41.29636871116456
4590,24.0,144.93546046821888,-41.45986209287432
4591,24.0,145.4528900718717,-42.243193020626535
4592,24.0,147.5827956105191,-40.998128036836874
4593,24.0,145.44031365789402,-42.237803128921826
4594,24.0,146.16076251575788,-42.615095548252015
4595,24.0,144.95252845861717,-41.68264428333596
4596,24.0,147.34384374494329,-41.31253838627872
4597,24.0,147.47859103756122,-40.99004319927981
4598,,147.8037811704125,-42.02041083016489
4599,24.0,146.82192256486985,-41.61886389816347
4600,24.0,144.94803688219656,-41.66467797765357
4601,24.0,145.21303989101182,-41.673661130494764
4602,24.0,144.85371377736402,-41.48950649725026
4603,24.0,148.04093640542004,-41.42572611207777
4604,,148.26461691116583,-41.974596750674806
4605,24.0,147.7121530114323,-41.125688807181845
4606,24.0,146.69436179452492,-42.34200770187968
4607,,146.90456757100884,-42.815419856610674
4608,24.0,147.48038766812948,-41.5281340544674
4609,4.0,144.9444436210601,-41.47154019156787
4610,24.0,146.91534735441832,-42.85764067496429
4611,24.0,145.89396287637442,-42.27193910971836
4612,14.0,144.94713856691243,-41.65659314009649
4613,24.0,146.56949597003228,-42.22612503022826
4614,24.0,146.89917767930416,-43.346324189525305
4615,24.0,147.84330704291375,-42.26834584858189
4616,24.0,147.88193460013088,-41.20114729104789
4617,24.0,147.94391835473516,-41.91620625720704
4618,,147.99063074950936,-41.39787833827006
4619,24.0,145.24178598010366,-41.70330553487071
4620,24.0,145.46366985528113,-41.07628146655527
4621,24.0,146.73658261287852,-42.36266895341443
4622,24.0,146.45451161366498,-42.62318038580909
4623,24.0,146.51200379184866,-43.00316775099165
4624,24.0,146.52997009753102,-42.3339228643226
4625,24.0,146.9342119753848,-42.77050409240469
4626,24.0,147.7633569826271,-41.114010708488294
4627,24.0,146.5191903141216,-42.363567268698546
4628,24.0,145.07290270668915,-41.77786570345262
4629,,145.9999640799005,-43.27266233622751
4630,24.0,144.94983351276477,-41.47064187628375
4631,24.0,145.965828099104,-43.27984885850046
4632,24.0,147.66184735552162,-40.84092286211596
4633,24.0,144.8258660035563,-41.005314559109834
4634,,144.95252845861717,-41.670966184642396
4635,24.0,145.46726311641766,-42.24768459704714
4636,24.0,146.72220956833257,-42.38153357438094
4637,24.0,146.52008862940573,-42.36446558398268
4638,24.0,145.39000800198335,-40.85529590666188
4639,,147.52979500875603,-41.26492767622038
4640,6.0,147.9295453101892,-41.132875329454805
4641,,147.71574627256877,-41.90452815851347
4642,24.0,147.9744610743952,-41.73744151566724
4643,,146.91714398498652,-42.807335019053596
4644,24.0,148.06788586394362,-41.04124717047462
4645,24.0,145.67297731648102,-40.99902635212099
4646,24.0,145.16902244208995,-41.73205162396253
4647,24.0,147.07434915970748,-42.50729771415767
4648,24.0,147.66274567080575,-40.85529590666188
4649,24.0,146.64225950804598,-42.243193020626535
4650,24.0,145.20315842288647,-41.679051022199474
4651,24.0,148.1110049975814,-41.120298915477136
4652,24.0,146.51739368355334,-43.03101552479936
4653,24.0,146.5425465115087,-42.23420986778534
4654,24.0,145.21483652158003,-41.73025499339428
4655,24.0,147.64118610398685,-40.857092537230116
4656,24.0,147.65016925682806,-40.85170264552539
4657,24.0,147.83701883592494,-42.410279663472764
4658,,146.5757841770211,-42.23331155250122
4659,24.0,144.8501205162275,-41.485014920829656
4660,24.0,147.9187655267798,-42.42285607745043
4661,24.0,148.24754892076754,-41.17599446309255
4662,24.0,147.68520355290872,-40.85978748308247
4663,24.0,148.25024386661988,-41.16251973383075
4664,24.0,145.89575950694262,-41.311640070994585
4665,24.0,145.64962111909387,-41.237079902412674
4666,24.0,144.9489351974807,-41.46704861514726
4667,24.0,146.4554099289491,-42.62318038580909
4668,24.0,146.59285216741938,-42.25127785818361
4669,24.0,145.45199175658757,-42.236006498353575
4670,,145.38641474084687,-41.91890120305939
4671,,147.12824807675463,-42.36266895341443
4672,24.0,145.07649596782562,-41.77786570345262
4673,24.0,146.57129260060054,-42.22522671494414
4674,24.0,145.19148032419292,-41.73294993924665
4675,,145.3783299032898,-40.856194221946
4676,24.0,147.6744237694993,-41.185875931217865
4677,24.0,146.4446301455397,-41.42482779679365
4678,24.0,146.50391895429158,-42.97352334661571
4679,24.0,145.21124326044355,-41.711390372427786
4680,24.0,146.87582148191706,-41.65479650952825
4681,24.0,145.25795565521776,-41.69342406674539
4682,24.0,146.70783652378668,-41.34847099764349
4683,14.0,144.87527334418286,-41.48321829026142
4684,24.0,146.48505433332502,-42.68246919456098
4685,24.0,145.79874145625774,-41.37272551031472
4686,,146.71142978492315,-41.12928206831833
4687,24.0,145.1932769547612,-41.71318700299602
4688,24.0,147.7615603520589,-42.56029831592073
4689,24.0,146.6081235272494,-42.2413963900583
4690,24.0,145.9954725034799,-43.264577498670434
4691,24.0,145.98020114364988,-41.43381094963485
4692,,148.11190331286548,-41.12209554604537
4693,24.0,146.71053146963902,-42.34200770187968
4694,24.0,146.88570295004234,-43.404714682993074
4695,24.0,147.1129767169246,-42.99238796758222
4696,24.0,147.8594767180279,-41.92788435590059
4697,24.0,146.5236818905422,-42.29080373068487
4698,,146.83719392469987,-42.9825064994569
4699,,144.97049476429953,-40.87326221234427
4700,,147.62232148302036,-41.441895787191925
4701,24.0,146.6763954888425,-41.3439794212229
4702,24.0,145.37563495743746,-41.921596148911746
4703,,147.94840993115577,-41.91261299607055
4704,24.0,146.4554099289491,-42.61599386353613
4705,24.0,147.6600507249534,-40.842719492684196
4706,24.0,148.1128016281496,-41.12389217661361
4707,,145.43043218976874,-42.257566065172455
4708,24.0,148.23048093036925,-41.06011179144113
4709,24.0,147.8873244918356,-42.16863285204461
4710,24.0,144.97588465600427,-41.6844409139042
4711,24.0,145.99637081876403,-43.25469603054512
4712,24.0,146.97733110902254,-42.57377304518252
4713,24.0,146.59554711327172,-42.26654921801364
4714,24.0,148.23227756093752,-41.159824787978394
4715,24.0,145.2319045119783,-41.705102165438944
4716,24.0,145.4573816482923,-42.24229470534242
4717,24.0,145.9550483156945,-43.28074717378459
4718,,145.24717587180834,-41.70061058901834
4719,24.0,144.96151161145832,-41.69611901259775
4720,24.0,145.25166744822894,-41.709593741859535
4721,24.0,147.61782990659975,-41.21462202030969
4722,24.0,145.16542918095348,-40.806786881319425
4723,24.0,147.05099296232032,-41.15443489627367
4724,24.0,146.56500439361167,-42.257566065172455
4725,24.0,146.33862894201354,-43.346324189525305
4726,,145.244480925956,-40.98016173115448
4727,24.0,147.75886540620655,-41.67455944577888
4728,24.0,146.55422461020225,-42.24768459704714
4729,,145.01361389793726,-41.00172129797336
4730,24.0,145.46187322471292,-40.998128036836874
4731,24.0,146.8596518068029,-43.07233802786885
4732,24.0,147.06446769158214,-41.25324957752683
4733,24.0,146.04398152882237,-43.404714682993074
4734,24.0,147.34564037551155,-43.39123995373129
4735,24.0,145.92899717245507,-42.706723707232214
4736,24.0,145.21303989101182,-41.68084765276771
4737,24.0,146.46618971235853,-42.68875740154982
4738,,146.6341746704889,-42.33571949489085
4739,24.0,144.93276552236654,-41.45716714702195
4740,24.0,145.99008261177516,-41.429319373214256
4741,24.0,146.80215962861922,-41.229893380139714
4742,,147.25041895539488,-41.321521539119914
4743,24.0,145.23729440368305,-41.70150890430246
4744,24.0,145.19417527004532,-41.70600048072306
4745,24.0,145.0702077608368,-41.23258832599207
4746,24.0,147.88912112240388,-42.17671768960169
4747,24.0,145.37563495743746,-41.922494464195864
4748,,147.61603327603154,-41.43920084133957
4749,24.0,146.85605854566643,-43.083117811278285
4750,24.0,145.36485517402798,-41.91620625720704
4751,1.0,146.5829706992941,-42.47585667921349
4752,24.0,147.03482328720622,-42.18210758130641
4753,24.0,145.9227089654662,-42.692350662686295
4754,24.0,146.64136119276185,-42.34829590886852
4755,24.0,144.77735697821385,-40.52741082795825
4756,24.0,145.37024506573272,-42.24049807477418
4757,24.0,146.71771799191202,-42.36177063813031
4758,24.0,145.981099458934,-41.22540180371912
4759,,146.63327635520477,-42.24498965119477
4760,24.0,144.9552234044695,-41.68354259862008
4761,24.0,146.7168196766279,-42.38153357438094
4762,24.0,146.57398754645288,-42.22971829136475
4763,24.0,145.3549737059027,-41.90901973493408
4764,24.0,147.94751161587163,-41.37362382559884
4765,24.0,144.94534193634416,-41.47243850685199
4766,24.0,144.96330824202659,-41.686237544472434
4767,24.0,144.91479921668412,-41.6431184108347
4768,23.0,146.50930884599626,-42.21265030096647
4769,24.0,145.92360728075033,-42.704927076663964
4770,24.0,146.6296830940683,-42.25217617346773
4771,24.0,144.96151161145832,-41.66108471651708
4772,,146.53086841281515,-43.01394753440108
4773,,145.24717587180834,-41.690729120893025
4774,24.0,147.57740571881436,-41.38620023957651
4775,,145.94157358643275,-42.819911433031265
4776,24.0,145.22202304385303,-41.7077971112913
4777,,147.8999009058133,-41.92518941004822
4778,24.0,147.64567768040746,-40.86877063592367
4779,24.0,145.1699207573741,-40.88583862632194
4780,24.0,146.58386901457817,-42.76511420069998
4781,,146.61620836480648,-43.539461975611005
4782,,146.91265240856592,-41.77606907288438
4783,24.0,147.5729141423938,-42.537840433817735
4784,24.0,145.88677635410147,-41.326013115540505
4785,24.0,148.23856576792633,-41.15712984212604
4786,23.0,146.50841053071218,-43.025625633094634
4787,24.0,145.19866684646587,-41.72666173225781
4788,24.0,148.21520957053923,-41.16072310326251
4789,24.0,148.06968249451188,-41.806611792544444
4790,24.0,146.47337623463147,-42.63845174563913
4791,24.0,147.07165421385508,-41.241571478833265
4792,1.0,147.81456095382197,-41.89285005981992
4793,24.0,145.36036359760743,-41.9242910947641
4794,24.0,147.6699321930787,-43.064253190311774
4795,24.0,148.11010668229727,-41.11760396962478
4796,24.0,147.71035638086408,-41.47423513742022
4797,24.0,144.85820535378457,-41.47872671384083
4798,,148.03734314428357,-41.03945053990638
4799,24.0,147.81186600796957,-42.71570686007341
4800,24.0,145.96043820739925,-42.86931877365784
4801,24.0,145.92450559603446,-42.718401805925765
4802,24.0,146.65214097617127,-41.409556436963626
4803,24.0,146.70783652378668,-42.36087232284619
4804,23.0,144.98396949356135,-40.98644993814332
4805,24.0,147.4866758751183,-41.49040481253438
4806,24.0,146.96744964089726,-43.18372912309968
4807,24.0,146.6979550556614,-42.370753790971506
4808,24.0,145.36755011988038,-41.90183321266112
4809,24.0,146.32605252803592,-43.32835788384291
4810,24.0,145.37563495743746,-41.91890120305939
4811,,145.24717587180834,-41.69432238202951
4812,24.0,146.6979550556614,-41.184079300649614
4813,24.0,146.56949597003228,-42.25936269574069
4814,24.0,146.45271498309677,-42.24858291233126
4815,5.0,146.2119664869527,-41.40236991469067
4816,24.0,147.68610186819285,-40.85260096080951
4817,24.0,147.0941120959581,-41.248758001106225
4818,24.0,145.2022601076024,-41.67635607634712
4819,24.0,146.9000759945883,-41.42842105793012
4820,24.0,148.03734314428357,-41.0403488551905
4821,24.0,144.93007057651414,-41.45986209287432
4822,24.0,147.61423664546328,-41.44279410247604
4823,24.0,146.5021223237233,-41.311640070994585
4824,,146.33323905030886,-41.267622622072736
4825,,146.23262773848745,-43.33644272139999
4826,24.0,145.2184297827165,-41.70061058901834
4827,24.0,145.37114338101685,-41.89464669038816
4828,,148.17927695917444,-40.83732960097949
4829,24.0,146.62249657179535,-42.2324132372171
4830,24.0,147.63669452756625,-41.22630011900324
4831,24.0,146.70603989321847,-42.35099085472088
4832,24.0,145.95594663097864,-41.1050275556471
4833,,147.1740621562447,-43.16666113270141
4834,24.0,145.46277153999705,-40.999924667405125
4835,24.0,146.56320776304347,-42.22971829136475
4836,,146.800362998051,-41.28558892775513
4837,24.0,145.37743158800566,-41.900934897377
4838,3.0,144.95252845861717,-41.4823199749773
4839,24.0,147.74089910052413,-42.01232599260781
4840,24.0,145.2229213591371,-41.675457761063
4841,24.0,147.14351943658465,-42.7291815893352
4842,24.0,148.06069934167067,-41.806611792544444
4843,24.0,146.86773664435998,-42.12820866425923
4844,24.0,146.4509183525285,-42.61779049410437
4845,24.0,144.85820535378457,-41.48950649725026
4846,24.0,144.93546046821888,-41.47243850685199
4847,,147.32048754755618,-41.33948784480229
4848,24.0,145.3504821294821,-41.90542647379759
4849,24.0,147.14531606715292,-42.72738495876696
4850,24.0,147.1956217230636,-41.19216413820669
4851,,146.41588405644785,-42.84955583740721
4852,24.0,147.14801101300526,-42.486636462622926
4853,24.0,147.6510675721122,-40.84092286211596
4854,24.0,147.84420535819788,-42.26834584858189
4855,24.0,147.75796709092242,-42.56029831592073
4856,24.0,145.21303989101182,-41.473336822136105
4857,24.0,147.6834069223405,-40.86068579836659
4858,24.0,146.70783652378668,-42.35278748528911
4859,,146.33054410445646,-43.35171408123003
4860,24.0,147.15160427414173,-42.2782273167072
4861,,146.9234321919754,-42.84326763041838
4862,5.0,147.66903387779456,-40.85260096080951
4863,24.0,147.71305132671642,-41.90362984322935
4864,24.0,148.2421590290628,-41.16251973383075
4865,24.0,145.76909705188177,-41.409556436963626
4866,,145.13308983072517,-41.02148423422399
4867,24.0,146.90816083214537,-42.814521541326556
4868,24.0,145.25256576351308,-41.690729120893025
4869,24.0,146.27574687212518,-41.37991203258767
4870,24.0,147.67262713893103,-41.11670565434065
4871,24.0,145.45199175658757,-42.255769434604204
4872,24.0,145.39000800198335,-41.88925679868345
4873,,148.24305734434694,-41.06460336786172
4874,24.0,145.08637743595096,-41.786848856293815
4875,10.0,145.76730042131356,-41.410454752247745
4876,,146.2299327926351,-43.334646090831754
4877,24.0,145.20495505345474,-41.67635607634712
4878,24.0,146.59644542855585,-42.549518532511286
4879,,147.22616444272364,-42.20995535511412
4880,,146.49493580145037,-42.98430313002514
4881,24.0,147.38426793272868,-41.504777857080285
4882,24.0,147.06087443044566,-41.59910096191284
4883,,145.3612619128915,-41.90632478908172
4884,13.0,145.23729440368305,-40.82295655643357
4885,24.0,146.07632087905068,-41.429319373214256
4886,24.0,148.22239609281218,-41.15443489627367
4887,24.0,145.2319045119783,-41.70150890430246
4888,24.0,145.37743158800566,-41.909918050218195
4889,14.0,144.91479921668412,-41.47872671384083
4890,24.0,145.76011389904062,-41.409556436963626
4891,24.0,145.20585336873887,-41.73025499339428
4892,24.0,144.93456215293475,-41.4589637775902
4893,24.0,146.63058140935243,-42.26115932630893
4894,24.0,146.4419351996873,-41.422132850941296
4895,24.0,147.18574025493825,-41.043043801042856
4896,24.0,146.8569568609505,-43.08132118071005
4897,24.0,147.8855278612674,-42.16683622147637
4898,,147.16238405755115,-42.83787773871366
4899,24.0,146.4742745499156,-42.63036690808205
4900,24.0,145.36665180459624,-41.91351131135467
4901,,147.7040681738752,-41.95663044499241
4902,24.0,145.43672039675755,-42.24678628176301
4903,24.0,144.9183924778206,-41.48142165969318
4904,,146.88929621117882,-41.07807809712352
4905,24.0,146.60992015781767,-42.54233201023834
4906,24.0,147.69059344461346,-42.02130914544901
4907,24.0,145.5660777976708,-41.02238254950811
4908,,146.777905115948,-41.96561359783361
4909,,147.18394362437004,-41.41404801338422
4910,24.0,146.50481726957565,-41.313436701562836
4911,14.0,144.9318672070824,-41.47513345270434
4912,24.0,146.9719412173178,-41.10412924036298
4913,24.0,148.2448539749152,-41.18138435479726
4914,5.0,146.161660831042,-41.45537051645371
4915,24.0,145.2354977731148,-41.70240721958659
4916,24.0,145.37114338101685,-41.928782671184706
4917,24.0,147.9870374883729,-41.04573874689521
4918,24.0,144.93456215293475,-41.671864499926514
4919,24.0,147.58549055637144,-40.96399205604034
4920,24.0,148.0598010263866,-41.80391684669209
4921,,145.2588539705019,-41.697017327881866
4922,24.0,146.53086841281515,-43.01125258854873
4923,24.0,147.4938623973913,-41.06011179144113
4924,24.0,146.82551582600632,-43.11366053093835
4925,24.0,147.75527214507002,-41.205638867468494
4926,,147.9933256953617,-41.048433692747565
4927,24.0,146.58117406872583,-41.27930072076629
4928,,147.89900259052916,-41.922494464195864
4929,24.0,147.67352545421517,-40.86068579836659
4930,24.0,145.21483652158003,-41.690729120893025
4931,24.0,147.1129767169246,-42.99508291343457
4932,16.0,146.5470380879293,-42.230616606648866
4933,24.0,144.96869813373132,-41.689830805608906
4934,24.0,145.2723286997637,-41.70330553487071
4935,24.0,146.70603989321847,-42.340211071311444
4936,,145.19597190061353,-41.673661130494764
4937,24.0,147.16597731868762,-42.24498965119477
4938,,146.56051281719107,-42.344702647732035
4939,,146.17154229916736,-43.42896919566431
4940,24.0,147.83701883592494,-41.531727315603874
4941,24.0,146.8955844181677,-42.87381035007844
4942,24.0,148.11190331286548,-41.12479049189773
4943,23.0,146.09877876115365,-42.622282070524975
4944,24.0,145.08547912066683,-41.7769673881685
4945,24.0,145.44570354959876,-42.26565090272952
4946,24.0,146.5551229254864,-42.3563807464256
4947,24.0,146.05206636637945,-43.3553073423665
4948,24.0,148.28168490156406,-41.23528327184444
4949,,146.33054410445646,-43.34991745066179
4950,18.0,145.17980222549937,-41.043942116326974
4951,24.0,144.8447306245228,-41.47782839855671
4952,24.0,145.45917827886058,-42.25217617346773
4953,24.0,146.51110547656452,-42.99957448985518
4954,24.0,146.91265240856592,-42.808233334337714
4955,,145.16273423510108,-40.80588856603531
4956,24.0,145.38102484914214,-41.917104572491155
4957,24.0,147.1956217230636,-41.41943790508894
4958,24.0,147.371691518751,-42.28361720841191
4959,24.0,146.62788646350003,-42.2647525874454
4960,,146.35120535599123,-41.410454752247745
4961,24.0,148.22688766923278,-41.062806737293485
4962,24.0,144.9103076402635,-40.895720094447256
4963,22.0,147.2486223248266,-41.144553428148356
4964,24.0,146.5551229254864,-42.73457148103991
4965,24.0,146.62608983293183,-43.53047882276981
4966,24.0,144.84203567867047,-41.47603176798846
4967,24.0,147.53518490046076,-41.2658259915045
4968,24.0,145.37294001158506,-41.94585066158298
4969,,147.96727455212226,-42.86662382780548
4970,24.0,145.387313056131,-40.856194221946
4971,,146.30000138479642,-41.31253838627872
4972,,145.19417527004532,-41.68354259862008
4973,24.0,147.8253407372314,-42.26654921801364
4974,24.0,145.07110607612094,-41.22540180371912
4975,24.0,146.289221601387,-42.2279216607965
4976,24.0,146.65663255259187,-41.36014909633704
4977,24.0,144.95342677390124,-41.47154019156787
4978,,147.88642617655148,-42.17671768960169
4979,,146.26047551229516,-41.21911359673028
4980,24.0,145.2696337539113,-41.70600048072306
4981,24.0,146.25239067473808,-42.19109073414761
4982,18.0,145.04505493288144,-41.02507749536046
4983,24.0,146.60722521196533,-42.544128640806576
4984,24.0,146.4086975341749,-42.85494572911193
4985,24.0,144.97139307958366,-41.679051022199474
4986,24.0,145.21483652158003,-41.710492057143654
4987,,147.7444923616606,-41.66288134708533
4988,24.0,145.07739428310975,-41.7769673881685
4989,24.0,146.92882208368007,-41.37452214088296
4990,24.0,147.4633196777312,-41.40686149111126
4991,24.0,146.55063134906578,-42.2324132372171
4992,,146.59644542855585,-42.243193020626535
4993,,148.01847852331707,-41.113112393204176
4994,3.0,144.86000198435283,-41.48411660554554
4995,24.0,146.50481726957565,-41.30535186400576
4996,24.0,146.3296457891724,-43.34542587424119
4997,24.0,146.69436179452492,-41.357454150484685
4998,24.0,144.9228840542412,-41.48142165969318
4999,24.0,144.78544181577092,-40.997229721552756
5000,24.0,146.90905914742945,-42.815419856610674
5001,,147.8406120970614,-42.26744753329777
5002,24.0,145.98379440478635,-43.263679183386316
5003,24.0,147.88822280711975,-42.17132779789698
